"agency","Program Name","Fiscal_Year"
"CFTC","Operations and Administration","2022"
"CFTC","Whistleblower Payments","2022"
"CNCS","AmeriCorps National Civilian Community Corps (NCCC)","2021"
"CNCS","AmeriCorps National Civilian Community Corps (NCCC)","2022"
"CNCS","AmeriCorps State and National","2021"
"CNCS","AmeriCorps State and National","2022"
"CNCS","AmeriCorps State and National","2023"
"CNCS","AmeriCorps State and National","2024"
"CNCS","AmeriCorps State and National","2025"
"CNCS","AmeriCorps State Service Commission Grants","2021"
"CNCS","AmeriCorps State Service Commission Grants","2022"
"CNCS","AmeriCorps Volunteers in Service to America (VISTA)","2021"
"CNCS","AmeriCorps Volunteers in Service to America (VISTA)","2022"
"CNCS","National Service Trust","2021"
"CNCS","National Service Trust","2022"
"CNCS","National Service Trust","2024"
"CNCS","Office of Human Capital (Payroll)","2021"
"CNCS","Office of Human Capital (Payroll)","2022"
"CNCS","Office of Procurement Services","2021"
"CNCS","Office of Procurement Services","2022"
"CNCS","The Foster Grandparent Program (FGP)","2021"
"CNCS","The Foster Grandparent Program (FGP)","2022"
"CNCS","The Foster Grandparent Program (FGP)","2023"
"CNCS","The Foster Grandparent Program (FGP)","2024"
"CNCS","The Foster Grandparent Program (FGP)","2025"
"CNCS","The Retired and Senior Volunteer Program (RSVP)","2021"
"CNCS","The Retired and Senior Volunteer Program (RSVP)","2022"
"CNCS","The Senior Companion Program (SCP)","2021"
"CNCS","The Senior Companion Program (SCP)","2022"
"CNCS","The Senior Companion Program (SCP)","2023"
"CPSC","Payroll - CPSC","2021"
"CPSC","Payroll - CPSC","2022"
"CPSC","Virginia Graeme Baker Pool and Spa Safety Grants","2021"
"CPSC","Virginia Graeme Baker Pool and Spa Safety Grants","2022"
"CSOSA","Accountability","2022"
"CSOSA","Integration","2022"
"DHS","Countering Weapons of Mass Destruction","2021"
"DHS","Countering Weapons of Mass Destruction Office (CWMD) - Chemical and Biological Readiness: Biological","2021"
"DHS","Countering Weapons of Mass Destruction Office (CWMD) - Chemical and Biological Readiness: Biological","2022"
"DHS","Countering Weapons of Mass Destruction Office (CWMD) - Health and Medical Readiness","2021"
"DHS","Countering Weapons of Mass Destruction Office (CWMD) - Health and Medical Readiness","2022"
"DHS","Countering Weapons of Mass Destruction Office (CWMD) - Integrated Operations","2021"
"DHS","Countering Weapons of Mass Destruction Office (CWMD) - Integrated Operations","2022"
"DHS","Countering Weapons of Mass Destruction Office (CWMD) - Mission Support","2021"
"DHS","Countering Weapons of Mass Destruction Office (CWMD) - Mission Support","2022"
"DHS","Countering Weapons of Mass Destruction Office - Homeland Security Biowatch Program","2021"
"DHS","Countering Weapons of Mass Destruction Office - Homeland Security Biowatch Program","2022"
"DHS","Countering Weapons of Mass Destruction Office - National Nuclear Forensics Expertise Development Program","2021"
"DHS","Countering Weapons of Mass Destruction Office - National Nuclear Forensics Expertise Development Program","2022"
"DHS","Countering Weapons of Mass Destruction Office - Operations & Support","2021"
"DHS","Countering Weapons of Mass Destruction Office - Operations & Support","2022"
"DHS","Countering Weapons of Mass Destruction Office - Procurement, Construction, and Improvement","2021"
"DHS","Countering Weapons of Mass Destruction Office - Procurement, Construction, and Improvement","2022"
"DHS","Customs and Border Protection","2021"
"DHS","Cybersecurity and Infrastructure Security Agency","2021"
"DHS","Cybersecurity and Infrastructure Security Agency - Cyber Defense Education and Training","2021"
"DHS","Cybersecurity and Infrastructure Security Agency - Cyber Defense Education and Training","2022"
"DHS","Cybersecurity and Infrastructure Security Agency - Payroll","2021"
"DHS","Cybersecurity and Infrastructure Security Agency - Payroll","2022"
"DHS","Federal Emergency Management Agency","2021"
"DHS","Federal Emergency Management Agency (FEMA) - American Red Cross","2021"
"DHS","Federal Emergency Management Agency (FEMA) - American Red Cross","2022"
"DHS","Federal Emergency Management Agency (FEMA) - American Red Cross - Disaster Supplemental Funds","2021"
"DHS","Federal Emergency Management Agency (FEMA) - American Red Cross - Disaster Supplemental Funds","2022"
"DHS","Federal Emergency Management Agency (FEMA) - Case Management","2021"
"DHS","Federal Emergency Management Agency (FEMA) - Case Management","2022"
"DHS","Federal Emergency Management Agency (FEMA) - Commercial Bill of Lading - Disaster Supplemental Funds","2021"
"DHS","Federal Emergency Management Agency (FEMA) - Commercial Bill of Lading - Disaster Supplemental Funds","2022"
"DHS","Federal Emergency Management Agency (FEMA) - Disaster Case Management - Disaster Supplemental Funds","2021"
"DHS","Federal Emergency Management Agency (FEMA) - Disaster Case Management - Disaster Supplemental Funds","2022"
"DHS","Federal Emergency Management Agency (FEMA) - Disaster Direct Loan Program","2021"
"DHS","Federal Emergency Management Agency (FEMA) - Disaster Direct Loan Program","2022"
"DHS","Federal Emergency Management Agency (FEMA) - Disaster Relief Fund (DRF): Individuals and Households Program - Disaster Supplemental Funds","2021"
"DHS","Federal Emergency Management Agency (FEMA) - Disaster Relief Fund (DRF): Individuals and Households Program - Disaster Supplemental Funds","2022"
"DHS","Federal Emergency Management Agency (FEMA) - Emergency Management Baseline Assessment Grant Program","2021"
"DHS","Federal Emergency Management Agency (FEMA) - Emergency Management Baseline Assessment Grant Program","2022"
"DHS","Federal Emergency Management Agency (FEMA) - Federal Insurance & Mitigation Administration: Non-Claims","2021"
"DHS","Federal Emergency Management Agency (FEMA) - Federal Insurance & Mitigation Administration: Non-Claims","2022"
"DHS","Federal Emergency Management Agency (FEMA) - Fleet Card","2021"
"DHS","Federal Emergency Management Agency (FEMA) - Fleet Card","2022"
"DHS","Federal Emergency Management Agency (FEMA) - Fleet Card - Disaster Supplemental Funds","2021"
"DHS","Federal Emergency Management Agency (FEMA) - Fleet Card - Disaster Supplemental Funds","2022"
"DHS","Federal Emergency Management Agency (FEMA) - FRM Risk Map","2021"
"DHS","Federal Emergency Management Agency (FEMA) - FRM Risk Map","2022"
"DHS","Federal Emergency Management Agency (FEMA) - FRM Risk Map - Disaster Supplemental Funds","2021"
"DHS","Federal Emergency Management Agency (FEMA) - FRM Risk Map - Disaster Supplemental Funds","2022"
"DHS","Federal Emergency Management Agency (FEMA) - Homeland Security Preparedness Technical Assistance Program","2021"
"DHS","Federal Emergency Management Agency (FEMA) - Homeland Security Preparedness Technical Assistance Program","2022"
"DHS","Federal Emergency Management Agency (FEMA) - Intercity Bus Security Grant Program","2021"
"DHS","Federal Emergency Management Agency (FEMA) - Intercity Bus Security Grant Program","2022"
"DHS","Federal Emergency Management Agency (FEMA) - Intragovernmental Personnel Act (IPA)","2021"
"DHS","Federal Emergency Management Agency (FEMA) - Intragovernmental Personnel Act (IPA)","2022"
"DHS","Federal Emergency Management Agency (FEMA) - Lost Wages","2021"
"DHS","Federal Emergency Management Agency (FEMA) - Lost Wages","2022"
"DHS","Federal Emergency Management Agency (FEMA) - National Dam Safety Program","2021"
"DHS","Federal Emergency Management Agency (FEMA) - National Dam Safety Program","2022"
"DHS","Federal Emergency Management Agency (FEMA) - National Earthquake Hazards Reduction Program","2021"
"DHS","Federal Emergency Management Agency (FEMA) - National Earthquake Hazards Reduction Program","2022"
"DHS","Federal Emergency Management Agency (FEMA) - National Incident Management System","2021"
"DHS","Federal Emergency Management Agency (FEMA) - National Incident Management System","2022"
"DHS","Federal Emergency Management Agency (FEMA) - Purchase Card - Disaster Supplemental Funds","2021"
"DHS","Federal Emergency Management Agency (FEMA) - Purchase Card - Disaster Supplemental Funds","2022"
"DHS","Federal Emergency Management Agency (FEMA) - Reinsurance","2021"
"DHS","Federal Emergency Management Agency (FEMA) - Reinsurance","2022"
"DHS","Federal Emergency Management Agency (FEMA) - Travel - Disaster Supplemental Funds","2021"
"DHS","Federal Emergency Management Agency (FEMA) - Travel - Disaster Supplemental Funds","2022"
"DHS","Federal Emergency Management Agency (FEMA) - Urban Search and Rescue - Disaster Supplemental Funds","2021"
"DHS","Federal Emergency Management Agency (FEMA) - Urban Search and Rescue - Disaster Supplemental Funds","2022"
"DHS","Federal Emergency Management Agency - Assistance to Firefighter Grants","2021"
"DHS","Federal Emergency Management Agency - Assistance to Firefighter Grants","2022"
"DHS","Federal Emergency Management Agency - Assistance to Firefighter Grants: Fire Prevention Program","2021"
"DHS","Federal Emergency Management Agency - Assistance to Firefighter Grants: Fire Prevention Program","2022"
"DHS","Federal Emergency Management Agency - Assistance to Firefighter Grants: Staffing for Adequate Fire and Emergency Response Program","2021"
"DHS","Federal Emergency Management Agency - Assistance to Firefighter Grants: Staffing for Adequate Fire and Emergency Response Program","2022"
"DHS","Federal Emergency Management Agency - Case Management","2021"
"DHS","Federal Emergency Management Agency - Case Management","2022"
"DHS","Federal Emergency Management Agency - Commercial Bill of Lading","2021"
"DHS","Federal Emergency Management Agency - Commercial Bill of Lading","2022"
"DHS","Federal Emergency Management Agency - Disaster Case Management","2021"
"DHS","Federal Emergency Management Agency - Disaster Case Management","2022"
"DHS","Federal Emergency Management Agency - Disaster Relief Fund: Individuals and Households Program","2021"
"DHS","Federal Emergency Management Agency - Disaster Relief Fund: Individuals and Households Program","2022"
"DHS","Federal Emergency Management Agency - Emergency Food & Shelter Program","2021"
"DHS","Federal Emergency Management Agency - Emergency Food & Shelter Program","2022"
"DHS","Federal Emergency Management Agency - Emergency Management Performance Grants","2021"
"DHS","Federal Emergency Management Agency - Emergency Management Performance Grants","2022"
"DHS","Federal Emergency Management Agency - Federal Insurance & Mitigation Administration: Claims and Non-Claims","2021"
"DHS","Federal Emergency Management Agency - Federal Insurance & Mitigation Administration: Claims and Non-Claims","2022"
"DHS","Federal Emergency Management Agency - Federal Insurance & Mitigation Administration: Grants","2021"
"DHS","Federal Emergency Management Agency - Federal Insurance & Mitigation Administration: Grants","2022"
"DHS","Federal Emergency Management Agency - Flood Hazard Map and Risk Analysis Program","2021"
"DHS","Federal Emergency Management Agency - Flood Hazard Map and Risk Analysis Program","2022"
"DHS","Federal Emergency Management Agency - Funeral Assistance","2022"
"DHS","Federal Emergency Management Agency - Funeral Assistance","2024"
"DHS","Federal Emergency Management Agency - Funeral Assistance","2025"
"DHS","Federal Emergency Management Agency - Hazard Mitigation Grant Program","2021"
"DHS","Federal Emergency Management Agency - Hazard Mitigation Grant Program","2022"
"DHS","Federal Emergency Management Agency - Hazard Mitigation Grant Program - Disaster Supplemental Funds","2021"
"DHS","Federal Emergency Management Agency - Hazard Mitigation Grant Program - Disaster Supplemental Funds","2022"
"DHS","Federal Emergency Management Agency - Hazard Mitigation Grant Program - Disaster Supplemental Funds","2023"
"DHS","Federal Emergency Management Agency - Nonprofit Security Grant Program","2021"
"DHS","Federal Emergency Management Agency - Nonprofit Security Grant Program","2022"
"DHS","Federal Emergency Management Agency - Payroll","2021"
"DHS","Federal Emergency Management Agency - Payroll","2022"
"DHS","Federal Emergency Management Agency - Payroll - Disaster Supplemental Funds","2021"
"DHS","Federal Emergency Management Agency - Payroll - Disaster Supplemental Funds","2022"
"DHS","Federal Emergency Management Agency - Port Security Grant Program","2021"
"DHS","Federal Emergency Management Agency - Port Security Grant Program","2022"
"DHS","Federal Emergency Management Agency - Pre-Disaster Mitigation","2021"
"DHS","Federal Emergency Management Agency - Pre-Disaster Mitigation","2022"
"DHS","Federal Emergency Management Agency - Public Assistance","2021"
"DHS","Federal Emergency Management Agency - Public Assistance","2022"
"DHS","Federal Emergency Management Agency - Public Assistance - Validate as You Go","2021"
"DHS","Federal Emergency Management Agency - Public Assistance - Validate as You Go","2022"
"DHS","Federal Emergency Management Agency - Public Assistance - Validate as You Go","2024"
"DHS","Federal Emergency Management Agency - Public Assistance - Validate as You Go","2025"
"DHS","Federal Emergency Management Agency - Purchase Card","2021"
"DHS","Federal Emergency Management Agency - Purchase Card","2022"
"DHS","Federal Emergency Management Agency - Training Grants","2021"
"DHS","Federal Emergency Management Agency - Training Grants","2022"
"DHS","Federal Emergency Management Agency - Transit Security Grant Program","2021"
"DHS","Federal Emergency Management Agency - Transit Security Grant Program","2022"
"DHS","Federal Emergency Management Agency - Travel","2021"
"DHS","Federal Emergency Management Agency - Travel","2022"
"DHS","Federal Emergency Management Agency - Urban Search and Rescue","2021"
"DHS","Federal Emergency Management Agency - Urban Search and Rescue","2022"
"DHS","Federal Emergency Management Agency - Vendor Pay","2021"
"DHS","Federal Emergency Management Agency - Vendor Pay","2022"
"DHS","Federal Emergency Management Agency - Vendor Pay - Disaster Supplemental Funds","2021"
"DHS","Federal Emergency Management Agency - Vendor Pay - Disaster Supplemental Funds","2022"
"DHS","Federal Emergency Management Agency – United States Fire Administration","2021"
"DHS","Federal Emergency Management Agency – United States Fire Administration","2022"
"DHS","Federal Law Enforcement Training Centers","2021"
"DHS","Federal Law Enforcement Training Centers (FLETC) - Law Enforcement Training (LET) - Disaster Supplemental Funds","2021"
"DHS","Federal Law Enforcement Training Centers (FLETC) - Law Enforcement Training (LET) - Disaster Supplemental Funds","2022"
"DHS","Federal Law Enforcement Training Centers - Law Enforcement Training","2021"
"DHS","Federal Law Enforcement Training Centers - Law Enforcement Training","2022"
"DHS","Federal Law Enforcement Training Centers - Mission Support","2021"
"DHS","Federal Law Enforcement Training Centers - Mission Support","2022"
"DHS","Immigration and Customs Enforcement","2021"
"DHS","Immigration and Customs Enforcement (ICE) - Debit Card","2021"
"DHS","Immigration and Customs Enforcement (ICE) - Debit Card","2022"
"DHS","Immigration and Customs Enforcement (ICE) - Operations & Support - Disaster Supplemental Funds","2021"
"DHS","Immigration and Customs Enforcement (ICE) - Operations & Support - Disaster Supplemental Funds","2022"
"DHS","Immigration and Customs Enforcement (ICE) - Procurements, Construction, and Improvement - Disaster Supplemental Funds","2021"
"DHS","Immigration and Customs Enforcement (ICE) - Procurements, Construction, and Improvement - Disaster Supplemental Funds","2022"
"DHS","Immigration and Customs Enforcement (ICE) - Servicewide Agreements","2021"
"DHS","Immigration and Customs Enforcement (ICE) - Servicewide Agreements","2022"
"DHS","Immigration and Customs Enforcement - Coronavirus Aid, Relief, and Economic Security Act Funds","2021"
"DHS","Immigration and Customs Enforcement - Coronavirus Aid, Relief, and Economic Security Act Funds","2022"
"DHS","Immigration and Customs Enforcement - Enforcement and Removal Operations","2021"
"DHS","Immigration and Customs Enforcement - Enforcement and Removal Operations","2022"
"DHS","Immigration and Customs Enforcement - Fleet Card","2021"
"DHS","Immigration and Customs Enforcement - Fleet Card","2022"
"DHS","Immigration and Customs Enforcement - Homeland Security Investigations","2021"
"DHS","Immigration and Customs Enforcement - Homeland Security Investigations","2022"
"DHS","Immigration and Customs Enforcement - Management","2021"
"DHS","Immigration and Customs Enforcement - Management","2022"
"DHS","Immigration and Customs Enforcement - Office of the Assistant Secretary","2021"
"DHS","Immigration and Customs Enforcement - Office of the Assistant Secretary","2022"
"DHS","Immigration and Customs Enforcement - Payroll","2021"
"DHS","Immigration and Customs Enforcement - Payroll","2022"
"DHS","Immigration and Customs Enforcement - Procurement, Construction, and Improvements - Disaster Supplemental Funds","2025"
"DHS","Immigration and Customs Enforcement - Purchase Card","2021"
"DHS","Immigration and Customs Enforcement - Purchase Card","2022"
"DHS","Immigration and Customs Enforcement - Travel","2021"
"DHS","Immigration and Customs Enforcement - Travel","2022"
"DHS","Management Directorate","2021"
"DHS","Management Directorate - Federal Protective Service","2021"
"DHS","Management Directorate - Federal Protective Service","2022"
"DHS","Management Directorate - Management & Administration","2021"
"DHS","Management Directorate - Management & Administration","2022"
"DHS","Office of Inspector General (OIG) - Audits, Inspections, & Investigations - Disaster Supplemental Funds","2021"
"DHS","Office of Inspector General (OIG) - Audits, Inspections, & Investigations - Disaster Supplemental Funds","2022"
"DHS","Office of Inspector General - Audits, Inspections, & Investigations","2021"
"DHS","Office of Inspector General - Audits, Inspections, & Investigations","2022"
"DHS","Office of Intelligence, Analysis, and Operations","2021"
"DHS","Office of Intelligence, Analysis, and Situational Awareness - Analysis and Operations","2021"
"DHS","Office of Intelligence, Analysis, and Situational Awareness - Analysis and Operations","2022"
"DHS","Office of the Inspector General","2021"
"DHS","Science and Technology Directorate","2021"
"DHS","Science and Technology Directorate - Procurement","2021"
"DHS","Science and Technology Directorate - Procurement","2022"
"DHS","Transportation and Security Administration","2021"
"DHS","Transportation Security Administration (TSA) - Operations & Support: Aviation Screening Operations - Disaster Supplemental Funds","2021"
"DHS","Transportation Security Administration (TSA) - Operations & Support: Aviation Screening Operations - Disaster Supplemental Funds","2022"
"DHS","Transportation Security Administration (TSA) - Operations & Support: Other Operations and Enforcement - Disaster Supplemental Funds","2021"
"DHS","Transportation Security Administration (TSA) - Operations & Support: Other Operations and Enforcement - Disaster Supplemental Funds","2022"
"DHS","Transportation Security Administration (TSA) - Payroll, Compensation, & Benefits - Disaster Supplemental Funds","2022"
"DHS","Transportation Security Administration (TSA) - Procurement, Construction, and Improvements: Mission Support Infrastructure","2022"
"DHS","Transportation Security Administration (TSA) - Procurement, Construction, and Improvements: Other Operations and Enforcement","2022"
"DHS","Transportation Security Administration - Operations & Support: Aviation Screening Operations","2022"
"DHS","Transportation Security Administration - Operations & Support: Mission Support","2021"
"DHS","Transportation Security Administration - Operations & Support: Mission Support","2022"
"DHS","Transportation Security Administration - Operations & Support: Other Operations and Enforcement","2021"
"DHS","Transportation Security Administration - Operations & Support: Other Operations and Enforcement","2022"
"DHS","Transportation Security Administration - Payroll, Compensation, & Benefits","2022"
"DHS","Transportation Security Administration - Procurement, Construction, and Improvements: Aviation Screening Infrastructure","2022"
"DHS","Transportation Security Administration - Research & Development","2021"
"DHS","Transportation Security Administration - Research & Development","2022"
"DHS","U.S. Citizenship and Immigration Services (USCIS) - Administration","2021"
"DHS","U.S. Citizenship and Immigration Services (USCIS) - Administration","2022"
"DHS","U.S. Citizenship and Immigration Services (USCIS) - Employment Status Verifications (E-Verify) Three Year","2021"
"DHS","U.S. Citizenship and Immigration Services (USCIS) - Employment Status Verifications (E-Verify) Three Year","2022"
"DHS","U.S. Citizenship and Immigration Services (USCIS) - Information Customer Services","2021"
"DHS","U.S. Citizenship and Immigration Services (USCIS) - Information Customer Services","2022"
"DHS","U.S. Citizenship and Immigration Services (USCIS) - Systemic Alien Verification for Entitlements (SAVE)","2021"
"DHS","U.S. Citizenship and Immigration Services (USCIS) - Systemic Alien Verification for Entitlements (SAVE)","2022"
"DHS","U.S. Customs and Border Protection (CBP) - Automation and Modernization","2021"
"DHS","U.S. Customs and Border Protection (CBP) - Automation and Modernization","2022"
"DHS","U.S. Customs and Border Protection (CBP) - Miscellaneous","2021"
"DHS","U.S. Customs and Border Protection (CBP) - Miscellaneous","2022"
"DHS","U.S. Customs and Border Protection (CBP) - Operations & Support - Disaster Supplemental Funds","2021"
"DHS","U.S. Customs and Border Protection (CBP) - Operations & Support - Disaster Supplemental Funds","2022"
"DHS","U.S. Customs and Border Protection (CBP) - Operations and Maintenance","2021"
"DHS","U.S. Customs and Border Protection (CBP) - Operations and Maintenance","2022"
"DHS","U.S. Secret Service (USSS) - Administration","2021"
"DHS","U.S. Secret Service (USSS) - Administration","2022"
"DHS","U.S. Secret Service (USSS) - Research & Development","2021"
"DHS","U.S. Secret Service (USSS) - Research & Development","2022"
"DHS","United States Citizenship and Immigration Services","2021"
"DHS","United States Citizenship and Immigration Services - Citizenship and Integration: Education and Training","2021"
"DHS","United States Citizenship and Immigration Services - Citizenship and Integration: Education and Training","2022"
"DHS","United States Citizenship and Immigration Services - Employment Status Verifications (E-Verify)","2021"
"DHS","United States Citizenship and Immigration Services - Employment Status Verifications (E-Verify)","2022"
"DHS","United States Citizenship and Immigration Services - Operation Allies Welcome Airport Assistance Grant","2021"
"DHS","United States Citizenship and Immigration Services - Operation Allies Welcome Airport Assistance Grant","2022"
"DHS","United States Coast Guard","2021"
"DHS","United States Coast Guard (USCG) - Environmental Compliance & Restoration (EC&R)","2021"
"DHS","United States Coast Guard (USCG) - Environmental Compliance & Restoration (EC&R)","2022"
"DHS","United States Coast Guard (USCG) - Environmental Compliance & Restoration (EC&R) - Disaster Supplemental Funds","2021"
"DHS","United States Coast Guard (USCG) - Environmental Compliance & Restoration (EC&R) - Disaster Supplemental Funds","2022"
"DHS","United States Coast Guard (USCG) - Reserve Training","2021"
"DHS","United States Coast Guard (USCG) - Reserve Training","2022"
"DHS","United States Coast Guard - Aviation Logistics Command","2021"
"DHS","United States Coast Guard - Aviation Logistics Command","2022"
"DHS","United States Coast Guard - Aviation Logistics Command - Disaster Supplemental Funds","2021"
"DHS","United States Coast Guard - Aviation Logistics Command - Disaster Supplemental Funds","2022"
"DHS","United States Coast Guard - Coast Guard Boat Safety","2021"
"DHS","United States Coast Guard - Coast Guard Boat Safety","2022"
"DHS","United States Coast Guard - Gift Fund","2021"
"DHS","United States Coast Guard - Gift Fund","2022"
"DHS","United States Coast Guard - Maritime Oil Spill Program","2021"
"DHS","United States Coast Guard - Maritime Oil Spill Program","2022"
"DHS","United States Coast Guard - Operations & Support","2021"
"DHS","United States Coast Guard - Operations & Support","2022"
"DHS","United States Coast Guard - Operations & Support - Disaster Supplemental Funds","2021"
"DHS","United States Coast Guard - Operations & Support - Disaster Supplemental Funds","2022"
"DHS","United States Coast Guard - Payroll: Civilian","2021"
"DHS","United States Coast Guard - Payroll: Civilian","2022"
"DHS","United States Coast Guard - Payroll: Military","2021"
"DHS","United States Coast Guard - Payroll: Military","2022"
"DHS","United States Coast Guard - Procurement, Construction, & Improvement","2021"
"DHS","United States Coast Guard - Procurement, Construction, & Improvement","2022"
"DHS","United States Coast Guard - Procurements, Construction, and Improvement - Disaster Supplemental Funds","2021"
"DHS","United States Coast Guard - Procurements, Construction, and Improvement - Disaster Supplemental Funds","2022"
"DHS","United States Coast Guard - Research & Development","2021"
"DHS","United States Coast Guard - Research & Development","2022"
"DHS","United States Coast Guard - Retired Pay","2021"
"DHS","United States Coast Guard - Retired Pay","2022"
"DHS","United States Coast Guard - Supply Fund","2021"
"DHS","United States Coast Guard - Supply Fund","2022"
"DHS","United States Coast Guard - Surface Forces Logistics Command","2021"
"DHS","United States Coast Guard - Surface Forces Logistics Command","2022"
"DHS","United States Coast Guard - Surface Forces Logistics Command - Disaster Supplemental Funds","2021"
"DHS","United States Coast Guard - Surface Forces Logistics Command - Disaster Supplemental Funds","2022"
"DHS","United States Coast Guard - Yard Fund","2021"
"DHS","United States Coast Guard - Yard Fund","2022"
"DHS","United States Customs and Border Protection - Border Security Fencing","2021"
"DHS","United States Customs and Border Protection - Border Security Fencing","2022"
"DHS","United States Customs and Border Protection - Operations and Support","2021"
"DHS","United States Customs and Border Protection - Operations and Support","2022"
"DHS","United States Customs and Border Protection - PR and VI Programs","2021"
"DHS","United States Customs and Border Protection - PR and VI Programs","2022"
"DHS","United States Customs and Border Protection - Procurement, Construction, and Improvements","2021"
"DHS","United States Customs and Border Protection - Procurement, Construction, and Improvements","2022"
"DHS","United States Customs and Border Protection - Procurement, Construction, and Improvements - Disaster Supplemental Funds","2021"
"DHS","United States Customs and Border Protection - Procurement, Construction, and Improvements - Disaster Supplemental Funds","2022"
"DHS","United States Customs and Border Protection - Procurement, Construction, and Improvements - Disaster Supplemental Funds","2023"
"DHS","United States Customs and Border Protection - Procurement, Construction, and Improvements - Disaster Supplemental Funds","2024"
"DHS","United States Customs and Border Protection - Refund and Drawback","2021"
"DHS","United States Customs and Border Protection - Refund and Drawback","2022"
"DHS","United States Secret Service","2021"
"DHS","United States Secret Service - Contribution for Annuity Benefits","2021"
"DHS","United States Secret Service - Contribution for Annuity Benefits","2022"
"DHS","United States Secret Service - Field Operations","2021"
"DHS","United States Secret Service - Field Operations","2022"
"DHS","United States Secret Service - Procurement, Construction, & Improvement","2021"
"DHS","United States Secret Service - Procurement, Construction, & Improvement","2022"
"DHS","United States Secret Service - Protection","2021"
"DHS","United States Secret Service - Protection","2022"
"DHS","United States Secret Service - Training","2021"
"DHS","United States Secret Service - Training","2022"
"DNFSB","Salaries and Expenses (Direct)","2022"
"DOC","Bureau of Economic Analysis (BEA)","2021"
"DOC","Bureau of Economic Analysis (BEA)","2022"
"DOC","Bureau of Industry and Security (BIS)","2021"
"DOC","Bureau of Industry and Security (BIS) - Dual Use Export Administration and Enforcement","2021"
"DOC","Bureau of Industry and Security (BIS) - Dual Use Export Administration and Enforcement","2022"
"DOC","Census Bureau","2021"
"DOC","Census Bureau - Current Demographic Statistics","2021"
"DOC","Census Bureau - Current Demographic Statistics","2022"
"DOC","Census Bureau - Current Economic Statistics","2021"
"DOC","Census Bureau - Current Economic Statistics","2022"
"DOC","Census Bureau - Decennial Census","2021"
"DOC","Census Bureau - Decennial Census","2022"
"DOC","Census Bureau - EDCADS-Census Enterprise Data Collection and Processing","2021"
"DOC","Census Bureau - Enterprise Data Capture and Dissemination System (EDCADS) - Census Personnel and Employment Check Systems","2021"
"DOC","Census Bureau - Enterprise Data Capture and Dissemination System (EDCADS) - Census Personnel and Employment Check Systems","2022"
"DOC","Census Bureau - Enterprise Data Capture and Dissemination System (EDCADS) - Enterprise Dissemination Services","2021"
"DOC","Census Bureau - Enterprise Data Capture and Dissemination System (EDCADS) - Enterprise Dissemination Services","2022"
"DOC","Census Bureau - Enterprise Data Collection and Dissemination System (EDCADS) - Administrative Records Research and Integration","2021"
"DOC","Census Bureau - Enterprise Data Collection and Dissemination System (EDCADS) - Administrative Records Research and Integration","2022"
"DOC","Census Bureau - Geographic Support","2021"
"DOC","Census Bureau - Geographic Support","2022"
"DOC","Census Bureau - Periodic Economic Statistics","2021"
"DOC","Census Bureau - Periodic Economic Statistics","2022"
"DOC","Census Bureau - State Children's Health Insurance Program","2021"
"DOC","Census Bureau - State Children's Health Insurance Program","2022"
"DOC","Census Bureau - Survey of Program Dynamics","2021"
"DOC","Census Bureau - Survey of Program Dynamics","2022"
"DOC","Census Bureau - Working Capital Fund","2021"
"DOC","Census Bureau - Working Capital Fund","2022"
"DOC","Economic Development Administration (EDA)","2021"
"DOC","Economic Development Administration (EDA) - Grants","2021"
"DOC","Economic Development Administration (EDA) - Grants","2022"
"DOC","Economic Development Administration (EDA) - Salaries and Expenses","2021"
"DOC","Economic Development Administration (EDA) - Salaries and Expenses","2022"
"DOC","Internation Trade Administration (ITA)","2021"
"DOC","International Trade Administration (ITA) - Enforcement and Compliance","2021"
"DOC","International Trade Administration (ITA) - Enforcement and Compliance","2022"
"DOC","International Trade Administration (ITA) - Executive Direction and Administration","2021"
"DOC","International Trade Administration (ITA) - Executive Direction and Administration","2022"
"DOC","International Trade Administration (ITA) - Global Markets","2021"
"DOC","International Trade Administration (ITA) - Global Markets","2022"
"DOC","International Trade Administration (ITA) - Industry and Analysis","2021"
"DOC","International Trade Administration (ITA) - Industry and Analysis","2022"
"DOC","Minority Business Development Agency (MBDA)","2021"
"DOC","Minority Business Development Agency (MBDA) - Minority Business Development and Advocacy","2021"
"DOC","Minority Business Development Agency (MBDA) - Minority Business Development and Advocacy","2022"
"DOC","Minority Business Development Agency (MBDA) - Minority Business Development Grants","2021"
"DOC","Minority Business Development Agency (MBDA) - Minority Business Development Grants","2022"
"DOC","National Institute of Standards and Technology (NIST)","2021"
"DOC","National Institute of Standards and Technology (NIST) - Contracts/Purchase Orders","2021"
"DOC","National Institute of Standards and Technology (NIST) - Contracts/Purchase Orders","2022"
"DOC","National Institute of Standards and Technology (NIST) - Grants","2021"
"DOC","National Institute of Standards and Technology (NIST) - Grants","2022"
"DOC","National Institute of Standards and Technology (NIST) - Interagency Agreements/Other/Miscellaneous","2021"
"DOC","National Institute of Standards and Technology (NIST) - Interagency Agreements/Other/Miscellaneous","2022"
"DOC","National Institute of Standards and Technology (NIST) - Payments to Employees","2021"
"DOC","National Institute of Standards and Technology (NIST) - Payments to Employees","2022"
"DOC","National Institute of Standards and Technology (NIST) - Purchase Card","2021"
"DOC","National Institute of Standards and Technology (NIST) - Purchase Card","2022"
"DOC","National Oceanic and Atmospheric Administration (NOAA)","2021"
"DOC","National Oceanic and Atmospheric Administration (NOAA) - Grants","2021"
"DOC","National Oceanic and Atmospheric Administration (NOAA) - Grants","2022"
"DOC","National Oceanic and Atmospheric Administration (NOAA) - Labor and Payments to Employees","2021"
"DOC","National Oceanic and Atmospheric Administration (NOAA) - Labor and Payments to Employees","2022"
"DOC","National Oceanic and Atmospheric Administration (NOAA) - Loans, IPACs, Other","2021"
"DOC","National Oceanic and Atmospheric Administration (NOAA) - Loans, IPACs, Other","2022"
"DOC","National Oceanic and Atmospheric Administration (NOAA) - Purchase Orders and Contracts","2021"
"DOC","National Oceanic and Atmospheric Administration (NOAA) - Purchase Orders and Contracts","2022"
"DOC","National Technical Information Service (NTIS)","2021"
"DOC","National Technical Information Service (NTIS) - (Collect and Disseminate Technical Information - Clearinghouse Program)","2021"
"DOC","National Technical Information Service (NTIS) - (Collect and Disseminate Technical Information - Clearinghouse Program)","2022"
"DOC","National Telecommunications and Information Administration (NTIA)","2021"
"DOC","National Telecommunications and Information Administration (NTIA) - Broadband Infrastructure Program & Tribal Broadband Connectivity Program","2022"
"DOC","National Telecommunications and Information Administration (NTIA) - Broadband Technology Opportunities Program","2021"
"DOC","National Telecommunications and Information Administration (NTIA) - Broadband Technology Opportunities Program","2022"
"DOC","National Telecommunications and Information Administration (NTIA) - Connecting Minority Communities Pilot Program","2022"
"DOC","National Telecommunications and Information Administration (NTIA) - Digital Television Transition and Public Safety Fund, excluding TV Converter Box Coupon Program and Public Safety Interoperable Communications","2021"
"DOC","National Telecommunications and Information Administration (NTIA) - Digital Television Transition and Public Safety Fund, excluding TV Converter Box Coupon Program and Public Safety Interoperable Communications","2022"
"DOC","National Telecommunications and Information Administration (NTIA) - Domestic and International Policies and Advanced Communications Research; Spectrum Management; Public Safety Communications","2021"
"DOC","National Telecommunications and Information Administration (NTIA) - Domestic and International Policies and Advanced Communications Research; Spectrum Management; Public Safety Communications","2022"
"DOC","National Telecommunications and Information Administration (NTIA) - First Responder Network Authority","2021"
"DOC","National Telecommunications and Information Administration (NTIA) - First Responder Network Authority","2022"
"DOC","National Telecommunications and Information Administration (NTIA) - Non-FirstNet Activity included in a) Public Safety Trust Fund; and b) Network Construction Fund","2021"
"DOC","National Telecommunications and Information Administration (NTIA) - Non-FirstNet Activity included in a) Public Safety Trust Fund; and b) Network Construction Fund","2022"
"DOC","National Telecommunications and Information Administration (NTIA) - Public Telecommunications Facilities Program","2021"
"DOC","National Telecommunications and Information Administration (NTIA) - Public Telecommunications Facilities Program","2022"
"DOC","National Telecommunications and Information Administration (NTIA) - State and Local Grant Implementation Program","2021"
"DOC","National Telecommunications and Information Administration (NTIA) - State and Local Grant Implementation Program","2022"
"DOC","NTIA - Information Infrastructure Grants","2021"
"DOC","Office of Inspector General (OIG) - Department of Commerce","2021"
"DOC","Office of Inspector General (OIG) - Department of Commerce","2022"
"DOC","Office of the Secretary (OS)","2021"
"DOC","Office of the Secretary (OS) - Departmental Management","2021"
"DOC","Office of the Secretary (OS) - Departmental Management","2022"
"DOC","U.S. Patent and Trademark Office","2021"
"DOC","U.S. Patent and Trademark Office (USPTO) - Patents and Trademarks","2021"
"DOC","U.S. Patent and Trademark Office (USPTO) - Patents and Trademarks","2022"
"DOE","Benefits - Payroll","2021"
"DOE","Benefits - Payroll","2022"
"DOE","Benefits - Travel","2021"
"DOE","Benefits - Travel","2022"
"DOE","Financial Assistance Awards","2021"
"DOE","Financial Assistance Awards","2022"
"DOE","Loans","2021"
"DOE","Loans","2022"
"DOE","Other","2021"
"DOE","Other","2022"
"DOE","Vendors/Contracts","2021"
"DOE","Vendors/Contracts","2022"
"DOI","Abandoned Mine Reclamation Fund, Office of Surface Mining Reclamation and Enforcement, Interior - Federal Regulatory and Reclamation Programs for Oklahoma - 22XS501520, 23XS501520","2021"
"DOI","Abandoned Mine Reclamation Fund, Office of Surface Mining Reclamation and Enforcement, Interior - Federal Regulatory and Reclamation Programs for Oklahoma - 22XS501520, 23XS501520","2022"
"DOI","Assistance to Territories, Insular Affairs, Interior","2021"
"DOI","Assistance to Territories, Insular Affairs, Interior","2022"
"DOI","California Water Security and Environmental Enhancement","2021"
"DOI","California Water Security and Environmental Enhancement","2022"
"DOI","Centennial Challenge, National Park Service, Interior","2021"
"DOI","Central Utah Project Completion Account - Recovery Act, Bureau of Reclamation, Interior","2021"
"DOI","Central Utah Project Completion Account - Recovery Act, Bureau of Reclamation, Interior","2022"
"DOI","Child Care Entitlement to States, Administration for Children and Families, Health and Human Services for Bureau of Indian Affairs, Interior","2022"
"DOI","Childcare Entitlement to States, Health and Human Services","2021"
"DOI","Colorado River Basin Act of 1968","2021"
"DOI","Colorado River Basin Act of 1968","2022"
"DOI","Colorado River Dam Fund, Boulder Canyon Project, Bureau of Reclamation, Interior","2021"
"DOI","Colorado River Dam Fund, Boulder Canyon Project, Bureau of Reclamation, Interior","2022"
"DOI","Compact of Free Association, Insular Affairs, Interior","2021"
"DOI","Compact of Free Association, Insular Affairs, Interior","2022"
"DOI","Concessioner Improvement Accounts, National Park Service, Interior","2021"
"DOI","Construction, National Park Service, Interior - Disaster Supplement 22XP10395H, 23XP10395H","2021"
"DOI","Construction, National Park Service, Interior - Disaster Supplement 22XP10395H, 23XP10395H","2022"
"DOI","Construction, United States Fish and Wildlife Service, Interior - DISASTER SUPPLEMENTAL APPROP 23XF1612CE","2021"
"DOI","Construction, United States Fish and Wildlife Service, Interior - DISASTER SUPPLEMENTAL APPROP 23XF1612CE","2022"
"DOI","Contract Support Costs, Bureau of Indian Affairs and Bureau of Indian Education, Interior","2021"
"DOI","Contract Support Costs, Bureau of Indian Affairs and Bureau of Indian Education, Interior","2022"
"DOI","Contribution for Annuity Benefits, National Park Service, Interior","2021"
"DOI","Contribution for Annuity Benefits, National Park Service, Interior","2022"
"DOI","Cooperative Endangered Species Conservation Fund, from Land and Water Conservation Fund, U.S. Fish and Wildlife Service, Interior","2022"
"DOI","Cooperative Endangered Species Conservation Fund, United States Fish and Wildlife Service","2021"
"DOI","Cooperative Endangered Species Conservation Fund, United States Fish and Wildlife Service","2022"
"DOI","Departmental Operations, Land and Water Conservation Fund, Departmental Offices, Interior","2021"
"DOI","Departmental Operations, Land and Water Conservation Fund, Departmental Offices, Interior","2022"
"DOI","Departmental Operations, Office of the Secretary, Interior","2021"
"DOI","Departmental Operations, Office of the Secretary, Interior","2022"
"DOI","Departmental Operations, Office of the Secretary, National Park Service, Interior","2022"
"DOI","Departmental Operations, Office of the Secretary, U.S. Fish and Wildlife Service, Interior","2022"
"DOI","Departmental Operations, Office of the Secretary, U.S. Geological Survey, Interior","2022"
"DOI","Donations, National Park Service, Interior","2021"
"DOI","Donations, National Park Service, Interior","2022"
"DOI","Education Construction, Bureau of Indian Affairs and Bureau of Indian Education, Interior","2022"
"DOI","Federal Aid to Wildlife Restoration, United States Fish and Wildlife Service","2021"
"DOI","Federal Aid to Wildlife Restoration, United States Fish and Wildlife Service","2022"
"DOI","Federal Aid-Highways (Liquidation of Contract Authorization) DOT, U.S. Fish and Wildlife Service, Interior","2021"
"DOI","Federal Aid-Highways (Liquidation of Contract Authorization) DOT, U.S. Fish and Wildlife Service, Interior","2022"
"DOI","Federal Aid-Highways (Liquidation of Contract Authorization), Bureau of Indian Affairs, Interior","2021"
"DOI","Federal Aid-Highways (Liquidation of Contract Authorization), Bureau of Indian Affairs, Interior","2022"
"DOI","Federal Aid-Highways (Liquidation of Contract Authorization), National Park Service, Interior","2021"
"DOI","Federal Aid-Highways (Liquidation of Contract Authorization), National Park Service, Interior","2022"
"DOI","Federal Trust Programs, Bureau of Trust Funds Administration, Interior","2021"
"DOI","Federal Trust Programs, Bureau of Trust Funds Administration, Interior","2022"
"DOI","Funds Reserved, Oregon and California Grant Lands, Bureau of Land Management, Interior","2021"
"DOI","Funds Reserved, Oregon and California Grant Lands, Bureau of Land Management, Interior","2022"
"DOI","Guaranteed Loan Financing Account, Bureau of Indian Affairs, Interior","2022"
"DOI","Helium Fund, Bureau of Land Management, Interior","2021"
"DOI","Helium Fund, Bureau of Land Management, Interior","2022"
"DOI","Highway Infrastructure Programs, Federal Highway Administration, Transportation, Bureau of Indian Affairs, Interior","2022"
"DOI","Historic Preservation Fund Grants-In-Aid","2021"
"DOI","Historic Preservation Fund Grants-In-Aid","2022"
"DOI","Indian Guaranteed Loan Program Account, Bureau of Indian Affairs and Bureau of Indian Education, Interior","2021"
"DOI","Indian Guaranteed Loan Program Account, Bureau of Indian Affairs and Bureau of Indian Education, Interior","2022"
"DOI","Indian Land and Water Claim Settlements and Miscellaneous Payments to Indians, Bureau of Indian Affairs and Bureau of Indian Education, Interior","2021"
"DOI","Indian Land and Water Claim Settlements and Miscellaneous Payments to Indians, Bureau of Indian Affairs and Bureau of Indian Education, Interior","2022"
"DOI","Interior Franchise Fund, Departmental Management, Interior","2021"
"DOI","Interior Franchise Fund, Departmental Management, Interior","2022"
"DOI","Land Acquisition and State Assistance, National Park Service","2021"
"DOI","Land Acquisition and State Assistance, National Park Service","2022"
"DOI","Land Acquisition, Bureau of Land Management, Interior","2022"
"DOI","Land Acquisition, United States Fish and Wildlife Service","2021"
"DOI","Land Acquisition, United States Fish and Wildlife Service","2022"
"DOI","Land and Resources Management Trust Fund, Bureau of Land Management, Interior","2021"
"DOI","Land and Resources Management Trust Fund, Bureau of Land Management, Interior","2022"
"DOI","Management of Lands and Resources, Bureau of Land Management, Interior - IRA 221L1109H3, 221L1109H4, 223L1109AF, 226L1109H5, 234L1109AF, 23XL1109A1, 23XL1109HF","2021"
"DOI","Management of Lands and Resources, Bureau of Land Management, Interior - IRA 221L1109H3, 221L1109H4, 223L1109AF, 226L1109H5, 234L1109AF, 23XL1109A1, 23XL1109HF","2022"
"DOI","Migratory Bird Conservation Account, U.S. Fish and Wildlife Service, Interior","2021"
"DOI","Migratory Bird Conservation Account, U.S. Fish and Wildlife Service, Interior","2022"
"DOI","Multinational Species Conservation Fund, U.S. Fish and Wildlife Service, Interior","2021"
"DOI","National Indian Gaming Commission, Gaming Activity Fees, Interior","2021"
"DOI","National Indian Gaming Commission, Gaming Activity Fees, Interior","2022"
"DOI","National Parks and Public Land Legacy Restoration Fund, Department-Wide Programs, Interior","2021"
"DOI","National Parks and Public Land Legacy Restoration Fund, Department-Wide Programs, Interior","2022"
"DOI","National Parks and Public Land Legacy Restoration Fund, Department-Wide Programs, Interior - GAOA XXXP571550","2022"
"DOI","National Parks and Public Land Legacy Restoration Fund, Department-Wide Programs, National Park Service, Interior","2022"
"DOI","National Parks and Public Land Legacy Restoration Fund, Department-Wide Programs, U.S. Fish and Wildlife Services, Interior","2022"
"DOI","National Wildlife Refuge Fund, U.S. Fish and Wildlife Service, Interior","2021"
"DOI","National Wildlife Refuge Fund, U.S. Fish and Wildlife Service, Interior","2022"
"DOI","Natural Resource Damage Assessment and Restoration Fund, U.S. Fish and Wildlife Service, Interior","2021"
"DOI","Natural Resource Damage Assessment and Restoration Fund, U.S. Fish and Wildlife Service, Interior","2022"
"DOI","Natural Resource Damage Assessment Fund, Natural Resource Damage Assessment and Restoration, Interior","2021"
"DOI","Natural Resource Damage Assessment Fund, Natural Resource Damage Assessment and Restoration, Interior","2022"
"DOI","North American Wetlands Conservation Fund, United States Fish and Wildlife Service","2021"
"DOI","North American Wetlands Conservation Fund, United States Fish and Wildlife Service","2022"
"DOI","Ocean Energy Management, Bureau of Ocean Energy Management, Interior - IRA 226M19175D","2021"
"DOI","Ocean Energy Management, Bureau of Ocean Energy Management, Interior - IRA 226M19175D","2022"
"DOI","Office of Natural Resources Revenue, Department-Wide Programs, Interior","2021"
"DOI","Office of Natural Resources Revenue, Department-Wide Programs, Interior","2022"
"DOI","Offshore Safety and Environmental Enforcement, Bureau of Safety and Environmental Enforcement, Interior - 234E1700D2","2021"
"DOI","Offshore Safety and Environmental Enforcement, Bureau of Safety and Environmental Enforcement, Interior - 234E1700D2","2022"
"DOI","Oil Spill Research, Bureau of Safety and Environmental Enforcement, Interior","2021"
"DOI","Oil Spill Research, Bureau of Safety and Environmental Enforcement, Interior","2022"
"DOI","Operation and Maintenance of Quarters, National Park Service, Interior","2021"
"DOI","Operation and Maintenance of Quarters, National Park Service, Interior","2022"
"DOI","Operation and Maintenance, Indian Irrigation Systems, Bureau of Indian Affairs (T), Interior - BIL 5240-A000","2021"
"DOI","Operation and Maintenance, Indian Irrigation Systems, Bureau of Indian Affairs (T), Interior - BIL 5240-A000","2022"
"DOI","Operation of Indian Education Programs, Bureau of Indian Education, Interior","2021"
"DOI","Operation of Indian Education Programs, Bureau of Indian Education, Interior","2022"
"DOI","Operation of Indian Programs, Bureau of Indian Affairs and Bureau of Indian Education, Interior - BIL 221A2100S1, 221A2100S3","2021"
"DOI","Operation of Indian Programs, Bureau of Indian Affairs and Bureau of Indian Education, Interior - BIL 221A2100S1, 221A2100S3","2022"
"DOI","Operation of the National Park System, National Park Service, Interior - IRA 20P10361B, 221P10361C, 221P10361D, 226P10361E","2021"
"DOI","Operation of the National Park System, National Park Service, Interior - IRA 20P10361B, 221P10361C, 221P10361D, 226P10361E","2022"
"DOI","Oregon and California Grant Lands, Bureau of Land Management, Interior","2021"
"DOI","Oregon and California Grant Lands, Bureau of Land Management, Interior","2022"
"DOI","Outer Continental Shelf Revenues, Land and Water Conservation Fund (LWCF) Share from Certain Leases, National Park Service, Interior","2021"
"DOI","Outer Continental Shelf Revenues, Land and Water Conservation Fund (LWCF) Share from Certain Leases, National Park Service, Interior","2022"
"DOI","Pacific Northwest and Hawaiian Islands Arts","2021"
"DOI","Pacific Northwest and Hawaiian Islands Arts","2022"
"DOI","Park Concession Franchise Fees, National Park Service, Interior","2021"
"DOI","Park Concession Franchise Fees, National Park Service, Interior","2022"
"DOI","Payment to States for the Child Care and Development Block Grant, Administration for Children and Families, Health and Human Services, Bureau of Indian Affairs, Interior","2021"
"DOI","Payment to States for the Child Care and Development Block Grant, Administration for Children and Families, Health and Human Services, Bureau of Indian Affairs, Interior","2022"
"DOI","Payment to the United States Territories, Fiscal Assistance, Insular Affairs, Interior","2021"
"DOI","Payment to the United States Territories, Fiscal Assistance, Insular Affairs, Interior","2022"
"DOI","Payments for Tribal Leases, Bureau of Indian Affairs, Interior","2022"
"DOI","Payments in Lieu of Taxes, Departmental Management, Interior","2021"
"DOI","Payments in Lieu of Taxes, Departmental Management, Interior","2022"
"DOI","Payments to States in Lieu of Coal Fee Receipts, Office of Surface Mining Reclamation and Enforcement, Interior","2021"
"DOI","Payments to States in Lieu of Coal Fee Receipts, Office of Surface Mining Reclamation and Enforcement, Interior","2022"
"DOI","Permit Processing Fund, Bureau of Land Management, Interior","2021"
"DOI","Permit Processing Fund, Bureau of Land Management, Interior","2022"
"DOI","Policy and Administration, Bureau of Reclamation, Interior","2021"
"DOI","Policy and Administration, Bureau of Reclamation, Interior","2022"
"DOI","Power Systems, Indian Irrigation Projects, Bureau of Indian Affairs, Interior - BIL 5648-A000","2021"
"DOI","Power Systems, Indian Irrigation Projects, Bureau of Indian Affairs, Interior - BIL 5648-A000","2022"
"DOI","Reclamation Trust Funds, Bureau of Reclamation, Interior","2021"
"DOI","Reclamation Water Settlements Fund, Bureau of Reclamation, Interior","2021"
"DOI","Reclamation Water Settlements Fund, Bureau of Reclamation, Interior","2022"
"DOI","Recreation Enhancement Fee Program, Bureau of Land Management, Interior","2021"
"DOI","Recreation Enhancement Fee Program, Bureau of Land Management, Interior","2022"
"DOI","Recreation Enhancement Fee Program, National Park Service, Interior","2021"
"DOI","Recreation Enhancement Fee Program, National Park Service, Interior","2022"
"DOI","Regulation and Technology, Office of Surface Mining Reclamation and Enforcement, Interior - Federal Regulatory and Reclamation Programs for Oklahoma - 223S180110, 234S180110","2021"
"DOI","Regulation and Technology, Office of Surface Mining Reclamation and Enforcement, Interior - Federal Regulatory and Reclamation Programs for Oklahoma - 223S180110, 234S180110","2022"
"DOI","Resource Management, United States Fish and Wildlife Service, Interior - BIL 23XF1611WF, 23XF1611BC, 23XF1611BL","2021"
"DOI","Resource Management, United States Fish and Wildlife Service, Interior - BIL 23XF1611WF, 23XF1611BC, 23XF1611BL","2022"
"DOI","Salaries and Expenses, Office of the Inspector General, Interior","2021"
"DOI","Salaries and Expenses, Office of the Inspector General, Interior","2022"
"DOI","Salaries and Expenses, Office of the Solicitor, Interior","2021"
"DOI","Salaries and Expenses, Office of the Solicitor, Interior","2022"
"DOI","Selis-Qlispe Ksanka Settlement Trust Fund","2021"
"DOI","Selis-Qlispe Ksanka Settlement Trust Fund","2022"
"DOI","Service Charges, Deposits and Forfeitures, Bureau of Land Management","2021"
"DOI","Service Charges, Deposits and Forfeitures, Bureau of Land Management","2022"
"DOI","Service Charges, Deposits and Forfeitures, Bureau of Land Management, Interior","2021"
"DOI","Service Charges, Deposits and Forfeitures, Bureau of Land Management, Interior","2022"
"DOI","Southern Nevada Public Land Management, Bureau of Land Management","2021"
"DOI","Southern Nevada Public Land Management, Bureau of Land Management","2022"
"DOI","Sport Fish Restoration Account, United States Fish and Wildlife Service","2021"
"DOI","Sport Fish Restoration Account, United States Fish and Wildlife Service","2022"
"DOI","State Wildlife Grants","2021"
"DOI","State Wildlife Grants","2022"
"DOI","Supplemental Payments to United Mine Workers of America (UMWA) Health Plans, Office of Surface Mining Reclamation and Enforcement, Interior","2021"
"DOI","Supplemental Payments to United Mine Workers of America (UMWA) Health Plans, Office of Surface Mining Reclamation and Enforcement, Interior","2022"
"DOI","Surveys, Investigations, and Research, Geological Survey, Interior - BIL 224G0804ID, 22XG0804ID, 235G0804ID","2021"
"DOI","Surveys, Investigations, and Research, Geological Survey, Interior - BIL 224G0804ID, 22XG0804ID, 235G0804ID","2022"
"DOI","Temporary Assistance for Needy Families, Interior","2021"
"DOI","Temporary Assistance for Needy Families, Interior","2022"
"DOI","Training and Employment Services, Employment and Training Administration, Interior","2021"
"DOI","Training and Employment Services, Employment and Training Administration, Interior","2022"
"DOI","Transportation Systems Fund, National Park Service, Interior","2021"
"DOI","Transportation Systems Fund, National Park Service, Interior","2022"
"DOI","Trust Land Consolidation Fund, Bureau of Trust Funds Administration, Interior","2021"
"DOI","Trust Land Consolidation Fund, Bureau of Trust Funds Administration, Interior","2022"
"DOI","Upper Colorado and San Juan River Basins Endangered Fish Recovery","2021"
"DOI","Upper Colorado and San Juan River Basins Endangered Fish Recovery","2022"
"DOI","Utah Navajo Settlement Trust Fund - Infrastructure Investment and Jobs Act, Bureau of Indian Affairs, Interior","2022"
"DOI","Utah Reclamation Mitigation and Conservation Account, Bureau of Reclamation, Interior","2021"
"DOI","Utah Reclamation Mitigation and Conservation Account, Interior","2022"
"DOI","White Mountain Apache Fund Settlement Fund, Bureau of Indian Affairs, Interior","2022"
"DOI","Wildfire Management, Bureau of Land Management, Interior","2021"
"DOI","Wildfire Management, Bureau of Land Management, Interior","2022"
"DOI","Wildfire Management, National Park Service, Interior","2021"
"DOI","Wildfire Management, National Park Service, Interior","2022"
"DOI","Wildland Fire Management, U.S. Fish and Wildlife Service, Interior","2021"
"DOI","Wildland Fire Management, U.S. Fish and Wildlife Service, Interior","2022"
"DOI","Wildland Fire, Bureau of Indian Affairs, Interior","2021"
"DOI","Wildland Fire, Bureau of Indian Affairs, Interior","2022"
"DOI","Working Capital Fund, Bureau of Land Management, Interior","2021"
"DOI","Working Capital Fund, Bureau of Land Management, Interior","2022"
"DOI","Working Capital Fund, Bureau of Reclamation","2021"
"DOI","Working Capital Fund, Bureau of Reclamation","2022"
"DOI","Working Capital Fund, Bureau of Reclamation, Interior","2021"
"DOI","Working Capital Fund, Bureau of Reclamation, Interior","2022"
"DOI","Working Capital Fund, Departmental Management, Interior","2021"
"DOI","Working Capital Fund, Departmental Management, Interior","2022"
"DOI","Working Capital Fund, U.S. Geological Survey, Interior","2021"
"DOI","Working Capital Fund, U.S. Geological Survey, Interior","2022"
"DOJ","Administrative, Technology, and Other","2021"
"DOJ","Administrative, Technology, and Other","2022"
"DOJ","Law Enforcement","2021"
"DOJ","Law Enforcement","2022"
"DOJ","Litigation","2021"
"DOJ","Litigation","2022"
"DOJ","Prisons and Detention","2021"
"DOJ","Prisons and Detention","2022"
"DOJ","State, Local, Tribal, and Other Assistance","2021"
"DOJ","State, Local, Tribal, and Other Assistance","2022"
"DOL","Bureau of Labor Statistics - Compensation and Working Conditions","2021"
"DOL","Bureau of Labor Statistics - Compensation and Working Conditions","2022"
"DOL","Bureau of Labor Statistics - Executive Direction and Staff Services","2021"
"DOL","Bureau of Labor Statistics - Executive Direction and Staff Services","2022"
"DOL","Bureau of Labor Statistics - Labor Force Statistics","2021"
"DOL","Bureau of Labor Statistics - Labor Force Statistics","2022"
"DOL","Bureau of Labor Statistics - Prices and Cost of Living","2021"
"DOL","Bureau of Labor Statistics - Prices and Cost of Living","2022"
"DOL","Bureau of Labor Statistics - Productivity and Technology","2021"
"DOL","Bureau of Labor Statistics - Productivity and Technology","2022"
"DOL","Department of Labor - Departmental Management","2021"
"DOL","Department of Labor - Departmental Management","2022"
"DOL","Department of Labor - Office of Inspector General","2022"
"DOL","Employee Benefits Security Administration","2021"
"DOL","Employee Benefits Security Administration","2022"
"DOL","Employment & Training Administration - Adult Employment and Training Activities","2021"
"DOL","Employment & Training Administration - Adult Employment and Training Activities","2022"
"DOL","Employment & Training Administration - Apprenticeship","2021"
"DOL","Employment & Training Administration - Apprenticeship","2022"
"DOL","Employment & Training Administration - Community Service Employment for Older Americans","2021"
"DOL","Employment & Training Administration - Community Service Employment for Older Americans","2022"
"DOL","Employment & Training Administration - Dislocated Worker Employment and Training Activities - Formula","2021"
"DOL","Employment & Training Administration - Dislocated Worker Employment and Training Activities - Formula","2022"
"DOL","Employment & Training Administration - Dislocated Worker Employment and Training Activities - National Reserves Demos","2021"
"DOL","Employment & Training Administration - Dislocated Worker Employment and Training Activities - National Reserves Demos","2022"
"DOL","Employment & Training Administration - Employment Service","2021"
"DOL","Employment & Training Administration - Employment Service","2022"
"DOL","Employment & Training Administration - Federal State Unemployment Insurance","2021"
"DOL","Employment & Training Administration - Federal State Unemployment Insurance","2022"
"DOL","Employment & Training Administration - Federal State Unemployment Insurance","2023"
"DOL","Employment & Training Administration - Federal State Unemployment Insurance","2024"
"DOL","Employment & Training Administration - Federal State Unemployment Insurance","2025"
"DOL","Employment & Training Administration - Indian and Native American Program","2021"
"DOL","Employment & Training Administration - Indian and Native American Program","2022"
"DOL","Employment & Training Administration - Job Corps","2021"
"DOL","Employment & Training Administration - Job Corps","2022"
"DOL","Employment & Training Administration - Migrant and Seasonal Farmworker","2021"
"DOL","Employment & Training Administration - Migrant and Seasonal Farmworker","2022"
"DOL","Employment & Training Administration - Permanent Labor Certification for Foreign Workers","2021"
"DOL","Employment & Training Administration - Permanent Labor Certification for Foreign Workers","2022"
"DOL","Employment & Training Administration - Reintegration of Ex-Offenders","2021"
"DOL","Employment & Training Administration - Reintegration of Ex-Offenders","2022"
"DOL","Employment & Training Administration - Trade Adjustment Assistance Federal Unemployment Benefits and Allowances","2021"
"DOL","Employment & Training Administration - Trade Adjustment Assistance Federal Unemployment Benefits and Allowances","2022"
"DOL","Employment & Training Administration - Unemployment Insurance - Federal Pandemic Unemployment Assistance","2023"
"DOL","Employment & Training Administration - Workforce Data Quality Initiative","2021"
"DOL","Employment & Training Administration - Workforce Data Quality Initiative","2022"
"DOL","Employment & Training Administration - Workforce Information Etools","2021"
"DOL","Employment & Training Administration - Workforce Information Etools","2022"
"DOL","Employment & Training Administration - Youth Activities","2021"
"DOL","Employment & Training Administration - Youth Activities","2022"
"DOL","Employment & Training Administration - YouthBuild","2021"
"DOL","Employment & Training Administration - YouthBuild","2022"
"DOL","Employment and Training Administration – Unemployment Insurance – Federal Pandemic Emergency Unemployment Compensation","2021"
"DOL","Employment and Training Administration – Unemployment Insurance – Federal Pandemic Unemployment Assistance","2021"
"DOL","International Labor Affairs Bureau","2021"
"DOL","International Labor Affairs Bureau","2022"
"DOL","Mine Safety and Health Administration - Brookwood-Sago Grant","2021"
"DOL","Mine Safety and Health Administration - Brookwood-Sago Grant","2022"
"DOL","Occupational Safety and Health Administration - Susan Harwood Training Grants","2021"
"DOL","Occupational Safety and Health Administration - Susan Harwood Training Grants","2022"
"DOL","Office of Disability Employment Policy","2021"
"DOL","Office of Disability Employment Policy","2022"
"DOL","Office of Federal Contract Compliance Programs","2021"
"DOL","Office of Federal Contract Compliance Programs","2022"
"DOL","Office of Labor-Management Standards","2021"
"DOL","Office of Labor-Management Standards","2022"
"DOL","Office of Workers' Compensation - Coal Mine Workers' Compensation","2021"
"DOL","Office of Workers' Compensation - Coal Mine Workers' Compensation","2022"
"DOL","Office of Workers' Compensation - Energy Employees Occupational Illness Compensation","2021"
"DOL","Office of Workers' Compensation - Energy Employees Occupational Illness Compensation","2022"
"DOL","Office of Workers' Compensation - Federal Employees' Compensation Act","2021"
"DOL","Office of Workers' Compensation - Federal Employees' Compensation Act","2022"
"DOL","Office of Workers' Compensation - Federal Employees' Compensation Act","2023"
"DOL","Office of Workers' Compensation - Federal Employees' Compensation Act","2024"
"DOL","Office of Workers' Compensation - Federal Employees' Compensation Act","2025"
"DOL","Office of Workers' Compensation - Longshore and Harbor Workers Compensation","2021"
"DOL","Office of Workers' Compensation - Longshore and Harbor Workers Compensation","2022"
"DOL","Veterans Employment Training Service - Federal Administration & Uniformed Services Employment and Reemployment Rights Act (USERRA) Enforcement","2021"
"DOL","Veterans Employment Training Service - Federal Administration & Uniformed Services Employment and Reemployment Rights Act (USERRA) Enforcement","2022"
"DOL","Veterans Employment Training Service - Homeless Veterans' Reintegration Program","2021"
"DOL","Veterans Employment Training Service - Homeless Veterans' Reintegration Program","2022"
"DOL","Veterans Employment Training Service - Jobs for Veterans State Grants","2021"
"DOL","Veterans Employment Training Service - Jobs for Veterans State Grants","2022"
"DOL","Veterans Employment Training Service - Transition Assistance Program Employment Workshop","2021"
"DOL","Veterans Employment Training Service - Transition Assistance Program Employment Workshop","2022"
"DOL","Wage and Hour Division","2021"
"DOL","Wage and Hour Division","2022"
"DOL","Women's Bureau","2021"
"DOL","Women's Bureau","2022"
"DOT","Federal Aviation Administration Airport Concessionaire Relief","2022"
"DOT","Federal Aviation Administration Facilities and Equipment","2021"
"DOT","Federal Aviation Administration Facilities and Equipment","2022"
"DOT","Federal Aviation Administration Franchise Fund","2021"
"DOT","Federal Aviation Administration Franchise Fund","2022"
"DOT","Federal Aviation Administration Grants-in-Aid for Airports","2021"
"DOT","Federal Aviation Administration Grants-in-Aid for Airports","2022"
"DOT","Federal Aviation Administration Operations","2021"
"DOT","Federal Aviation Administration Operations","2022"
"DOT","Federal Aviation Administration Research, Engineering and Development","2021"
"DOT","Federal Aviation Administration Research, Engineering and Development","2022"
"DOT","Federal Highway Administration Highway Planning and Construction","2021"
"DOT","Federal Highway Administration Highway Planning and Construction","2022"
"DOT","Federal Highway Administration Highway Planning and Construction","2023"
"DOT","Federal Highway Administration Highway Planning and Construction","2024"
"DOT","Federal Highway Administration Highway Planning and Construction","2025"
"DOT","Federal Highway Administration Other Grant Programs and Cooperative Agreements","2021"
"DOT","Federal Highway Administration Other Grant Programs and Cooperative Agreements","2022"
"DOT","Federal Highway Administration Research Programs","2021"
"DOT","Federal Highway Administration Research Programs","2022"
"DOT","Federal Highway Administration Salaries and Expenses","2021"
"DOT","Federal Highway Administration Salaries and Expenses","2022"
"DOT","Federal Motor Carrier Safety Administration Motor Carrier Safety Grants","2021"
"DOT","Federal Motor Carrier Safety Administration Motor Carrier Safety Grants","2022"
"DOT","Federal Motor Carrier Safety Administration Operations and Programs","2021"
"DOT","Federal Motor Carrier Safety Administration Operations and Programs","2022"
"DOT","Federal Railroad Administration Grants to National Railroad Passenger Corporation","2021"
"DOT","Federal Railroad Administration Grants to National Railroad Passenger Corporation","2022"
"DOT","Federal Railroad Administration High-Speed Intercity Passenger Rail","2021"
"DOT","Federal Railroad Administration High-Speed Intercity Passenger Rail","2022"
"DOT","Federal Railroad Administration Other Grant Programs","2021"
"DOT","Federal Railroad Administration Other Grant Programs","2022"
"DOT","Federal Railroad Administration Railroad Research and Development","2021"
"DOT","Federal Railroad Administration Railroad Research and Development","2022"
"DOT","Federal Railroad Administration Safety and Operations","2021"
"DOT","Federal Railroad Administration Safety and Operations","2022"
"DOT","Federal Transit Administration Administrative Expenses","2021"
"DOT","Federal Transit Administration Administrative Expenses","2022"
"DOT","Federal Transit Administration Capital Investment Grants","2021"
"DOT","Federal Transit Administration Capital Investment Grants","2022"
"DOT","Federal Transit Administration Emergency Relief Program","2021"
"DOT","Federal Transit Administration Emergency Relief Program","2022"
"DOT","Federal Transit Administration Formula Grants","2021"
"DOT","Federal Transit Administration Formula Grants","2022"
"DOT","Federal Transit Administration Other Grant Programs","2021"
"DOT","Federal Transit Administration Other Grant Programs","2022"
"DOT","Federal Transit Administration Transit Infrastructure Grants","2021"
"DOT","Federal Transit Administration Transit Infrastructure Grants","2022"
"DOT","Federal Transit Administration Transit Infrastructure Grants - COVID Relief Funds","2021"
"DOT","Federal Transit Administration Transit Infrastructure Grants - COVID Relief Funds","2022"
"DOT","Federal Transit Administration Transit Infrastructure Grants - COVID Relief Funds","2023"
"DOT","Federal Transit Administration Transit Infrastructure Grants - COVID Relief Funds","2024"
"DOT","Federal Transit Administration Transit Infrastructure Grants - COVID Relief Funds","2025"
"DOT","Federal Transit Administration Washington Metro","2021"
"DOT","Federal Transit Administration Washington Metro","2022"
"DOT","Maritime Administration Approval Workflow Contract Payments","2021"
"DOT","Maritime Administration Approval Workflow Contract Payments","2022"
"DOT","Maritime Administration Assistance Programs","2021"
"DOT","Maritime Administration Assistance Programs","2022"
"DOT","Maritime Administration Electronic Invoicing System Ship Manager Payments","2021"
"DOT","Maritime Administration Electronic Invoicing System Ship Manager Payments","2022"
"DOT","Maritime Administration Federal Ship Financing Program Contracts","2021"
"DOT","Maritime Administration Federal Ship Financing Program Contracts","2022"
"DOT","Maritime Administration Personnel Compensation and Benefits","2021"
"DOT","Maritime Administration Personnel Compensation and Benefits","2022"
"DOT","Maritime Administration Port Infrastructure Development","2022"
"DOT","Maritime Administration Student Incentive Program","2021"
"DOT","Maritime Administration Student Incentive Program","2022"
"DOT","Maritime Administration Travel Payments","2021"
"DOT","Maritime Administration Travel Payments","2022"
"DOT","National Highway Traffic Safety Administration","2021"
"DOT","National Highway Traffic Safety Administration","2022"
"DOT","National Highway Traffic Safety Administration Highway Traffic Safety Grants","2021"
"DOT","National Highway Traffic Safety Administration Highway Traffic Safety Grants","2022"
"DOT","Office of Inspector General Salaries and Expenses","2021"
"DOT","Office of Inspector General Salaries and Expenses","2022"
"DOT","Office of the Secretary Aviation Manufacturing Jobs Protection Program","2022"
"DOT","Office of the Secretary Grant Programs","2021"
"DOT","Office of the Secretary Grant Programs","2022"
"DOT","Office of the Secretary Grant Programs - Allocation and Administered Accounts","2021"
"DOT","Office of the Secretary Grant Programs - Allocation and Administered Accounts","2022"
"DOT","Office of the Secretary Loan Programs","2021"
"DOT","Office of the Secretary Loan Programs","2022"
"DOT","Office of the Secretary Salaries and Expenses","2021"
"DOT","Office of the Secretary Salaries and Expenses","2022"
"DOT","Pipeline and Hazardous Materials Safety Administration Payments","2021"
"DOT","Pipeline and Hazardous Materials Safety Administration Payments","2022"
"DOW","Civilian Pay","2021"
"DOW","Civilian Pay","2022"
"DOW","Civilian Pay","2023"
"DOW","Civilian Pay – Army","2024"
"DOW","Civilian Pay – Army","2025"
"DOW","Civilian Pay – Other Defense Organization (ODO)","2024"
"DOW","Civilian Pay – Other Defense Organization (ODO)","2025"
"DOW","Commercial Pay","2021"
"DOW","Commercial Pay","2022"
"DOW","Commercial Pay","2023"
"DOW","Commercial Pay - U.S. Army Corps of Engineers (USACE)","2021"
"DOW","Commercial Pay - U.S. Army Corps of Engineers (USACE)","2022"
"DOW","Commercial Pay – Mechanization of Contract Administration Services (MOCAS)","2024"
"DOW","Commercial Pay – Mechanization of Contract Administration Services (MOCAS)","2025"
"DOW","DoD Travel Pay","2021"
"DOW","DoD Travel Pay","2022"
"DOW","DoD Travel Pay","2023"
"DOW","Military Health Benefits - Healthcare","2021"
"DOW","Military Health Benefits - Healthcare","2022"
"DOW","Military Health Benefits – Administrative","2022"
"DOW","Military Pay - Army","2021"
"DOW","Military Pay - Army","2022"
"DOW","Military Pay - Army","2023"
"DOW","Military Pay - Department of Air Force","2021"
"DOW","Military Pay - Department of Air Force","2022"
"DOW","Military Pay - Department of Air Force","2023"
"DOW","Military Pay - Marine Corps","2021"
"DOW","Military Pay - Marine Corps","2022"
"DOW","Military Pay - Marine Corps","2023"
"DOW","Military Pay - Navy","2021"
"DOW","Military Pay - Navy","2022"
"DOW","Military Pay - Navy","2023"
"DOW","Military Pay Army – National Guard","2024"
"DOW","Military Pay Army – National Guard","2025"
"DOW","Military Retirement","2021"
"DOW","Military Retirement","2022"
"DOW","Military Retirement","2023"
"DOW","Travel Pay - U.S. Army Corps of Engineers (USACE)","2021"
"DOW","Travel Pay - U.S. Army Corps of Engineers (USACE)","2022"
"DOW","Travel Pay Army – Defense Travel System (DTS)","2025"
"DOW","Travel Pay Army – Defense Travel System (DTS)","2024"
"DOW","Travel Pay Department of Air Force (DAF) – Defense Travel System (DTS)","2025"
"DOW","Travel Pay Department of Air Force (DAF) – Defense Travel System (DTS)","2024"
"DOW","Travel Pay Other Defense Organization (ODO) – Defense Travel System (DTS)","2025"
"DOW","Travel Pay Other Defense Organization (ODO) – Integrated Automated Travel System (IATS)","2025"
"EAC","Election Assistance Commission","2021"
"EAC","Election Security Grants","2022"
"ED","Academic Competitiveness Grant","2021"
"ED","Academic Competitiveness Grant","2022"
"ED","Adult Education - Basic Grants to States","2021"
"ED","Adult Education - Basic Grants to States","2022"
"ED","Alaska Native Educational Programs","2022"
"ED","American History and Civics Education","2021"
"ED","American Indian Vocational Rehabilitation Services","2022"
"ED","American Printing House for the Blind","2022"
"ED","Arts in Education","2021"
"ED","Arts in Education","2022"
"ED","Career and Technical Education - Basic Grants to States","2021"
"ED","Career and Technical Education - Basic Grants to States","2022"
"ED","Career and Technical Education - Grants to Native Americans and Alaska Natives","2022"
"ED","Career and Technical Education - National Programs","2021"
"ED","Centers for International Business Education","2021"
"ED","Charter Schools","2021"
"ED","Charter Schools","2022"
"ED","Child Care Access Means Parents in School","2021"
"ED","Child Care Access Means Parents in School","2022"
"ED","Child Care Provider Loan Forgiveness Demonstration","2021"
"ED","Child Care Provider Loan Forgiveness Demonstration","2022"
"ED","Comprehensive Centers","2021"
"ED","Comprehensive Centers","2022"
"ED","Comprehensive Literacy Development","2021"
"ED","Comprehensive Literacy Development","2022"
"ED","Consolidated Grant to the Outlying Areas","2021"
"ED","Contractual Services","2021"
"ED","Credit Enhancement for Charter School Facilities","2021"
"ED","Credit Programs","2022"
"ED","DC Opportunity Scholarship Program","2021"
"ED","Disability Innovation Fund (DIF)","2021"
"ED","Disability Innovation Fund (DIF)","2022"
"ED","Disaster Recovery Assistance for Education","2021"
"ED","Education for Homeless Children and Youth","2021"
"ED","Education for Homeless Children and Youth","2022"
"ED","Education Innovation and Research (formerly Investing in Innovation (i3) Fund)","2021"
"ED","Education Innovation and Research (formerly Investing in Innovation (i3) Fund)","2022"
"ED","Education Research, Development and Dissemination","2021"
"ED","Education Research, Development and Dissemination","2022"
"ED","Education Stabilization Fund","2021"
"ED","Education Stabilization Fund","2022"
"ED","Education Stabilization Fund","2023"
"ED","Education Stabilization Fund","2024"
"ED","Education Stabilization Fund","2025"
"ED","Emergency Assistance to Institutions of Higher Education","2021"
"ED","Emergency Assistance to Institutions of Higher Education","2022"
"ED","English Language Acquisition State Grants","2021"
"ED","English Language Acquisition State Grants","2022"
"ED","Federal Family Education Loan (FFEL)","2021"
"ED","Federal Family Education Loan (FFEL)","2022"
"ED","Federal Pell Grant Program","2021"
"ED","Federal Pell Grant Program","2022"
"ED","Federal Pell Grant Program","2023"
"ED","Federal Pell Grant Program","2024"
"ED","Federal Pell Grant Program","2025"
"ED","Federal Perkins Loan (Perkins)","2021"
"ED","Federal Perkins Loan (Perkins)","2022"
"ED","Federal Supplemental Educational Opportunity Grant (FSEOG)","2021"
"ED","Federal Supplemental Educational Opportunity Grant (FSEOG)","2022"
"ED","Federal Work-Study","2021"
"ED","Federal Work-Study","2022"
"ED","Gaining Early Awareness and Readiness for Undergraduate Programs","2021"
"ED","Gaining Early Awareness and Readiness for Undergraduate Programs","2022"
"ED","Gallaudet University","2021"
"ED","Gallaudet University","2022"
"ED","Graduate Assistance in Areas of National Need","2021"
"ED","Graduate Assistance in Areas of National Need","2022"
"ED","Grants for State Assessments and Related Activities","2021"
"ED","Grants for State Assessments and Related Activities","2022"
"ED","Health Education Assistance Loan (HEAL)","2021"
"ED","Health Education Assistance Loan (HEAL)","2022"
"ED","Helen Keller National Center for Youths and Adults Who Are Deaf-Blind","2021"
"ED","Higher Education Institutional Aid","2021"
"ED","Higher Education Institutional Aid","2022"
"ED","Howard University","2022"
"ED","Immediate Aid To Restart School Operations (RESTART)","2021"
"ED","Immediate Aid To Restart School Operations (RESTART)","2022"
"ED","Impact Aid","2021"
"ED","Impact Aid Facilities Maintenance","2021"
"ED","Indian Education - Special Programs for Indian Children","2021"
"ED","Indian Education - Special Programs for Indian Children","2022"
"ED","Indian Education Grants to Local Educational Agencies","2021"
"ED","Indian Education Grants to Local Educational Agencies","2022"
"ED","Innovative Approaches to Literacy; Promise Neighborhoods; Full-Service Community Schools; and Congressionally Directed Spending for Elementary and Secondary Education Community Projects","2021"
"ED","Innovative Approaches to Literacy; Promise Neighborhoods; Full-Service Community Schools; and Congressionally Directed Spending for Elementary and Secondary Education Community Projects","2022"
"ED","International Research and Studies","2021"
"ED","Iraq and Afghanistan Service Grant (IASG)","2021"
"ED","Iraq and Afghanistan Service Grant (IASG)","2022"
"ED","Javits Gifted and Talented Students Education","2021"
"ED","Javits Gifted and Talented Students Education","2022"
"ED","Language Resource Centers","2021"
"ED","Leveraging Educational Assistance Partnership (LEAP) Program","2021"
"ED","Leveraging Educational Assistance Partnership (LEAP) Program","2022"
"ED","Magnet Schools Assistance","2022"
"ED","Mathematics and Science Partnerships","2021"
"ED","Migrant Education College Assistance Migrant Program","2022"
"ED","Migrant Education Coordination Program","2021"
"ED","Migrant Education High School Equivalency Program","2021"
"ED","Migrant Education High School Equivalency Program","2022"
"ED","Migrant Education State Grant Program","2021"
"ED","Migrant Education State Grant Program","2022"
"ED","Minority Science and Engineering Improvement","2021"
"ED","National Resource Centers Program for Foreign Language and Area Studies or Foreign Language and International Studies Program and Foreign Language and Area Studies Fellowship Program","2021"
"ED","National Resource Centers Program for Foreign Language and Area Studies or Foreign Language and International Studies Program and Foreign Language and Area Studies Fellowship Program","2022"
"ED","National Technical Institute for the Deaf","2022"
"ED","Native Hawaiian Education","2021"
"ED","Native Hawaiian Education","2022"
"ED","Overseas Programs - Doctoral Dissertation Research Abroad","2021"
"ED","Personnel Compensation and Benefits","2021"
"ED","Preschool Development Grants","2021"
"ED","Program of Protection and Advocacy of Individual Rights","2022"
"ED","Randolph-Sheppard - Financial Relief and Restoration Payments","2022"
"ED","Ready-To-Learn Television","2022"
"ED","Rehabilitation Long-Term Training","2021"
"ED","Rehabilitation Long-Term Training","2022"
"ED","Rehabilitation Services Client Assistance Program","2022"
"ED","Rehabilitation Services Demonstration and Training Programs","2021"
"ED","Rehabilitation Services Independent Living Services for Older Individuals Who are Blind","2021"
"ED","Rehabilitation Services Independent Living Services for Older Individuals Who are Blind","2022"
"ED","Rehabilitation Services Vocational Rehabilitation Grants to States","2021"
"ED","Rehabilitation Services Vocational Rehabilitation Grants to States","2022"
"ED","Rehabilitation Training Technical Assistance Centers","2021"
"ED","Research in Special Education","2021"
"ED","Research in Special Education","2022"
"ED","Rural Education","2021"
"ED","Rural Education","2022"
"ED","School Improvement Grants","2021"
"ED","School Improvement Grants","2022"
"ED","School Safely National Activities","2021"
"ED","School Safely National Activities","2022"
"ED","Special Education - Personnel Development to Improve Services and Results for Children with Disabilities","2021"
"ED","Special Education - Personnel Development to Improve Services and Results for Children with Disabilities","2022"
"ED","Special Education - Special Olympics Education Programs","2022"
"ED","Special Education - State Personnel Development","2021"
"ED","Special Education - State Personnel Development","2022"
"ED","Special Education Educational Technology Media, and Materials for Individuals with Disabilities","2021"
"ED","Special Education Educational Technology Media, and Materials for Individuals with Disabilities","2022"
"ED","Special Education Grants to States","2021"
"ED","Special Education Grants to States","2022"
"ED","Special Education Grants to States","2023"
"ED","Special Education Parent Information Centers","2021"
"ED","Special Education Parent Information Centers","2022"
"ED","Special Education Preschool Grants","2021"
"ED","Special Education Preschool Grants","2022"
"ED","Special Education Technical Assistance and Dissemination to Improve Services and Results for Children with Disabilities","2022"
"ED","Special Education Technical Assistance on State Data Collection","2021"
"ED","Special Education Technical Assistance on State Data Collection","2022"
"ED","Special Education-Grants for Infants and Families","2021"
"ED","Special Education-Grants for Infants and Families","2022"
"ED","Statewide Family Engagement Centers","2021"
"ED","Statewide Family Engagement Centers","2022"
"ED","Statewide Longitudinal Data Systems","2021"
"ED","Strengthening Minority-Serving Institutions","2021"
"ED","Strengthening Minority-Serving Institutions","2022"
"ED","Student Support and Academic Enrichment Program","2021"
"ED","Student Support and Academic Enrichment Program","2022"
"ED","Supplemental Education Grants","2021"
"ED","Supported Employment Services for Individuals with the Most Significant Disabilities","2021"
"ED","Supported Employment Services for Individuals with the Most Significant Disabilities","2022"
"ED","Supporting Effective Educator Development Program","2021"
"ED","Supporting Effective Educator Development Program","2022"
"ED","Supporting Effective Instruction State Grants (formerly Improving Teacher Quality State Grants)","2021"
"ED","Supporting Effective Instruction State Grants (formerly Improving Teacher Quality State Grants)","2022"
"ED","Teacher and School Leader Incentive Grants (formerly the Teacher Incentive Fund)","2021"
"ED","Teacher and School Leader Incentive Grants (formerly the Teacher Incentive Fund)","2022"
"ED","Teacher Education Assistance for College and Higher Education Grant (TEACH)","2021"
"ED","Teacher Education Assistance for College and Higher Education Grant (TEACH)","2022"
"ED","Teacher Quality Partnership Grants","2021"
"ED","Teacher Quality Partnership Grants","2022"
"ED","Temporary Emergency Impact Aid for Displaced Students","2021"
"ED","Title I Grants to Local Educational Agencies","2021"
"ED","Title I Grants to Local Educational Agencies","2022"
"ED","Title I Grants to Local Educational Agencies","2023"
"ED","Title I State Agency Program for Neglected and Delinquent Children and Youth","2021"
"ED","Title I State Agency Program for Neglected and Delinquent Children and Youth","2022"
"ED","Transition Programs for Students with Intellectual Disabilities into Higher Education","2021"
"ED","Transition Programs for Students with Intellectual Disabilities into Higher Education","2022"
"ED","Travel and Transportation - Department of Education","2021"
"ED","TRIO Educational Opportunity Centers","2021"
"ED","TRIO Educational Opportunity Centers","2022"
"ED","TRIO McNair Post-Baccalaureate Achievement","2021"
"ED","TRIO McNair Post-Baccalaureate Achievement","2022"
"ED","TRIO Staff Training Program","2021"
"ED","TRIO Student Support Services","2021"
"ED","TRIO Student Support Services","2022"
"ED","TRIO Talent Search","2021"
"ED","TRIO Talent Search","2022"
"ED","TRIO Upward Bound","2021"
"ED","TRIO Upward Bound","2022"
"ED","Twenty-First Century Community Learning Centers","2021"
"ED","Twenty-First Century Community Learning Centers","2022"
"ED","William D. Ford Federal Direct Loan Program","2021"
"ED","William D. Ford Federal Direct Loan Program","2022"
"ED","William D. Ford Federal Direct Loan Program","2023"
"ED","William D. Ford Federal Direct Loan Program","2024"
"ED","William D. Ford Federal Direct Loan Program","2025"
"EEOC","Pay and Benefits","2022"
"EEOC","Travel","2022"
"EEOC","Vendor Payments","2022"
"EPA","Clean Water State Revolving Fund","2021"
"EPA","Clean Water State Revolving Fund","2022"
"EPA","Commodities - Environmental Protection Agency","2021"
"EPA","Commodities - Environmental Protection Agency","2022"
"EPA","Compliance Assistance Support for Services to the Regulated Community and Other Assistance Providers","2021"
"EPA","Compliance Assistance Support for Services to the Regulated Community and Other Assistance Providers","2022"
"EPA","Compliance Assistance Support for Services to the Regulated Community and Other Assistance Providers","2024"
"EPA","Contracts - Environmental Protection Agency","2021"
"EPA","Contracts - Environmental Protection Agency","2022"
"EPA","Disaster Relief - Hurricane Sandy Fund (Sandy)","2021"
"EPA","Disaster Relief - Hurricane Sandy Fund (Sandy)","2022"
"EPA","Disaster Relief Funds (2018)","2021"
"EPA","Disaster Relief Funds (2018)","2022"
"EPA","Drinking Water State Revolving Fund","2021"
"EPA","Drinking Water State Revolving Fund","2022"
"EPA","Payroll - Environmental Protection Agency","2021"
"EPA","Payroll - Environmental Protection Agency","2022"
"EPA","Purchase Cards - Environmental Protection Agency","2021"
"EPA","Purchase Cards - Environmental Protection Agency","2022"
"EPA","Travel - Environmental Protection Agency","2021"
"EPA","Travel - Environmental Protection Agency","2022"
"EXIM","Cash-control Disbursements","2022"
"EXIM","Long-term Authorizations","2022"
"EXIM","Medium-term Authorizations","2022"
"EXIM","Short-term Authorizations","2022"
"FCC","Connected Care Pilot Program","2022"
"FCC","COVID-19 Telehealth","2021"
"FCC","COVID-19 Telehealth","2022"
"FCC","Emergency Broadband Benefit Program (EBBP)","2022"
"FCC","FCC Affordable Connectivity Program (ACP)","2022"
"FCC","FCC Affordable Connectivity Program Outreach Grants","2022"
"FCC","FCC Emergency Connectivity Fund (ECF)","2022"
"FCC","FCC Secured & Trusted Communications Network Reimbursement Program (STCNRP)","2022"
"FCC","Federal Communications Commission Operating Expenses","2021"
"FCC","Federal Communications Commission Operating Expenses","2022"
"FCC","North American Numbering Plan","2021"
"FCC","North American Numbering Plan","2022"
"FCC","Telecommunications Relay Service","2021"
"FCC","Telecommunications Relay Service","2022"
"FCC","Telecommunications Relay Service","2023"
"FCC","TV Broadcasting Relocation Fund","2021"
"FCC","TV Broadcasting Relocation Fund","2022"
"FCC","Universal Service Administrative Company (USAC) - Administrative Costs","2021"
"FCC","Universal Service Administrative Company (USAC) - Administrative Costs","2022"
"FCC","Universal Service Fund - High Cost Legacy","2021"
"FCC","Universal Service Fund - High Cost Legacy","2022"
"FCC","Universal Service Fund - High Cost Legacy","2023"
"FCC","Universal Service Fund - High Cost Legacy","2024"
"FCC","Universal Service Fund - High Cost Legacy","2025"
"FCC","Universal Service Fund - Rural Health Care","2021"
"FCC","Universal Service Fund - Rural Health Care","2022"
"FCC","Universal Service Fund - Schools and Libraries","2021"
"FCC","Universal Service Fund - Schools and Libraries","2022"
"FCC","Universal Service Fund - Schools and Libraries","2023"
"FCC","Universal Service Fund - Schools and Libraries","2024"
"FCC","Universal Service Fund – Lifeline","2021"
"FCC","Universal Service Fund – Lifeline","2022"
"FCC","Universal Service Fund – Lifeline","2023"
"FCC","Universal Service Fund – Lifeline","2024"
"FCC","Universal Service Fund – Lifeline","2025"
"FMC","Office of Inspector General","2021"
"FMC","Operations and Administration","2021"
"GSA","Acquisition Services Fund - Operating","2021"
"GSA","Acquisition Services Fund - Operating","2022"
"GSA","Acquisition Workforce Training","2021"
"GSA","Acquisition Workforce Training","2022"
"GSA","Allowances, Pensions, and Office Staff","2021"
"GSA","Allowances, Pensions, and Office Staff","2022"
"GSA","Assisted Acquisition Services (AAS)","2021"
"GSA","Assisted Acquisition Services (AAS)","2022"
"GSA","Audit Contracts and Contract Administration","2021"
"GSA","Audit Contracts and Contract Administration","2022"
"GSA","Building Operations","2021"
"GSA","Building Operations","2022"
"GSA","Common Acquisition Platform (CAP)","2021"
"GSA","Common Acquisition Platform (CAP)","2022"
"GSA","Construction and Acquisition of Facilities","2021"
"GSA","Construction and Acquisition of Facilities","2022"
"GSA","Data Driven Innovation","2021"
"GSA","Digital Services","2021"
"GSA","Digital Services","2022"
"GSA","Direct Program Activity","2021"
"GSA","Direct Program Activity","2022"
"GSA","Disaster Emergency Funds","2021"
"GSA","Disaster Emergency Funds","2022"
"GSA","Electronic Government","2021"
"GSA","Electronic Government","2022"
"GSA","Employee Payments","2021"
"GSA","Employee Payments","2022"
"GSA","Environmental Review Improvement","2021"
"GSA","Environmental Review Improvement","2022"
"GSA","Federal Buildings and Courthouses","2021"
"GSA","Federal Buildings and Courthouses","2022"
"GSA","Federal Citizen Services Fund","2021"
"GSA","Federal Citizen Services Fund","2022"
"GSA","Government-wide Policy","2021"
"GSA","Government-wide Policy","2022"
"GSA","Government-wide Policy (Reimbursable)","2021"
"GSA","Government-wide Policy (Reimbursable)","2022"
"GSA","High-Performance Green Buildings - Major Repairs & Alterations","2021"
"GSA","High-Performance Green Buildings - Major Repairs & Alterations","2022"
"GSA","Information Technology Category","2021"
"GSA","Information Technology Category","2022"
"GSA","Installment Acquisition Payments","2021"
"GSA","Installment Acquisition Payments","2022"
"GSA","Integrated Award Environment","2021"
"GSA","Integrated Award Environment","2022"
"GSA","IT Modernization and Development","2021"
"GSA","IT Modernization and Development","2022"
"GSA","ITOR Oversight, Cybersecurity and Program Management","2021"
"GSA","ITOR Oversight, Cybersecurity and Program Management","2022"
"GSA","Land Ports of Entry","2021"
"GSA","Land Ports of Entry","2022"
"GSA","Lapsed Balances","2021"
"GSA","Lapsed Balances","2022"
"GSA","Office of Products and Programs","2021"
"GSA","Office of Products and Programs","2022"
"GSA","Operating Expenses (Direct)","2021"
"GSA","Operating Expenses (Direct)","2022"
"GSA","Operating Expenses (Reimbursable)","2021"
"GSA","Operating Expenses (Reimbursable)","2022"
"GSA","Pre-Election Transition","2021"
"GSA","Pre-Election Transition","2022"
"GSA","Presidential Transition","2021"
"GSA","Presidential Transition","2022"
"GSA","Purchase Cards","2021"
"GSA","Purchase Cards","2022"
"GSA","Real Property Relocation","2021"
"GSA","Real Property Relocation","2022"
"GSA","Real Property Utilization and Disposal","2021"
"GSA","Real Property Utilization and Disposal","2022"
"GSA","Reimbursable Program Activity","2021"
"GSA","Reimbursable Program Activity","2022"
"GSA","Rental of Space","2021"
"GSA","Rental of Space","2022"
"GSA","Repairs and Alterations","2021"
"GSA","Repairs and Alterations","2022"
"GSA","Sale of Federal Surplus Personal Property","2021"
"GSA","Sale of Federal Surplus Personal Property","2022"
"GSA","Space Management","2021"
"GSA","Space Management","2022"
"GSA","Special Services and Improvements","2021"
"GSA","Special Services and Improvements","2022"
"GSA","Technology Modernization Fund","2022"
"GSA","Technology Transformation Service","2021"
"GSA","Technology Transformation Service","2022"
"GSA","Travel, Transportation, and Logistics Categories","2021"
"GSA","Travel, Transportation, and Logistics Categories","2022"
"GSA","Unconditional Gifts","2021"
"GSA","Unconditional Gifts","2022"
"GSA","Working Capital Fund (Direct)","2021"
"GSA","Working Capital Fund (Direct)","2022"
"GSA","Working Capital Fund (Reimbursable)","2021"
"GSA","Working Capital Fund (Reimbursable)","2022"
"HHS","Administration for Children and Families (ACF) - Adoption and Legal Guardianship Incentive Payments Program","2022"
"HHS","Administration for Children and Families (ACF) - Adoption Assistance","2021"
"HHS","Administration for Children and Families (ACF) - Adoption Assistance","2022"
"HHS","Administration for Children and Families (ACF) - Adoption Opportunities","2022"
"HHS","Administration for Children and Families (ACF) - Affordable Care Act (ACA) Personal Responsibility Education Program","2022"
"HHS","Administration for Children and Families (ACF) - ARRA – Child Care and Development Block Grant","2022"
"HHS","Administration for Children and Families (ACF) - ARRA Emergency Contingency Fund for Temporary Assistance for Needy Families (TANF) State Program","2022"
"HHS","Administration for Children and Families (ACF) - Assets for Independence Demonstration Program","2022"
"HHS","Administration for Children and Families (ACF) - Assistance for Torture Victims","2022"
"HHS","Administration for Children and Families (ACF) - Basic Center Grant","2022"
"HHS","Administration for Children and Families (ACF) - Chafee Education and Training Vouchers Program (ETV)","2022"
"HHS","Administration for Children and Families (ACF) - Child Abuse and Neglect Discretionary Activities","2022"
"HHS","Administration for Children and Families (ACF) - Child Abuse and Neglect State Grants","2022"
"HHS","Administration for Children and Families (ACF) - Child Care and Development Fund","2021"
"HHS","Administration for Children and Families (ACF) - Child Care and Development Fund","2022"
"HHS","Administration for Children and Families (ACF) - Child Care and Development Fund","2023"
"HHS","Administration for Children and Families (ACF) - Child Care and Development Fund","2024"
"HHS","Administration for Children and Families (ACF) - Child Care and Development Fund","2025"
"HHS","Administration for Children and Families (ACF) - Child Care Stabilization Grants (American Rescue Plan)","2022"
"HHS","Administration for Children and Families (ACF) - Child Support Services","2022"
"HHS","Administration for Children and Families (ACF) - Child Support Services Research","2022"
"HHS","Administration for Children and Families (ACF) - Child Welfare Research Training or Demonstration","2021"
"HHS","Administration for Children and Families (ACF) - Child Welfare Research Training or Demonstration","2022"
"HHS","Administration for Children and Families (ACF) - Children's Justice Grants to States","2022"
"HHS","Administration for Children and Families (ACF) - Community Services Block Grant","2021"
"HHS","Administration for Children and Families (ACF) - Community Services Block Grant","2022"
"HHS","Administration for Children and Families (ACF) - Community Services Block Grant Discretionary Awards","2022"
"HHS","Administration for Children and Families (ACF) - Community-Based Child Abuse Prevention Grants","2022"
"HHS","Administration for Children and Families (ACF) - Demonstration Grants for Domestic Victims of Human Trafficking","2022"
"HHS","Administration for Children and Families (ACF) - Education and Prevention Grants to Reduce Sexual Abuse of Runaway, Homeless and Street Youth","2022"
"HHS","Administration for Children and Families (ACF) - Enhance Safety of Children Affected by Substance Abuse","2022"
"HHS","Administration for Children and Families (ACF) - Every Student Succeeds Act/Preschool Development Grants","2022"
"HHS","Administration for Children and Families (ACF) - Family Connection Grants","2022"
"HHS","Administration for Children and Families (ACF) - Family Violence Prevention and Services/Discretionary","2021"
"HHS","Administration for Children and Families (ACF) - Family Violence Prevention and Services/Discretionary","2022"
"HHS","Administration for Children and Families (ACF) - Family Violence Prevention and Services/Domestic Violence Shelter and Supportive Services","2022"
"HHS","Administration for Children and Families (ACF) - Family Violence Prevention and Services/State Domestic Violence Coalitions","2022"
"HHS","Administration for Children and Families (ACF) - Foster Care Title IV-E","2021"
"HHS","Administration for Children and Families (ACF) - Foster Care Title IV-E","2022"
"HHS","Administration for Children and Families (ACF) - Foster Care Title IV-E","2023"
"HHS","Administration for Children and Families (ACF) - Foster Care Title IV-E","2024"
"HHS","Administration for Children and Families (ACF) - Foster Care Title IV-E","2025"
"HHS","Administration for Children and Families (ACF) - Grants to Culturally Specific Populations (American Rescue Plan)","2022"
"HHS","Administration for Children and Families (ACF) - Grants to States for Access and Visitation Programs","2022"
"HHS","Administration for Children and Families (ACF) - Grants to Support Survivors of Sexual Assault (American Rescue Plan)","2022"
"HHS","Administration for Children and Families (ACF) - Guardianship Assistance","2021"
"HHS","Administration for Children and Families (ACF) - Guardianship Assistance","2022"
"HHS","Administration for Children and Families (ACF) - Head Start","2021"
"HHS","Administration for Children and Families (ACF) - Head Start","2022"
"HHS","Administration for Children and Families (ACF) - Head Start","2023"
"HHS","Administration for Children and Families (ACF) - Head Start","2024"
"HHS","Administration for Children and Families (ACF) - Head Start","2025"
"HHS","Administration for Children and Families (ACF) - Head Start Disaster Recovery","2021"
"HHS","Administration for Children and Families (ACF) - Head Start Disaster Recovery","2022"
"HHS","Administration for Children and Families (ACF) - Health Profession Opportunity Grants","2022"
"HHS","Administration for Children and Families (ACF) - Healthy Marriage Promotion and Responsible Fatherhood Grants","2021"
"HHS","Administration for Children and Families (ACF) - Healthy Marriage Promotion and Responsible Fatherhood Grants","2022"
"HHS","Administration for Children and Families (ACF) - Improving the Capability of Indian Tribal Governments to Regulate Environmental Quality","2022"
"HHS","Administration for Children and Families (ACF) - Infant Adoption Awareness Training","2022"
"HHS","Administration for Children and Families (ACF) - John H. Chafee Foster Care Program for Successful Transition to Adulthood","2022"
"HHS","Administration for Children and Families (ACF) - Low Income Household Water Assistance Program","2022"
"HHS","Administration for Children and Families (ACF) - Low-Income Home Energy Assistance","2021"
"HHS","Administration for Children and Families (ACF) - Low-Income Home Energy Assistance","2022"
"HHS","Administration for Children and Families (ACF) - MaryLee Allen Promoting Safe and Stable Families Program","2022"
"HHS","Administration for Children and Families (ACF) - Native American Community Research, Demonstration, and Pilot Projects","2022"
"HHS","Administration for Children and Families (ACF) - Native American Programs","2022"
"HHS","Administration for Children and Families (ACF) - Payments to Territories - Adults","2022"
"HHS","Administration for Children and Families (ACF) - Promote the Survival and Continuing Vitality of Native American Languages","2022"
"HHS","Administration for Children and Families (ACF) - Refugee and Entrant Assistance Discretionary Grants","2022"
"HHS","Administration for Children and Families (ACF) - Refugee and Entrant Assistance State/Replacement Designee Administered Programs","2022"
"HHS","Administration for Children and Families (ACF) - Refugee and Entrant Assistance Targeted Assistance Grants","2022"
"HHS","Administration for Children and Families (ACF) - Refugee and Entrant Assistance Voluntary Agency Programs","2022"
"HHS","Administration for Children and Families (ACF) - Refugee and Entrant Assistance Wilson/Fish Program","2022"
"HHS","Administration for Children and Families (ACF) - Services to Victims of a Severe Form of Trafficking","2022"
"HHS","Administration for Children and Families (ACF) - Sexual Risk Avoidance Education","2022"
"HHS","Administration for Children and Families (ACF) - Social Services Block Grant","2022"
"HHS","Administration for Children and Families (ACF) - Social Services Research and Demonstration","2022"
"HHS","Administration for Children and Families (ACF) - State Court Improvement Program","2022"
"HHS","Administration for Children and Families (ACF) - Stephanie Tubbs Jones Child Welfare Services Program","2022"
"HHS","Administration for Children and Families (ACF) - Temporary Assistance for Needy Families","2021"
"HHS","Administration for Children and Families (ACF) - Temporary Assistance for Needy Families","2022"
"HHS","Administration for Children and Families (ACF) - Temporary Assistance for Needy Families","2023"
"HHS","Administration for Children and Families (ACF) - Temporary Assistance for Needy Families","2024"
"HHS","Administration for Children and Families (ACF) - Temporary Assistance for Needy Families","2025"
"HHS","Administration for Children and Families (ACF) - Title IV-E Kinship Navigator Program","2022"
"HHS","Administration for Children and Families (ACF) - Title IV-E Prevention Program","2022"
"HHS","Administration for Children and Families (ACF) - Title V Sexual Risk Avoidance Education Program (Discretionary Grants)","2022"
"HHS","Administration for Children and Families (ACF) - Title V State Sexual Risk Avoidance Education (Title V State SRAE) Program","2022"
"HHS","Administration for Children and Families (ACF) - Transitional Living for Homeless Youth","2022"
"HHS","Administration for Children and Families (ACF) - Tribal Maternal, Infant, and Early Childhood Home Visiting","2022"
"HHS","Administration for Children and Families (ACF) - Tribal Work Grants","2022"
"HHS","Administration for Children and Families (ACF) - U.S. Repatriation","2022"
"HHS","Administration for Children and Families (ACF) - Unaccompanied Alien Children Program","2021"
"HHS","Administration for Children and Families (ACF) - Unaccompanied Alien Children Program","2022"
"HHS","Administration for Children and Families (ACF) - Welfare Reform Research, Evaluations and National Studies","2022"
"HHS","Administration for Community Living (ACL) - State Aging Formula Programs","2021"
"HHS","Administration for Community Living (ACL) - State Aging Formula Programs","2022"
"HHS","Administration for Strategic Preparedness & Response (ASPR) Office of Preparedness","2022"
"HHS","Agency for Healthcare Research and Quality (AHRQ) - Medical Expenditure Panel Survey","2021"
"HHS","Agency for Healthcare Research and Quality (AHRQ) - Medical Expenditure Panel Survey","2022"
"HHS","Agency for Healthcare Research and Quality (AHRQ) - Program Support","2022"
"HHS","Agency for Healthcare Research and Quality (AHRQ) - Research on Health Costs, Quality, and Outcomes","2022"
"HHS","ASPR Public Health and Social Services Emergecy Fund Salaries and Benefits - Disaster Relief","2021"
"HHS","ASPR Public Health Emergency and Social Services Emergency Fund MITRE Support Contract - Disaster Relief","2021"
"HHS","CDC Disaster Relief","2021"
"HHS","CDC Office of Operations","2021"
"HHS","Centers for Disease Control (CDC) Office of Minority Health and Health Equity","2022"
"HHS","Centers for Disease Control and Prevention (CDC) - Global Health Center","2022"
"HHS","Centers for Disease Control and Prevention (CDC) - National Center for Chronic Disease Prevention and Health Promotion","2022"
"HHS","Centers for Disease Control and Prevention (CDC) - National Center for Emerging and Zoonotic Infectious Diseases","2022"
"HHS","Centers for Disease Control and Prevention (CDC) - National Center for Environmental Health/Agency for Toxic Substances and Disease Registry (ATSDR)","2022"
"HHS","Centers for Disease Control and Prevention (CDC) - National Center for Health Statistics","2022"
"HHS","Centers for Disease Control and Prevention (CDC) - National Center for HIV, Viral Hepatitis, STD, and TB Prevention","2022"
"HHS","Centers for Disease Control and Prevention (CDC) - National Center for Immunization and Respiratory Diseases","2022"
"HHS","Centers for Disease Control and Prevention (CDC) - National Center for Injury Prevention and Control","2022"
"HHS","Centers for Disease Control and Prevention (CDC) - National Center for State, Tribal, Local, and Territorial Public Health Infrastructure and Workforce","2022"
"HHS","Centers for Disease Control and Prevention (CDC) - National Center on Birth Defects and Developmental Disabilities","2022"
"HHS","Centers for Disease Control and Prevention (CDC) - National Institute for Occupational Safety and Health","2022"
"HHS","Centers for Disease Control and Prevention (CDC) - Office of Laboratory Systems and Response","2022"
"HHS","Centers for Disease Control and Prevention (CDC) - Office of Science","2022"
"HHS","Centers for Disease Control and Prevention (CDC) - Office of the Director","2022"
"HHS","Centers for Disease Control and Prevention (CDC) Center for Forecasting and Outbreak Analytics","2022"
"HHS","Centers for Disease Control and Prevention (CDC) Deputy Director for Infectious Diseases","2022"
"HHS","Centers for Disease Control and Prevention (CDC) Deputy Director for Non-Infectious Disease","2022"
"HHS","Centers for Disease Control and Prevention (CDC) Deputy Director for Public Health Services and Implementation Science","2022"
"HHS","Centers for Disease Control and Prevention (CDC) National Center for Environmental Health/Agency for Toxic Substances and Disease Registry (ATSDR)","2022"
"HHS","Centers for Disease Control and Prevention (CDC) Office of Public Health Data, Surveillance, and Technology","2022"
"HHS","Centers for Disease Control and Prevention (CDC) Office of Readiness and Response","2021"
"HHS","Centers for Disease Control and Prevention (CDC) Office of Readiness and Response","2022"
"HHS","Centers for Disease Control and Prevention (CDC) Vaccines for Children","2022"
"HHS","Centers for Medicare & Medicaid Services (CMS) - Advance Premium Tax Credit (APTC)","2022"
"HHS","Centers for Medicare & Medicaid Services (CMS) - Advance Premium Tax Credit (APTC)","2023"
"HHS","Centers for Medicare & Medicaid Services (CMS) - Advance Premium Tax Credit (APTC)","2024"
"HHS","Centers for Medicare & Medicaid Services (CMS) - Advance Premium Tax Credit (APTC)","2025"
"HHS","Centers for Medicare & Medicaid Services (CMS) - Basic Health Program","2022"
"HHS","Centers for Medicare & Medicaid Services (CMS) - Children's Health Insurance Program (CHIP)","2021"
"HHS","Centers for Medicare & Medicaid Services (CMS) - Children's Health Insurance Program (CHIP)","2022"
"HHS","Centers for Medicare & Medicaid Services (CMS) - Children's Health Insurance Program (CHIP)","2023"
"HHS","Centers for Medicare & Medicaid Services (CMS) - Children's Health Insurance Program (CHIP)","2024"
"HHS","Centers for Medicare & Medicaid Services (CMS) - Children's Health Insurance Program (CHIP)","2025"
"HHS","Centers for Medicare & Medicaid Services (CMS) - Federal Exchange Operations","2022"
"HHS","Centers for Medicare & Medicaid Services (CMS) - Medicaid","2021"
"HHS","Centers for Medicare & Medicaid Services (CMS) - Medicaid","2022"
"HHS","Centers for Medicare & Medicaid Services (CMS) - Medicaid","2023"
"HHS","Centers for Medicare & Medicaid Services (CMS) - Medicaid","2024"
"HHS","Centers for Medicare & Medicaid Services (CMS) - Medicaid","2025"
"HHS","Centers for Medicare & Medicaid Services (CMS) - Medicare Advantage (Part C)","2021"
"HHS","Centers for Medicare & Medicaid Services (CMS) - Medicare Advantage (Part C)","2022"
"HHS","Centers for Medicare & Medicaid Services (CMS) - Medicare Advantage (Part C)","2023"
"HHS","Centers for Medicare & Medicaid Services (CMS) - Medicare Advantage (Part C)","2024"
"HHS","Centers for Medicare & Medicaid Services (CMS) - Medicare Advantage (Part C)","2025"
"HHS","Centers for Medicare & Medicaid Services (CMS) - Medicare Fee-for-Service (FFS)","2021"
"HHS","Centers for Medicare & Medicaid Services (CMS) - Medicare Fee-for-Service (FFS)","2022"
"HHS","Centers for Medicare & Medicaid Services (CMS) - Medicare Fee-for-Service (FFS)","2023"
"HHS","Centers for Medicare & Medicaid Services (CMS) - Medicare Fee-for-Service (FFS)","2024"
"HHS","Centers for Medicare & Medicaid Services (CMS) - Medicare Fee-for-Service (FFS)","2025"
"HHS","Centers for Medicare & Medicaid Services (CMS) - Medicare Prescription Drug Benefit (Part D)","2021"
"HHS","Centers for Medicare & Medicaid Services (CMS) - Medicare Prescription Drug Benefit (Part D)","2022"
"HHS","Centers for Medicare & Medicaid Services (CMS) - Medicare Prescription Drug Benefit (Part D)","2023"
"HHS","Centers for Medicare & Medicaid Services (CMS) - Medicare Prescription Drug Benefit (Part D)","2024"
"HHS","Centers for Medicare & Medicaid Services (CMS) - Medicare Prescription Drug Benefit (Part D)","2025"
"HHS","Centers for Medicare & Medicaid Services (CMS) - Medicare Shared Savings (Hospital Insurance)","2022"
"HHS","Centers for Medicare & Medicaid Services (CMS) - Medicare-Medicaid Coordination","2022"
"HHS","Centers for Medicare & Medicaid Services (CMS) - Navigator Grants","2022"
"HHS","Centers for Medicare & Medicaid Services (CMS) - Primary Care First Model Options","2022"
"HHS","Centers for Medicare & Medicaid Services (CMS) - Private Insurance Risk Adjustment Program","2022"
"HHS","Centers for Medicare & Medicaid Services (CMS) Consumer Operated and Oriented Plan","2022"
"HHS","Centers for Medicare & Medicaid Services (CMS) Medicare Fee-for-Service (FFS) - Accelerated and Advance Payment Program","2021"
"HHS","Centers for Medicare & Medicaid Services (CMS) Medicare Fee-for-Service (FFS) - Accelerated and Advance Payment Program","2022"
"HHS","Centers for Medicare & Medicaid Services (CMS) Merit-Based Incentive Payment System","2022"
"HHS","Centers for Medicare & Medicaid Services (CMS) Quality Activities (Medicare Fee-for-Service)","2021"
"HHS","Centers for Medicare & Medicaid Services (CMS) Quality Activities (Medicare Fee-for-Service)","2022"
"HHS","Centers for Medicare & Medicaid Services (CMS) Risk Corridors","2022"
"HHS","Centers for Medicare & Medicaid Services (CMS) State Marketplace Establishment Grants","2022"
"HHS","Centers for Medicare & Medicaid Services (CMS) Transitional Reinsurance","2022"
"HHS","Centers for Medicare & Medicaid Services (CMS) Women’s Preventive Services Exemption","2022"
"HHS","Food and Drug Administration (FDA) - Animal Drugs and Feed","2022"
"HHS","Food and Drug Administration (FDA) - Buildings and Facilities","2022"
"HHS","Food and Drug Administration (FDA) - Center for Biologics","2021"
"HHS","Food and Drug Administration (FDA) - Center for Biologics","2022"
"HHS","Food and Drug Administration (FDA) - Center for Devices and Radiological Health","2021"
"HHS","Food and Drug Administration (FDA) - Center for Devices and Radiological Health","2022"
"HHS","Food and Drug Administration (FDA) - Coronavirus Emergency Funding Supplemental","2022"
"HHS","Food and Drug Administration (FDA) - CURES Activities","2022"
"HHS","Food and Drug Administration (FDA) - Foods","2022"
"HHS","Food and Drug Administration (FDA) - GSA Rental Payments","2021"
"HHS","Food and Drug Administration (FDA) - GSA Rental Payments","2022"
"HHS","Food and Drug Administration (FDA) - Human Drugs","2021"
"HHS","Food and Drug Administration (FDA) - Human Drugs","2022"
"HHS","Food and Drug Administration (FDA) - National Center for Toxicological Research","2022"
"HHS","Food and Drug Administration (FDA) - Other Headquarters Activities","2022"
"HHS","Food and Drug Administration (FDA) - Other Rent and Rent Related Activities","2021"
"HHS","Food and Drug Administration (FDA) - Other Rent and Rent Related Activities","2022"
"HHS","Food and Drug Administration (FDA) - Payment to FDA Innovation","2022"
"HHS","Food and Drug Administration (FDA) - Reimbursable Program - Federal Sources","2022"
"HHS","Food and Drug Administration (FDA) - Reimbursable Program - User Fees","2022"
"HHS","Food and Drug Administration (FDA) - User fees (Non General Fund)","2022"
"HHS","Food and Drug Administration (FDA) - Working Capital Fund","2021"
"HHS","Food and Drug Administration (FDA) - Working Capital Fund","2022"
"HHS","Health and Human Services (HHS)","2021"
"HHS","Health Resources and Services Administration (HRSA) - Claims Processing (Department of Justice)","2022"
"HHS","Health Resources and Services Administration (HRSA) - Compensation Claims for Post-FY 1989 Injuries","2022"
"HHS","Health Resources and Services Administration (HRSA) - Health Care Systems","2022"
"HHS","Health Resources and Services Administration (HRSA) - Health Workforce","2022"
"HHS","Health Resources and Services Administration (HRSA) - Primary Health Care","2021"
"HHS","Health Resources and Services Administration (HRSA) - Primary Health Care","2022"
"HHS","Health Resources and Services Administration (HRSA) - Primary Health Care Health Centers and Free Clinics","2021"
"HHS","Health Resources and Services Administration (HRSA) - Primary Health Care Health Centers and Free Clinics","2022"
"HHS","Health Resources and Services Administration (HRSA) - Program Management","2022"
"HHS","Health Resources and Services Administration (HRSA) - Provider Relief Fund General and Targeted","2021"
"HHS","Health Resources and Services Administration (HRSA) - Provider Relief Fund General and Targeted","2022"
"HHS","Health Resources and Services Administration (HRSA) - Provider Relief Fund General and Targeted","2023"
"HHS","Health Resources and Services Administration (HRSA) - Provider Relief Fund General and Targeted","2024"
"HHS","Health Resources and Services Administration (HRSA) - Provider Relief Fund Uninsured","2021"
"HHS","Health Resources and Services Administration (HRSA) - Provider Relief Fund Uninsured","2022"
"HHS","Health Resources and Services Administration (HRSA) - Provider Relief Fund Uninsured","2024"
"HHS","Health Resources and Services Administration (HRSA) - Reimbursable","2022"
"HHS","Health Resources and Services Administration (HRSA) - Rural Health","2022"
"HHS","Health Resources and Services Administration (HRSA) - Ryan White HIV/AIDS","2022"
"HHS","Health Resources and Services Administration (HRSA) – COVID-19 Claims Reimbursement to Health Care Providers and Facilities for Testing, Treatment, and Vaccine Administration for the Uninsured Program (UIP)","2023"
"HHS","Indian Health Service (IHS) - Purchased/Referred Care (Clinical Services)","2022"
"HHS","Indian Health Service (IHS) - Contract Support Costs","2022"
"HHS","Indian Health Service (IHS) - Hospitals and Health Clinics (Clinical Services)","2022"
"HHS","Indian Health Service (IHS) Clinical Services - Testing, Tracing, Containment, Mitigation, and Related Activities (Transfer from Public Health Emergency and Social Services Emergency Fund) - Disaster Relief","2021"
"HHS","Indian Health Service (IHS) Clinical Services - Testing, Tracing, Containment, Mitigation, and Related Activities (Transfer from Public Health Emergency and Social Services Emergency Fund) - Disaster Relief","2022"
"HHS","Indian Health Service (IHS) Testing, Contact Tracing, Monitoring, and Mitigation - Disaster Relief","2021"
"HHS","Indian Health Service (IHS) Testing, Contact Tracing, Monitoring, and Mitigation - Disaster Relief","2022"
"HHS","National Institutes of Health (NIH) - National Cancer Institute","2021"
"HHS","National Institutes of Health (NIH) - National Cancer Institute","2022"
"HHS","National Institutes of Health (NIH) - Office of the Director","2022"
"HHS","National Institutes of Health (NIH) Contract Payments","2022"
"HHS","National Institutes of Health (NIH) National Institute of Allergy and Infectious Diseases (NIAID)","2022"
"HHS","National Institutes of Health (NIH) National Institute of Environmental Health Sciences (NIEHS)","2022"
"HHS","National Institutes of Health (NIH) Purchase Care Program","2022"
"HHS","National Institutes of Health (NIH) Rapid Acceleration of Diagnostics","2022"
"HHS","National Institutes of Health (NIH) Small Business Innovation Research","2021"
"HHS","National Institutes of Health (NIH) Small Business Innovation Research","2022"
"HHS","OASH Office on Women's Health","2022"
"HHS","OASH Public Health Service Evaluation Set-Aside Program","2021"
"HHS","Office of the National Coordinator for Health Information Technology (ONC) Certified Health IT Surveillance Capacity and Infrastructure Improvement Cooperative Agreement Program","2022"
"HHS","Office of the National Coordinator for Health Information Technology (ONC) Closing the Gap between Standards Development and Implementation Maturing the Consolidated Clinical Document Architecture and Fast Healthcare Interoperability Resources","2022"
"HHS","Office of the National Coordinator for Health Information Technology (ONC) Market Transparency Project for Health Information Technology Interoperability Services","2022"
"HHS","Office of the Secretary (OS) Assistant Secretary for Preparedness and Response (ASPR) Continuity of Operations","2022"
"HHS","Office of the Secretary (OS) Assistant Secretary for Preparedness and Response (ASPR) Human Capital (Service and Supply Fund)","2022"
"HHS","Office of the Secretary (OS) Office of the National Coordinator for Health Information Technology (ONC) Health Level 7","2022"
"HHS","Office of the Secretary (OS) Office of the National Coordinator for Health Information Technology (ONC) Tracking Use and Impacts of Health Information Technology on Office-Based Physicians","2022"
"HHS","ONC Integrating the Healthcare Enterprise USA","2021"
"HHS","ONC Trusted Exchange Framework Common Agreement","2021"
"HHS","SAMHSA Mental Health","2021"
"HHS","SAMHSA Substance Abuse Treatment","2021"
"HHS","Substance Abuse and Mental Health Services Administration (SAMHSA) - Certified Community Behavioral Health Clinics","2022"
"HHS","Substance Abuse and Mental Health Services Administration (SAMHSA) - Disaster Relief","2022"
"HHS","Substance Abuse and Mental Health Services Administration (SAMHSA) - Homelessness Prevention Programs","2022"
"HHS","Substance Abuse and Mental Health Services Administration (SAMHSA) - Linking Actions for Unmet Needs in Children's Health (Project LAUNCH)","2022"
"HHS","Substance Abuse and Mental Health Services Administration (SAMHSA) - Projects for Assistance in Transition from Homelessness","2022"
"HHS","Substance Abuse and Mental Health Services Administration (SAMHSA) - State Opioid Response","2022"
"HHS","Substance Abuse and Mental Health Services Administration (SAMHSA) Congressional Directive Spending Projects","2022"
"HHS","Substance Abuse and Mental Health Services Administration (SAMHSA) Emergency Grants to Address Mental and Substance Use Disorders During COVID-19 - Disaster Relief","2022"
"HHS","Substance Abuse and Mental Health Services Administration (SAMHSA) Health Surveillance and Program Support","2022"
"HHS","Substance Abuse and Mental Health Services Administration (SAMHSA) Mental Health","2022"
"HHS","Substance Abuse and Mental Health Services Administration (SAMHSA) National Suicide Prevention Lifeline Expansion","2022"
"HHS","Substance Abuse and Mental Health Services Administration (SAMHSA) Substance Abuse Prevention","2022"
"HHS","Substance Abuse and Mental Health Services Administration (SAMHSA) Substance Abuse Treatment","2022"
"HHS","Substance Abuse and Mental Health Services Administration (SAMHSA) Tribal Behavioral Health Grants","2022"
"HUD","Community Planning and Development - American Recovery and Reinvestment Act of 2009 (ARRA) Community Development Fund","2021"
"HUD","Community Planning and Development - American Recovery and Reinvestment Act of 2009 (ARRA) Community Development Fund","2022"
"HUD","Community Planning and Development - Appalachian Regional Commission Projects","2021"
"HUD","Community Planning and Development - Appalachian Regional Commission Projects","2022"
"HUD","Community Planning and Development - Capacity Building","2021"
"HUD","Community Planning and Development - Capacity Building","2022"
"HUD","Community Planning and Development - Community Development Block Grant – Disaster Recovery","2021"
"HUD","Community Planning and Development - Community Development Block Grant – Disaster Recovery","2022"
"HUD","Community Planning and Development - Community Development Block Grant – DRAA-Sandy","2021"
"HUD","Community Planning and Development - Community Development Block Grant – DRAA-Sandy","2022"
"HUD","Community Planning and Development - Community Development Block Grants (CDBG) - CDBG Insular Areas - CDBG Entitlement - CDBG Non-Entitlement","2021"
"HUD","Community Planning and Development - Community Development Block Grants (CDBG) - CDBG Insular Areas - CDBG Entitlement - CDBG Non-Entitlement","2022"
"HUD","Community Planning and Development - Community Development Loan Guarantees- Section 108","2021"
"HUD","Community Planning and Development - Community Development Loan Guarantees- Section 108","2022"
"HUD","Community Planning and Development - Congressional Earmarks – Economic Development Initiative – Special Projects /Neighborhood Initiatives","2021"
"HUD","Community Planning and Development - Congressional Earmarks – Economic Development Initiative – Special Projects /Neighborhood Initiatives","2022"
"HUD","Community Planning and Development - Department of Transportation Surface Transportation Projects","2021"
"HUD","Community Planning and Development - Department of Transportation Surface Transportation Projects","2022"
"HUD","Community Planning and Development - Economic Development Initiative/Brownfields Redevelopment Economic Development Initiative","2021"
"HUD","Community Planning and Development - Economic Development Initiative/Brownfields Redevelopment Economic Development Initiative","2022"
"HUD","Community Planning and Development - HOME Investments Partnership Program","2021"
"HUD","Community Planning and Development - HOME Investments Partnership Program","2022"
"HUD","Community Planning and Development - Homeless Assistance Grants","2021"
"HUD","Community Planning and Development - Homeless Assistance Grants","2022"
"HUD","Community Planning and Development - Homeless Prevention Rapid Re-Housing","2021"
"HUD","Community Planning and Development - Homeless Prevention Rapid Re-Housing","2022"
"HUD","Community Planning and Development - Housing Opportunities for Persons with AIDS","2021"
"HUD","Community Planning and Development - Housing Opportunities for Persons with AIDS","2022"
"HUD","Community Planning and Development - Housing Trust Fund","2021"
"HUD","Community Planning and Development - Housing Trust Fund","2022"
"HUD","Community Planning and Development - Nehemiah Housing Opportunity Grants","2021"
"HUD","Community Planning and Development - Nehemiah Housing Opportunity Grants","2022"
"HUD","Community Planning and Development - Neighborhood Initiatives Program","2021"
"HUD","Community Planning and Development - Neighborhood Initiatives Program","2022"
"HUD","Community Planning and Development - Neighborhood Stabilization Program","2021"
"HUD","Community Planning and Development - Neighborhood Stabilization Program","2022"
"HUD","Community Planning and Development - Project Based Section 8 - Renewal of Expiring Sec. 8 Mod Rehab SRO","2021"
"HUD","Community Planning and Development - Project Based Section 8 - Renewal of Expiring Sec. 8 Mod Rehab SRO","2022"
"HUD","Community Planning and Development - Public Laws 115-123, 115-56, and 115-72","2021"
"HUD","Community Planning and Development - Public Laws 115-123, 115-56, and 115-72","2022"
"HUD","Community Planning and Development - Rural Housing and Economic Development","2021"
"HUD","Community Planning and Development - Rural Housing and Economic Development","2022"
"HUD","Community Planning and Development - Rural Innovation Fund","2021"
"HUD","Community Planning and Development - Rural Innovation Fund","2022"
"HUD","Community Planning and Development - Self-Help Homeownership Opportunity Program (SHOP)","2021"
"HUD","Community Planning and Development - Self-Help Homeownership Opportunity Program (SHOP)","2022"
"HUD","Community Planning and Development - Sustainable Communities Initiative Program","2021"
"HUD","Community Planning and Development - Sustainable Communities Initiative Program","2022"
"HUD","Community Planning and Development - Veterans Housing Rehab Program","2021"
"HUD","Community Planning and Development - Veterans Housing Rehab Program","2022"
"HUD","Fair Housing and Equal Opportunity - Fair Housing Assistance Program","2021"
"HUD","Fair Housing and Equal Opportunity - Fair Housing Assistance Program","2022"
"HUD","Fair Housing and Equal Opportunity - Fair Housing Initiatives Program","2021"
"HUD","Fair Housing and Equal Opportunity - Fair Housing Initiatives Program","2022"
"HUD","Federal Housing Administration - Contracts/Grants (includes Single Family Upfront Grants)","2021"
"HUD","Federal Housing Administration - Contracts/Grants (includes Single Family Upfront Grants)","2022"
"HUD","Federal Housing Administration - Federal Finance Bank Direct Loans","2021"
"HUD","Federal Housing Administration - Federal Finance Bank Direct Loans","2022"
"HUD","Federal Housing Administration - Home Equity Conversion Mortgage (HECM) Claims","2021"
"HUD","Federal Housing Administration - Home Equity Conversion Mortgage (HECM) Claims","2022"
"HUD","Federal Housing Administration - Home Equity Conversion Mortgage (HECM) Notes","2021"
"HUD","Federal Housing Administration - Home Equity Conversion Mortgage (HECM) Notes","2022"
"HUD","Federal Housing Administration - Multi-Family Insurance Claims (MFIC)","2021"
"HUD","Federal Housing Administration - Multi-Family Insurance Claims (MFIC)","2022"
"HUD","Federal Housing Administration - Multi-Family Notes","2021"
"HUD","Federal Housing Administration - Multi-Family Notes","2022"
"HUD","Federal Housing Administration - Multi-Family Premium Refunds","2021"
"HUD","Federal Housing Administration - Multi-Family Premium Refunds","2022"
"HUD","Federal Housing Administration - Multi-Family Property","2021"
"HUD","Federal Housing Administration - Multi-Family Property","2022"
"HUD","Federal Housing Administration - Other Disbursements","2021"
"HUD","Federal Housing Administration - Other Disbursements","2022"
"HUD","Federal Housing Administration - Single Family Claims","2021"
"HUD","Federal Housing Administration - Single Family Claims","2022"
"HUD","Federal Housing Administration - Single Family Notes","2021"
"HUD","Federal Housing Administration - Single Family Notes","2022"
"HUD","Federal Housing Administration - Single Family Premium Refunds - Distributive Shares and Refund System","2021"
"HUD","Federal Housing Administration - Single Family Premium Refunds - Distributive Shares and Refund System","2022"
"HUD","Federal Housing Administration - Single Family Property (Single Family Acquired Asset Management System) (SAMS)","2021"
"HUD","Federal Housing Administration - Single Family Property (Single Family Acquired Asset Management System) (SAMS)","2022"
"HUD","Federal Housing Administration - Title I Claims","2021"
"HUD","Federal Housing Administration - Title I Claims","2022"
"HUD","Federal Housing Administration - Title I Notes","2021"
"HUD","Federal Housing Administration - Title I Notes","2022"
"HUD","Ginnie Mae - Contractor Payments","2021"
"HUD","Ginnie Mae - Contractor Payments","2022"
"HUD","Ginnie Mae - Master Sub-Servicer Default Activity","2021"
"HUD","Ginnie Mae - Master Sub-Servicer Default Activity","2022"
"HUD","Ginnie Mae - Pass Through Assistance Program (PTAP)","2021"
"HUD","Ginnie Mae - Pass Through Assistance Program (PTAP)","2022"
"HUD","Ginnie Mae - Refunds Program","2021"
"HUD","Ginnie Mae - Refunds Program","2022"
"HUD","Ginnie Mae - Soldiers' and Sailors' Civil Relief Act Program Reimbursement and Multi-Family 1% Reimbursement Program","2021"
"HUD","Ginnie Mae - Soldiers' and Sailors' Civil Relief Act Program Reimbursement and Multi-Family 1% Reimbursement Program","2022"
"HUD","Ginnie Mae - Unclaimed Security Holder Payments","2021"
"HUD","Ginnie Mae - Unclaimed Security Holder Payments","2022"
"HUD","Housing - College Housing Debt Service Grants","2021"
"HUD","Housing - College Housing Debt Service Grants","2022"
"HUD","Housing - Emergency Homeowners' Loan Program - Direct Loan Financing Account","2021"
"HUD","Housing - Emergency Homeowners' Loan Program - Direct Loan Financing Account","2022"
"HUD","Housing - Emergency Homeowners' Relief Fund","2021"
"HUD","Housing - Emergency Homeowners' Relief Fund","2022"
"HUD","Housing - Energy Innovation Fund","2021"
"HUD","Housing - Energy Innovation Fund","2022"
"HUD","Housing - Flexible Subsidy","2021"
"HUD","Housing - Flexible Subsidy","2022"
"HUD","Housing - Green Retrofit Program for Multi-Family Housing - Recovery Act","2021"
"HUD","Housing - Green Retrofit Program for Multi-Family Housing - Recovery Act","2022"
"HUD","Housing - Housing Counseling Assistance","2021"
"HUD","Housing - Housing Counseling Assistance","2022"
"HUD","Housing - Housing for Special Populations- Capital Advance portion of expenditures, Section 202","2021"
"HUD","Housing - Housing for Special Populations- Capital Advance portion of expenditures, Section 202","2022"
"HUD","Housing - Housing for the Elderly or Handicapped - Direct Loan Liquidating Account - Section 202","2021"
"HUD","Housing - Housing for the Elderly or Handicapped - Direct Loan Liquidating Account - Section 202","2022"
"HUD","Housing - Manufactured Housing","2021"
"HUD","Housing - Manufactured Housing","2022"
"HUD","Housing - Multi-Family Upfront Grants - General Insurance and Special Risk Insurance Fund","2021"
"HUD","Housing - Multi-Family Upfront Grants - General Insurance and Special Risk Insurance Fund","2022"
"HUD","Housing - Rent Supplement","2021"
"HUD","Housing - Rent Supplement","2022"
"HUD","Housing - Rental Housing Assistance Program (RHAP) - Project Based Rental Assistance - Project Based Section 8 - Rental Housing Assistance Program- Section 236 - Housing for Persons with Disability- Section 811","2021"
"HUD","Housing - Rental Housing Assistance Program (RHAP) - Project Based Rental Assistance - Project Based Section 8 - Rental Housing Assistance Program- Section 236 - Housing for Persons with Disability- Section 811","2022"
"HUD","Housing - Rental Housing Assistance Program (RHAP) - Project Based Rental Assistance - Project Based Section 8 - Rental Housing Assistance Program- Section 236 - Housing for Persons with Disability- Section 811","2023"
"HUD","Housing - Rental Housing Assistance Program (RHAP) - Project Based Rental Assistance - Project Based Section 8 - Rental Housing Assistance Program- Section 236 - Housing for Persons with Disability- Section 811","2024"
"HUD","Housing - Rental Housing Assistance Program (RHAP) - Project Based Rental Assistance - Project Based Section 8 - Rental Housing Assistance Program- Section 236 - Housing for Persons with Disability- Section 811","2025"
"HUD","Housing - Rental Housing Assistance Program- Section 236","2021"
"HUD","Housing - Rental Housing Assistance Program- Section 236","2022"
"HUD","Housing - Section 811 Housing for Persons with Disabilities (PRAC and Capital Advance)","2021"
"HUD","Housing - Section 811 Housing for Persons with Disabilities (PRAC and Capital Advance)","2022"
"HUD","Office of Healthy Homes Lead Hazard Control - Lead Hazard Reduction","2021"
"HUD","Office of Healthy Homes Lead Hazard Control - Lead Hazard Reduction","2022"
"HUD","Office of the Chief Procurement Officer - Payments to Federal Contractors - Transformation Initiative","2021"
"HUD","Office of the Chief Procurement Officer - Payments to Federal Contractors - Transformation Initiative","2022"
"HUD","Policy Development and Research - Research and Technology","2021"
"HUD","Policy Development and Research - Research and Technology","2022"
"HUD","Public and Indian Housing - Choice Neighborhoods Initiative","2021"
"HUD","Public and Indian Housing - Choice Neighborhoods Initiative","2022"
"HUD","Public and Indian Housing - Disaster - Federal Emergency Management Agency Disaster Housing Assistance Program","2021"
"HUD","Public and Indian Housing - Family Self-Sufficiency Program","2021"
"HUD","Public and Indian Housing - Family Self-Sufficiency Program","2022"
"HUD","Public and Indian Housing - Indian Community Development Block Grants","2021"
"HUD","Public and Indian Housing - Indian Community Development Block Grants","2022"
"HUD","Public and Indian Housing - Native American Housing Block Grants","2021"
"HUD","Public and Indian Housing - Native American Housing Block Grants","2022"
"HUD","Public and Indian Housing - Native Hawaiian Housing and Indian Home Loan Guarantee - Section 184 Program Account","2021"
"HUD","Public and Indian Housing - Native Hawaiian Housing and Indian Home Loan Guarantee - Section 184 Program Account","2022"
"HUD","Public and Indian Housing - Native Hawaiian Housing Block Grants","2021"
"HUD","Public and Indian Housing - Native Hawaiian Housing Block Grants","2022"
"HUD","Public and Indian Housing - Permanent Supportive Housing","2021"
"HUD","Public and Indian Housing - Permanent Supportive Housing","2022"
"HUD","Public and Indian Housing - Project-Based Rental Assistance Section 8 Moderate Rehabilitation","2021"
"HUD","Public and Indian Housing - Project-Based Rental Assistance Section 8 Moderate Rehabilitation","2022"
"HUD","Public and Indian Housing - Public Housing Capital Fund","2021"
"HUD","Public and Indian Housing - Public Housing Capital Fund","2022"
"HUD","Public and Indian Housing - Public Housing Operating Fund","2021"
"HUD","Public and Indian Housing - Public Housing Operating Fund","2022"
"HUD","Public and Indian Housing - Rental Housing Assistance Program (RHAP) - Tenant Based Rental Assistance Section 8 - Housing Certificate Fund & Tenant Based Rental Assistance","2021"
"HUD","Public and Indian Housing - Rental Housing Assistance Program (RHAP) - Tenant Based Rental Assistance Section 8 - Housing Certificate Fund & Tenant Based Rental Assistance","2022"
"HUD","Public and Indian Housing - Rental Housing Assistance Program (RHAP) - Tenant Based Rental Assistance Section 8 - Housing Certificate Fund & Tenant Based Rental Assistance","2023"
"HUD","Public and Indian Housing - Rental Housing Assistance Program (RHAP) - Tenant Based Rental Assistance Section 8 - Housing Certificate Fund & Tenant Based Rental Assistance","2024"
"HUD","Public and Indian Housing - Rental Housing Assistance Program (RHAP) - Tenant Based Rental Assistance Section 8 - Housing Certificate Fund & Tenant Based Rental Assistance","2025"
"HUD","Public and Indian Housing - Revitalization of Severely Distressed Public Housing (HOPE VI)","2021"
"HUD","Public and Indian Housing - Revitalization of Severely Distressed Public Housing (HOPE VI)","2022"
"HUD","Public and Indian Housing - Title VI Indian Federal Guarantees","2021"
"HUD","Public and Indian Housing - Title VI Indian Federal Guarantees","2022"
"HUD","Salaries and Expenses","2021"
"HUD","Salaries and Expenses","2022"
"MCC","614(g) of the Millennium Challenge Act of 2003","2021"
"MCC","614(g) of the Millennium Challenge Act of 2003","2022"
"MCC","Administrative Expenses - Millennium Challenge Corporation","2021"
"MCC","Administrative Expenses - Millennium Challenge Corporation","2022"
"MCC","Audit","2021"
"MCC","Audit","2022"
"MCC","Compact Assistance","2021"
"MCC","Compact Assistance","2022"
"MCC","Compact Development Funding","2021"
"MCC","Compact Development Funding","2022"
"MCC","Due Diligence","2021"
"MCC","Due Diligence","2022"
"MCC","Global Health","2021"
"MCC","Global Health","2022"
"MCC","Threshold Programs","2021"
"MCC","Threshold Programs","2022"
"MSPB","Merit System Protection Board - Salaries and Expenses","2022"
"NARA","Administrative Overhead","2021"
"NARA","Administrative Overhead","2022"
"NARA","Agency Services","2021"
"NARA","Agency Services","2022"
"NARA","Legislative Archives, Presidential Libraries, and Museum Services","2021"
"NARA","Legislative Archives, Presidential Libraries, and Museum Services","2022"
"NARA","National Historical Publications and Records Commission (NHPRC) Grants","2021"
"NARA","National Historical Publications and Records Commission (NHPRC) Grants","2022"
"NARA","Office of the Inspector General","2021"
"NARA","Office of the Inspector General","2022"
"NARA","Research Services","2021"
"NARA","Research Services","2022"
"NASA","21st Century Space Launch Complex","2022"
"NASA","Advanced Air Vehicles Program","2022"
"NASA","Advanced Cislunar and Surface Capabilities","2021"
"NASA","Advanced Cislunar and Surface Capabilities","2022"
"NASA","Advanced Exploration Systems","2021"
"NASA","Advanced Exploration Systems","2022"
"NASA","Aeronautics Strategy and Management","2021"
"NASA","Aeronautics Test Program","2021"
"NASA","Aerosciences Evaluation and Test Capabilities","2021"
"NASA","Aerosciences Evaluation and Test Capabilities","2022"
"NASA","Agency Information Technology (IT) Services","2021"
"NASA","Agency Management","2021"
"NASA","Agency Management","2022"
"NASA","Agency Technical Authority","2021"
"NASA","Agency Technical Authority","2022"
"NASA","Agency Technology and Innovation (AT&I)","2021"
"NASA","Airspace Operations and Safety Program","2022"
"NASA","Airspace Systems","2021"
"NASA","Ames Research Center (ARC)","2021"
"NASA","Applied Sciences","2022"
"NASA","Armstrong Flight Reach Center (AFRC)","2021"
"NASA","Astrophysics Explorer","2021"
"NASA","Astrophysics Explorer","2022"
"NASA","Astrophysics Research","2021"
"NASA","Astrophysics Research","2022"
"NASA","Aviation Safety Program","2021"
"NASA","Biological and Physical Sciences","2021"
"NASA","Biological and Physical Sciences","2022"
"NASA","Center Engineering Safety & Operations","2021"
"NASA","Center Management and Operations","2022"
"NASA","Commercial Crew Program","2021"
"NASA","Commercial LEO Development","2021"
"NASA","Commercial LEO Development","2022"
"NASA","Communication Services Program","2021"
"NASA","Cosmic Origins","2022"
"NASA","Crew and Cargo Program","2022"
"NASA","Disaster Relief Appropriation","2022"
"NASA","Discovery","2021"
"NASA","Discovery","2022"
"NASA","Early Stage Innovation and Partnerships","2022"
"NASA","Earth Science Data Systems","2021"
"NASA","Earth Science Data Systems","2022"
"NASA","Earth Science Research","2021"
"NASA","Earth Science Research","2022"
"NASA","Earth Science Technology","2022"
"NASA","Earth System Science Pathfinder","2022"
"NASA","Earth Systematic Missions","2022"
"NASA","Enhanced Use Lease Program","2021"
"NASA","Environmental Compliance and Restoration","2021"
"NASA","Environmental Compliance and Restoration","2022"
"NASA","Exoplanet Exploration","2021"
"NASA","Exoplanet Exploration","2022"
"NASA","Exploration CoF","2021"
"NASA","Exploration CoF","2022"
"NASA","Exploration Ground Systems","2021"
"NASA","Exploration Ground Systems","2022"
"NASA","Exploration Technology Development Program (ETDP)","2021"
"NASA","Gateway","2021"
"NASA","Gateway","2022"
"NASA","Glenn Research Center (GRC)","2021"
"NASA","Goddard Space Flight Center (GSFC)","2021"
"NASA","Heliophysics Explorer Program","2022"
"NASA","Heliophysics Research","2022"
"NASA","Human Landing System","2021"
"NASA","Human Landing System","2022"
"NASA","Human Research Program","2022"
"NASA","Human Space Flight Operations","2022"
"NASA","Information Technology (IT)","2021"
"NASA","Information Technology (IT)","2022"
"NASA","Infrastructure & Technical Capabilities","2021"
"NASA","Infrastructure & Technical Capabilities","2022"
"NASA","Inspector General","2021"
"NASA","Inspector General","2022"
"NASA","Institutional CoF","2021"
"NASA","Institutional CoF","2022"
"NASA","Institutions and Management","2021"
"NASA","Institutions and Management","2022"
"NASA","Integrated Aviation Systems Program","2021"
"NASA","Integrated Aviation Systems Program","2022"
"NASA","Integrated System Research","2021"
"NASA","International Space Station","2022"
"NASA","James Webb Space Telescope","2022"
"NASA","Johnson Space Center (JSC)","2021"
"NASA","Kennedy Space Center (KSC)","2021"
"NASA","Langley Research Center (LaRC)","2021"
"NASA","Launch Services","2022"
"NASA","Living with a Star","2022"
"NASA","Lunar Discovery and Exploration","2021"
"NASA","Lunar Discovery and Exploration","2022"
"NASA","Mars Exploration","2022"
"NASA","Mars Sample Return","2022"
"NASA","Marshall Space Flight Center (MSFC)","2021"
"NASA","Mission Enabling Services","2021"
"NASA","Mission Enabling Services","2022"
"NASA","NASA Headquarters (NASA HQ) / Jet Propulsion Laboratory (JPL)","2021"
"NASA","NASA Shared Services Center (NSSC)","2021"
"NASA","National Historic Preservation","2021"
"NASA","New Frontiers","2022"
"NASA","Office of Chief Financial Officer - Policy Grants Mission Design Lab (MDL) Sustained","2021"
"NASA","Office of Inspector General - Office of Audits","2021"
"NASA","Office of Inspector General - Office of Investigations","2021"
"NASA","Office of Procurement - Incurred Cost Mission Design Lab (MDL) Sustained","2021"
"NASA","Orion Program","2022"
"NASA","Outer Planets and Ocean Worlds","2022"
"NASA","Physics of the Cosmos","2022"
"NASA","Planetary Defense","2021"
"NASA","Planetary Defense","2022"
"NASA","Planetary Science Research","2022"
"NASA","Radioisotope Power","2022"
"NASA","Reimbursable (RMB) - ST Programmatic Reimbursables","2021"
"NASA","Reimbursable (RMB) Exploration Systems Mission Directorate (ESMD) Institutional Reimbursables","2021"
"NASA","Reimbursable (RMB) Exploration Systems Mission Directorate (ESMD) Programmatic Reimbursables","2022"
"NASA","Reimbursable (RMB) Office of Inspector General (OIG) Institution Reimbursables","2021"
"NASA","Reimbursable (RMB) Science Mission Directorate (SCMD) Institutional Reimbursables","2021"
"NASA","Reimbursable (RMB) Science Mission Directorate (SCMD) Programmatic Reimbursables","2021"
"NASA","Reimbursable (RMB) Small Spacecraft Mission Service (SSMS) Institutional Reimbursables","2021"
"NASA","Reimbursable (RMB) Space Operations Mission Directorate (SOMD) Institutional Reimbursables","2021"
"NASA","Reimbursable (RMB) Space Operations Mission Directorate (SOMD) Programmatic Reimbursables","2021"
"NASA","Reimbursable (RMB)- STEM Programmatic Reimbursables","2021"
"NASA","RMB-ARMD Programmatic Reimbursables","2021"
"NASA","Rocket Propulsion Test","2022"
"NASA","Safety and Mission Success","2022"
"NASA","Safety Engineering, Safety, & Operations","2022"
"NASA","SBIR and STTR","2022"
"NASA","Science CoF","2021"
"NASA","Solar Terrestrial Probes","2022"
"NASA","Space Communications and Navigation","2022"
"NASA","Space Launch System","2022"
"NASA","Space Operations CoF","2021"
"NASA","Space Operations CoF","2022"
"NASA","Space Shuttle Program","2021"
"NASA","Space Technology Research & Development (STRD)","2021"
"NASA","STEM Engagement","2021"
"NASA","STEM Engagement","2022"
"NASA","Stennis Space Center (SSC)","2021"
"NASA","Technology Demonstration","2022"
"NASA","Technology Maturation","2022"
"NASA","Transformative Aero Concepts Program","2021"
"NASA","Transformative Aero Concepts Program","2022"
"NEA","CARES Act","2022"
"NEH","Administrative Funds (210)","2022"
"NEH","ARP Adminstrative Funds (217)","2022"
"NEH","Coronavirus Aid, Relief, and Economic Security (CARES) Act Definite Program Fund (226)","2022"
"NEH","Promotion of the Humanities Division of Preservation and Access","2022"
"NEH","Promotion of the Humanities Federal/State Partnership","2022"
"NEH","Promotion of the Humanities Research","2022"
"NRC","Agency Reporting","2021"
"NRC","Commercial","2021"
"NRC","Commercial","2022"
"NRC","Employee","2021"
"NRC","Employee","2022"
"NRC","Government Charge Cards","2021"
"NRC","Government Charge Cards","2022"
"NRC","Payroll","2021"
"NRC","Payroll","2022"
"NRC","U.S. Nuclear Regulatory Commission Scholarship and Fellowship Program","2021"
"NRC","U.S. Nuclear Regulatory Commission Scholarship and Fellowship Program","2022"
"NSF","Contracts and Individual Payments","2021"
"NSF","Contracts and Individual Payments","2022"
"NSF","Grants and Cooperative Agreements","2021"
"NSF","Grants and Cooperative Agreements","2022"
"NSF","Payments to Employees","2021"
"NSF","Payments to Employees","2022"
"NSF","Purchase Cards","2021"
"NSF","Purchase Cards - National Science Foundation","2022"
"NTSB","NTSB Operations","2021"
"OPM","Emergency Federal Employee Leave Fund","2022"
"OPM","Federal Employees Health Benefits","2022"
"OPM","Federal Employees Health Benefits - Experience Rated Carriers","2023"
"OPM","Federal Employees Health Benefits - Experience Rated Carriers","2024"
"OPM","Federal Employees Health Benefits - Experience Rated Carriers","2025"
"OPM","Federal Employees’ Group Life Insurance (FEGLI)","2022"
"OPM","Federal Employees’ Group Life Insurance (FEGLI)","2023"
"OPM","Federal Employes Health Benefits","2021"
"OPM","Federal Retirement Services","2021"
"OPM","Federal Retirement Services","2022"
"OPM","Federal Retirement Services","2023"
"OPM","Federal Retirement Services","2024"
"OPM","Federal Retirement Services","2025"
"OPM","Payroll - Office of Personnel Management","2022"
"OPM","Purchase Cards - Office of Personnel Management","2022"
"OPM","Vendor Payments - Office of Personnel Management","2022"
"OSC","OSC- Investigation and Prosecution of Reprisals for Whistle Blowing","2022"
"PBGC","Benefit Payments","2022"
"PBGC","Contractor Payments","2022"
"PBGC","Multiemployer Financial Assistance Payments","2022"
"PBGC","Payments to Federal Employees","2022"
"PBGC","Premium Refunds","2022"
"PC","Volunteer Service","2022"
"RRB","Employee Payments – Railroad Retirement Board","2021"
"RRB","Employee Payments – Railroad Retirement Board","2022"
"RRB","Railroad Retirement Act","2021"
"RRB","Railroad Retirement Act","2022"
"RRB","Railroad Unemployment Insurance Act","2021"
"RRB","Railroad Unemployment Insurance Act","2022"
"RRB","Vendor Payments – Railroad Retirement Board","2021"
"RRB","Vendor Payments – Railroad Retirement Board","2022"
"SBA","504 Certified Development Loans Approvals","2021"
"SBA","504 Certified Development Loans Approvals","2022"
"SBA","504 Certified Development Loans Approvals","2023"
"SBA","504 Certified Development Loans Approvals","2024"
"SBA","504 Certified Development Loans Approvals","2025"
"SBA","7(a) Loan Guarantees Approvals","2021"
"SBA","7(a) Loan Guarantees Approvals","2022"
"SBA","7(a) Loan Guarantees Approvals","2023"
"SBA","7(a) Loan Guarantees Approvals","2024"
"SBA","7(a) Loan Guarantees Approvals","2025"
"SBA","7(a) Loan Guarantees Purchases","2021"
"SBA","7(a) Loan Guarantees Purchases","2022"
"SBA","7(a) Loan Guarantees Purchases","2023"
"SBA","7(a) Loan Guarantees Purchases","2024"
"SBA","7(a) Loan Guarantees Purchases","2025"
"SBA","7(j) Technical Assistance","2022"
"SBA","Community Navigator Pilot Program","2022"
"SBA","Congressional Grants","2022"
"SBA","COVID-Economic Injury Disaster Loan (EIDL)","2021"
"SBA","COVID-Economic Injury Disaster Loan (EIDL)","2022"
"SBA","COVID-Economic Injury Disaster Loan (EIDL)","2023"
"SBA","Cybersecurity for Small Business Pilot Program","2022"
"SBA","Disaster Assistance Loans","2021"
"SBA","Disaster Assistance Loans","2022"
"SBA","Disaster Assistance Loans","2023"
"SBA","Disaster Assistance Loans","2024"
"SBA","Disaster Assistance Loans","2025"
"SBA","Economic Injury Disaster Loan Emergency Assistance (Advance)","2022"
"SBA","Economic Injury Disaster Loan Emergency Assistance (Advance)","2023"
"SBA","Federal and State Technology Partnership Program","2022"
"SBA","Growth Accelerator Fund Competition","2022"
"SBA","Microloan Program","2021"
"SBA","Microloan Program","2022"
"SBA","OED Resource Partners Training Portal (RPTP)","2022"
"SBA","Office of Women's Business Ownership (OWBO)","2021"
"SBA","Paycheck Protection Program (PPP) Loan Approvals","2022"
"SBA","Paycheck Protection Program (PPP) Loan Forgiveness","2023"
"SBA","Paycheck Protection Program (PPP) Loan Forgiveness","2024"
"SBA","Paycheck Protection Program (PPP) Loan Forgiveness","2025"
"SBA","Paycheck Protection Program (PPP) Loan Guaranty Purchases","2023"
"SBA","Paycheck Protection Program (PPP) Loan Guaranty Purchases","2024"
"SBA","Paycheck Protection Program (PPP) Loan Guaranty Purchases","2025"
"SBA","Prime Technical Assistance","2022"
"SBA","Restaurant Revitalization Fund","2022"
"SBA","Restaurant Revitalization Fund","2024"
"SBA","SBA Administrative Contracts","2022"
"SBA","SBA Administrative Payroll","2021"
"SBA","SBA Administrative Payroll","2022"
"SBA","SBA Administrative Travel","2021"
"SBA","SBA Administrative Travel","2022"
"SBA","SBA Other Administrative Spending","2022"
"SBA","Section 1112 Payments for SBA’s business loan programs","2025"
"SBA","SERVICE CORPS OF RETIRED EXECUTIVES PROGRAM (SCORE)","2021"
"SBA","Service Corps of Retired Executives Program (SCORE)","2022"
"SBA","Shuttered Venue Operators Grant Program","2022"
"SBA","Shuttered Venue Operators Grant Program","2024"
"SBA","Shuttered Venue Operators Grant Program","2025"
"SBA","Small Business Development Center (SBDC)","2021"
"SBA","Small Business Development Center (SBDC)","2022"
"SBA","Small Business Investment Companies Advances","2021"
"SBA","Small Business Investment Companies Advances","2022"
"SBA","Small Business Investment Companies Purchases","2022"
"SBA","State Trade Expansion Program","2021"
"SBA","State Trade Expansion Program","2022"
"SBA","Surety Bond Guarantees (SBG)","2021"
"SBA","Surety Bond Guarantees (SBG)","2022"
"SBA","Transition Assistance Entrepreneurship Track (Boots to Business)","2022"
"SBA","Veterans Outreach Program","2022"
"SBA","Women's Business Ownership Assistance","2022"
"SEC","Disgorgement & Penalty Distributions","2022"
"SEC","Salaries & Benefits","2022"
"SEC","Securities and Exchange Commission Agency Reporting","2021"
"SEC","Supplemental Retirement - Securities and Exchange Commission","2022"
"SEC","Vendor Payments","2022"
"SEC","Whistleblower Payments","2022"
"SSA","Disability Insurance (DI)","2021"
"SSA","Disability Insurance (DI)","2022"
"SSA","Disability Insurance (DI)","2023"
"SSA","Disability Insurance (DI)","2024"
"SSA","Disability Insurance (DI)","2025"
"SSA","Old-Age and Survivors Insurance (OASI)","2025"
"SSA","Social Security - Work Incentives Planning and Assistance Program","2021"
"SSA","Social Security - Work Incentives Planning and Assistance Program","2022"
"SSA","Supplemental Security Income (SSI)","2021"
"SSA","Supplemental Security Income (SSI)","2022"
"SSA","Supplemental Security Income (SSI)","2023"
"SSA","Supplemental Security Income (SSI)","2024"
"SSA","Supplemental Security Income (SSI)","2025"
"STATE","American Compensation","2021"
"STATE","American Compensation","2022"
"STATE","Assessed Contributions","2021"
"STATE","Assessed Contributions","2022"
"STATE","Aviation, Anticrime, Interdiction and Related Programs","2021"
"STATE","Aviation, Anticrime, Interdiction and Related Programs","2022"
"STATE","Capital and Real Property Acquisitions Programs","2021"
"STATE","Capital and Real Property Acquisitions Programs","2022"
"STATE","Citizens Exchange Program","2021"
"STATE","Citizens Exchange Program","2022"
"STATE","Construction","2021"
"STATE","Construction","2022"
"STATE","Consular and Border Security Programs","2021"
"STATE","Consular and Border Security Programs","2022"
"STATE","Consular Information Technology and Security","2022"
"STATE","Defense Contract Audit Agency","2021"
"STATE","Defense Contract Audit Agency","2022"
"STATE","Diplomatic and Support Programs","2022"
"STATE","Diplomatic Programs","2021"
"STATE","Diplomatic Programs","2022"
"STATE","Diplomatic Programs, Diplomatic Policy and Support","2021"
"STATE","Diplomatic Programs, Diplomatic Policy and Support","2022"
"STATE","Diplomatic Programs, Other Operations Programs","2021"
"STATE","Diplomatic Programs, Other Operations Programs","2022"
"STATE","Diplomatic Programs, Terrorism Related","2021"
"STATE","Diplomatic Programs, Terrorism Related","2022"
"STATE","Domestic Purchase Card Payments","2021"
"STATE","Domestic Purchase Card Payments","2022"
"STATE","Economic Support Fund","2021"
"STATE","Economic Support Fund","2022"
"STATE","Educational Programs","2021"
"STATE","Educational Programs","2022"
"STATE","Embassy Operations Programs","2021"
"STATE","Embassy Operations Programs","2022"
"STATE","Foreign Locally Employed Staff Compensation","2021"
"STATE","Foreign Locally Employed Staff Compensation","2022"
"STATE","Foreign Service Annuities","2021"
"STATE","Foreign Service Annuities","2022"
"STATE","Fulbright Program","2021"
"STATE","Fulbright Program","2022"
"STATE","Information Technology Central Fund","2022"
"STATE","International Cooperative Administrative Support Services","2021"
"STATE","International Cooperative Administrative Support Services","2022"
"STATE","International Security and Nonproliferation Related Programs","2021"
"STATE","International Security and Nonproliferation Related Programs","2022"
"STATE","International Security Programs","2021"
"STATE","International Security Programs","2022"
"STATE","Leaseholds and Functional Programs","2021"
"STATE","Leaseholds and Functional Programs","2022"
"STATE","National Endowment for Democracy","2021"
"STATE","National Endowment for Democracy","2022"
"STATE","Office of Inspector General - Department of State","2021"
"STATE","Office of Inspector General - Department of State","2022"
"STATE","Overseas Programs","2021"
"STATE","Overseas Programs","2022"
"STATE","Peace-Keeping Operations Programs","2021"
"STATE","Peace-Keeping Operations Programs","2022"
"STATE","Physical Security Programs","2021"
"STATE","Physical Security Programs","2022"
"STATE","Population Refugees and Migration Programs","2021"
"STATE","Population Refugees and Migration Programs","2022"
"STATE","Post-Assignment Travel","2021"
"STATE","Post-Assignment Travel","2022"
"STATE","Project Construction - Major Rehabilitation","2021"
"STATE","Project Construction - Major Rehabilitation","2022"
"STATE","Promote the Rule of Law","2021"
"STATE","Promote the Rule of Law","2022"
"STATE","Security - Afghanistan, Pakistan","2021"
"STATE","Security - Afghanistan, Pakistan","2022"
"STATE","Single Audits","2022"
"STATE","State","2021"
"STATE","Temporary Duty Travel","2021"
"STATE","Temporary Duty Travel","2022"
"STATE","Voluntary Contributions","2021"
"STATE","Voluntary Contributions","2022"
"STATE","Western Hemisphere Travel Initiative","2022"
"STATE","Working Capital Fund Programs","2021"
"STATE","Working Capital Fund Programs","2022"
"STATE","Worldwide Security Protection","2021"
"STATE","Worldwide Security Protection","2022"
"TREASURY","Alcohol and Tobacco Tax and Trade Bureau - Internal Revenue Collection Puerto Rico","2021"
"TREASURY","Alcohol and Tobacco Tax and Trade Bureau - Internal Revenue Collection Puerto Rico","2022"
"TREASURY","Alcohol and Tobacco Tax and Trade Bureau - Salaries and Expenses","2021"
"TREASURY","Alcohol and Tobacco Tax and Trade Bureau - Salaries and Expenses","2022"
"TREASURY","Bureau of Engraving and Printing - Bureau of Engraving and Printing Fund","2021"
"TREASURY","Bureau of Engraving and Printing - Bureau of Engraving and Printing Fund","2022"
"TREASURY","Community Development Financial Institutions - Emergency Support Program - Equitable Recovery Program","2022"
"TREASURY","Community Development Financial Institutions Fund - Capital Magnet Fund - Non Financial Assistance Related Payments","2021"
"TREASURY","Community Development Financial Institutions Fund - Capital Magnet Fund - Non Financial Assistance Related Payments","2022"
"TREASURY","Community Development Financial Institutions Fund - CDFI BGP Financing Fund - Non Financial Assistance Related Payments","2021"
"TREASURY","Community Development Financial Institutions Fund - CDFI BGP Financing Fund - Non Financial Assistance Related Payments","2022"
"TREASURY","Community Development Financial Institutions Fund - Community Development Financial Institutions (CDFI) Equity Investment Dividend","2021"
"TREASURY","Community Development Financial Institutions Fund - Community Development Financial Institutions (CDFI) Equity Investment Dividend","2022"
"TREASURY","Community Development Financial Institutions Fund - Community Development Financial Institutions (CDFI) Program- Bank Enterprise Award Program","2021"
"TREASURY","Community Development Financial Institutions Fund - Community Development Financial Institutions (CDFI) Program- Bank Enterprise Award Program","2022"
"TREASURY","Departmental Offices - Air Carrier Worker Support","2021"
"TREASURY","Departmental Offices - Air Carrier Worker Support","2022"
"TREASURY","Departmental Offices - Assist to Fannie Mae and Freddie Mac (FNMC) & Federal Home Loan Mortgage Corporation (FHLMC)","2021"
"TREASURY","Departmental Offices - Assist to Fannie Mae and Freddie Mac (FNMC) & Federal Home Loan Mortgage Corporation (FHLMC)","2022"
"TREASURY","Departmental Offices - Coronavirus Capital Projects Fund","2022"
"TREASURY","Departmental Offices - Cybersecurity Enhancement Account","2021"
"TREASURY","Departmental Offices - Cybersecurity Enhancement Account","2022"
"TREASURY","Departmental Offices - Economic Stabilization Direct Loan Financing","2021"
"TREASURY","Departmental Offices - Economic Stabilization Direct Loan Financing","2022"
"TREASURY","Departmental Offices - Economic Stabilization Program","2021"
"TREASURY","Departmental Offices - Economic Stabilization Program","2022"
"TREASURY","Departmental Offices - Emergency Capital Investment Fund","2022"
"TREASURY","Departmental Offices - Emergency Rental Assistance","2022"
"TREASURY","Departmental Offices - Emergency Rental Assistance","2024"
"TREASURY","Departmental Offices - Emergency Rental Assistance","2025"
"TREASURY","Departmental Offices - Exchange Stabilization Fund","2021"
"TREASURY","Departmental Offices - Exchange Stabilization Fund","2022"
"TREASURY","Departmental Offices - Federal Research Fund","2021"
"TREASURY","Departmental Offices - Federal Research Fund","2022"
"TREASURY","Departmental Offices - Grants for Specified Energy Property in Lieu of Tax Credit","2021"
"TREASURY","Departmental Offices - Grants for Specified Energy Property in Lieu of Tax Credit","2022"
"TREASURY","Departmental Offices - Homeowners Assistance Fund","2022"
"TREASURY","Departmental Offices - International Affairs Technical Assistance","2021"
"TREASURY","Departmental Offices - International Affairs Technical Assistance","2022"
"TREASURY","Departmental Offices - Local Assistance and Tribal Consistency Fund","2022"
"TREASURY","Departmental Offices - Office of Terrorism and Financial Intelligence","2021"
"TREASURY","Departmental Offices - Office of Terrorism and Financial Intelligence","2022"
"TREASURY","Departmental Offices - Pandemic Relief for Aviation Workers","2022"
"TREASURY","Departmental Offices - Pandemic Relief for Aviation Workers","2024"
"TREASURY","Departmental Offices - Salaries and Expenses","2021"
"TREASURY","Departmental Offices - Salaries and Expenses","2022"
"TREASURY","Departmental Offices - Small Business Lending Fund Program","2021"
"TREASURY","Departmental Offices - Small Business Lending Fund Program","2022"
"TREASURY","Departmental Offices - Social Impact Demonstration Projects","2021"
"TREASURY","Departmental Offices - Social Impact Demonstration Projects","2022"
"TREASURY","Departmental Offices - State Small Business Credit Initiative- Technical Assistance Grant Program","2021"
"TREASURY","Departmental Offices - State Small Business Credit Initiative- Technical Assistance Grant Program","2022"
"TREASURY","Departmental Offices - Transportation Services Economic Relief","2022"
"TREASURY","Departmental Offices - Treasury Forfeiture Fund- Equitable Sharing","2021"
"TREASURY","Departmental Offices - Treasury Forfeiture Fund- Equitable Sharing","2022"
"TREASURY","Departmental Offices- Coronavirus Relief Fund -Coronavirus State and Local Fiscal Recovery Funds","2021"
"TREASURY","Departmental Offices- Coronavirus Relief Fund -Coronavirus State and Local Fiscal Recovery Funds","2022"
"TREASURY","District of Columbia (DC) Pensions - DC Federal Pension Fund","2021"
"TREASURY","District of Columbia (DC) Pensions - DC Federal Pension Fund","2022"
"TREASURY","District of Columbia Pensions - DC Judicial Retirement & Survivors Annuity Fund","2021"
"TREASURY","District of Columbia Pensions - DC Judicial Retirement & Survivors Annuity Fund","2022"
"TREASURY","Financial Crimes Enforcement Network - Salaries and Expenses","2021"
"TREASURY","Financial Crimes Enforcement Network - Salaries and Expenses","2022"
"TREASURY","Fiscal Serivce Gulf Coast Restoration Trust Fund","2021"
"TREASURY","Fiscal Serivce Gulf Coast Restoration Trust Fund","2022"
"TREASURY","Fiscal Service - American Indian & Alaskan Native","2021"
"TREASURY","Fiscal Service - American Indian & Alaskan Native","2022"
"TREASURY","Fiscal Service - Check Forgery Insurance Fund","2021"
"TREASURY","Fiscal Service - Check Forgery Insurance Fund","2022"
"TREASURY","Fiscal Service - Cheyenne River Sioux Tribe Terrestrial Wildlife Habitat Restoration Trust Fund","2021"
"TREASURY","Fiscal Service - Cheyenne River Sioux Tribe Terrestrial Wildlife Habitat Restoration Trust Fund","2022"
"TREASURY","Fiscal Service - Claims for Contract Disputes","2021"
"TREASURY","Fiscal Service - Claims for Contract Disputes","2022"
"TREASURY","Fiscal Service - Claims for Damages","2021"
"TREASURY","Fiscal Service - Claims for Damages","2022"
"TREASURY","Fiscal Service - Corporation for Public Broadcasting","2021"
"TREASURY","Fiscal Service - Corporation for Public Broadcasting","2022"
"TREASURY","Fiscal Service - DC Water & Sewer","2021"
"TREASURY","Fiscal Service - DC Water & Sewer","2022"
"TREASURY","Fiscal Service - Debt Collection","2021"
"TREASURY","Fiscal Service - Debt Collection","2022"
"TREASURY","Fiscal Service - Debt Collection Special Fund","2021"
"TREASURY","Fiscal Service - Debt Collection Special Fund","2022"
"TREASURY","Fiscal Service - Emergency Planning & Security","2021"
"TREASURY","Fiscal Service - Emergency Planning & Security","2022"
"TREASURY","Fiscal Service - Federal Reserve Bank Reimbursement Fund","2021"
"TREASURY","Fiscal Service - Federal Reserve Bank Reimbursement Fund","2022"
"TREASURY","Fiscal Service - Financial Agent Services","2021"
"TREASURY","Fiscal Service - Financial Agent Services","2022"
"TREASURY","Fiscal Service - Fiscal Service Administrative Salaries and Expenses","2021"
"TREASURY","Fiscal Service - Fiscal Service Administrative Salaries and Expenses","2022"
"TREASURY","Fiscal Service - Guam World War II Claims Fund","2021"
"TREASURY","Fiscal Service - Guam World War II Claims Fund","2022"
"TREASURY","Fiscal Service - Interest on the Public Debt (indefinite)","2021"
"TREASURY","Fiscal Service - Interest on the Public Debt (indefinite)","2022"
"TREASURY","Fiscal Service - Interest on Uninvested Funds","2021"
"TREASURY","Fiscal Service - Interest on Uninvested Funds","2022"
"TREASURY","Fiscal Service - Judgements, Court of Claims","2021"
"TREASURY","Fiscal Service - Judgements, Court of Claims","2022"
"TREASURY","Fiscal Service - Judgements, U.S. Courts","2021"
"TREASURY","Fiscal Service - Judgements, U.S. Courts","2022"
"TREASURY","Fiscal Service - Payment to Legal Services Corporation","2021"
"TREASURY","Fiscal Service - Payment to Legal Services Corporation","2022"
"TREASURY","Fiscal Service - Payment to Resolution Funds Corporation","2021"
"TREASURY","Fiscal Service - Payment to Resolution Funds Corporation","2022"
"TREASURY","Fiscal Service - Refund Money Erroneously Received","2021"
"TREASURY","Fiscal Service - Refund Money Erroneously Received","2022"
"TREASURY","Fiscal Service - Reimbursements to Federal Reserve Banks","2021"
"TREASURY","Fiscal Service - Reimbursements to Federal Reserve Banks","2022"
"TREASURY","Fiscal Service - Resident Tuition Sup","2021"
"TREASURY","Fiscal Service - Resident Tuition Sup","2022"
"TREASURY","Fiscal Service - Restitution of Foregone Interest","2021"
"TREASURY","Fiscal Service - School Improvement","2021"
"TREASURY","Fiscal Service - School Improvement","2022"
"TREASURY","Fiscal Service - Travel Promotion Fund, Corp for Travel Promotion","2021"
"TREASURY","Fiscal Service - Travel Promotion Fund, Corp for Travel Promotion","2022"
"TREASURY","Internal Revenue Service - Additional Child Tax Credit","2021"
"TREASURY","Internal Revenue Service - Additional Child Tax Credit","2022"
"TREASURY","Internal Revenue Service - Additional Child Tax Credit","2023"
"TREASURY","Internal Revenue Service - Additional Child Tax Credit","2024"
"TREASURY","Internal Revenue Service - Additional Child Tax Credit","2025"
"TREASURY","Internal Revenue Service - American Opportunity Tax Credit","2021"
"TREASURY","Internal Revenue Service - American Opportunity Tax Credit","2022"
"TREASURY","Internal Revenue Service - American Opportunity Tax Credit","2023"
"TREASURY","Internal Revenue Service - American Opportunity Tax Credit","2024"
"TREASURY","Internal Revenue Service - American Opportunity Tax Credit","2025"
"TREASURY","Internal Revenue Service - Build American Bond Payments, Recovery Act","2021"
"TREASURY","Internal Revenue Service - Build American Bond Payments, Recovery Act","2022"
"TREASURY","Internal Revenue Service - Business Systems Modernization","2021"
"TREASURY","Internal Revenue Service - Business Systems Modernization","2022"
"TREASURY","Internal Revenue Service - Child and Dependent Care Tax Credit","2024"
"TREASURY","Internal Revenue Service - Earned Income Tax Credit","2021"
"TREASURY","Internal Revenue Service - Earned Income Tax Credit","2022"
"TREASURY","Internal Revenue Service - Earned Income Tax Credit","2023"
"TREASURY","Internal Revenue Service - Earned Income Tax Credit","2024"
"TREASURY","Internal Revenue Service - Earned Income Tax Credit","2025"
"TREASURY","Internal Revenue Service - Healthcare Credit Exceeds Liability","2021"
"TREASURY","Internal Revenue Service - Healthcare Credit Exceeds Liability","2022"
"TREASURY","Internal Revenue Service - Informant Reimbursement","2021"
"TREASURY","Internal Revenue Service - Informant Reimbursement","2022"
"TREASURY","Internal Revenue Service - Information Systems","2022"
"TREASURY","Internal Revenue Service - No Surprise Implementation Fund","2022"
"TREASURY","Internal Revenue Service - Operations Support","2021"
"TREASURY","Internal Revenue Service - Operations Support","2022"
"TREASURY","Internal Revenue Service - Payment to Issuer of New Clean Renewable Energy Bonds","2021"
"TREASURY","Internal Revenue Service - Payment to Issuer of New Clean Renewable Energy Bonds","2022"
"TREASURY","Internal Revenue Service - Payment to Issuer of Qualified Energy Conservation Bond","2021"
"TREASURY","Internal Revenue Service - Payment to Issuer of Qualified Energy Conservation Bond","2022"
"TREASURY","Internal Revenue Service - Payment to Issuer of Qualified School Construction Bonds","2021"
"TREASURY","Internal Revenue Service - Payment to Issuer of Qualified School Construction Bonds","2022"
"TREASURY","Internal Revenue Service - Payment to Issuer of Qualified Zone Academy Bonds","2021"
"TREASURY","Internal Revenue Service - Payment to Issuer of Qualified Zone Academy Bonds","2022"
"TREASURY","Internal Revenue Service - Payments to USVI and Puerto Rico for Disaster Tax Relief","2021"
"TREASURY","Internal Revenue Service - Private Collection Agent Program","2021"
"TREASURY","Internal Revenue Service - Private Collection Agent Program","2022"
"TREASURY","Internal Revenue Service - Refund - Corporations","2021"
"TREASURY","Internal Revenue Service - Refund - Corporations","2022"
"TREASURY","Internal Revenue Service - Refund Collection - Interest","2021"
"TREASURY","Internal Revenue Service - Refund Collection - Interest","2022"
"TREASURY","Internal Revenue Service - Refund-Corporations","2022"
"TREASURY","Internal Revenue Service - Refundable Premium Assistance Tax Credit","2021"
"TREASURY","Internal Revenue Service - Refundable Premium Assistance Tax Credit","2022"
"TREASURY","Internal Revenue Service - Refundable Premium Assistance Tax Credit","2023"
"TREASURY","Internal Revenue Service - Refundable Premium Assistance Tax Credit","2024"
"TREASURY","Internal Revenue Service - Refundable Premium Assistance Tax Credit","2025"
"TREASURY","Internal Revenue Service - Small Business Insurance Tax Credit","2021"
"TREASURY","Internal Revenue Service - Small Business Insurance Tax Credit","2022"
"TREASURY","Internal Revenue Service - Special Compliance Personnel Program Account","2021"
"TREASURY","Internal Revenue Service - Special Compliance Personnel Program Account","2022"
"TREASURY","Internal Revenue Service - Tax Law Enforcement","2021"
"TREASURY","Internal Revenue Service - Tax Law Enforcement","2022"
"TREASURY","Internal Revenue Service - Taxpayer Services- Tax Counseling for the Elderly","2021"
"TREASURY","Internal Revenue Service - Taxpayer Services- Tax Counseling for the Elderly","2022"
"TREASURY","Internal Revenue Service - US Coronavirus Payments","2021"
"TREASURY","Internal Revenue Service - US Coronavirus Payments","2022"
"TREASURY","Internal Revenue Service - US Coronavirus Payments","2024"
"TREASURY","Internal Revenue Service - US Coronavirus Payments","2025"
"TREASURY","Internal Revenue Service - US Coronavirus Refundable Credits","2021"
"TREASURY","Internal Revenue Service - US Coronavirus Refundable Credits","2022"
"TREASURY","Internal Revenue Service - US Coronavirus Refundable Credits","2024"
"TREASURY","Internal Revenue Service - US Coronavirus Refundable Credits","2025"
"TREASURY","Office of Financial Stability - Home Affordable Modification Program","2021"
"TREASURY","Office of Financial Stability - Home Affordable Modification Program","2022"
"TREASURY","Office of Financial Stability - Salaries and Expenses","2021"
"TREASURY","Office of Financial Stability - Salaries and Expenses","2022"
"TREASURY","Office of Financial Stability - Troubled Assets Relief Program Direct Loan Financing Account","2021"
"TREASURY","Office of Financial Stability - Troubled Assets Relief Program Direct Loan Financing Account","2022"
"TREASURY","Office of International Assistance - Contribution International Development Association","2021"
"TREASURY","Office of International Assistance - Contribution to African Development Bank","2021"
"TREASURY","Office of International Assistance - Contribution to African Development Bank","2022"
"TREASURY","Office of International Assistance - Contribution to African Development Fund","2021"
"TREASURY","Office of International Assistance - Contribution to African Development Fund","2022"
"TREASURY","Office of International Assistance - Contribution to European Bank for Reconstruction","2021"
"TREASURY","Office of International Assistance - Contribution to European Bank for Reconstruction","2022"
"TREASURY","Office of International Assistance - Contribution to Inter-Amer Development","2021"
"TREASURY","Office of International Assistance - Contribution to Inter-Amer Development","2022"
"TREASURY","Office of International Assistance - Contribution to International Bank Reconstruction","2021"
"TREASURY","Office of International Assistance - Contribution to International Bank Reconstruction","2022"
"TREASURY","Office of International Assistance - Contribution to International Development Association","2021"
"TREASURY","Office of International Assistance - Contribution to International Development Association","2022"
"TREASURY","Office of International Assistance - Contribution to the Asian Development Fund","2021"
"TREASURY","Office of International Assistance - Contribution to the Asian Development Fund","2022"
"TREASURY","Office of International Assistance - Global Environment Facility","2021"
"TREASURY","Office of International Assistance - Global Environment Facility","2022"
"TREASURY","Office of International Assistance - Global Food Security Fund","2021"
"TREASURY","Office of International Assistance - International Fund for Agriculture Development","2021"
"TREASURY","Office of International Assistance - International Fund for Agriculture Development","2022"
"TREASURY","Office of the Comptroller of the Currency - Assessment Funds","2021"
"TREASURY","Office of the Comptroller of the Currency - Assessment Funds","2022"
"TREASURY","Office of the Inspector General - Salaries and Expenses","2021"
"TREASURY","Office of the Inspector General - Salaries and Expenses","2022"
"TREASURY","Special Inspector General for Pandemic Recovery","2022"
"TREASURY","Special Inspector General for Troubled Asset Relief Program","2021"
"TREASURY","Special Inspector General for Troubled Asset Relief Program","2022"
"TREASURY","The Mint - United States Mint Public Enterprise Fund","2021"
"TREASURY","The Mint - United States Mint Public Enterprise Fund","2022"
"TREASURY","Treasury Franchise Fund","2021"
"TREASURY","Treasury Franchise Fund","2022"
"TREASURY","Treasury Inspector General for Tax Administration","2021"
"TREASURY","Treasury Inspector General for Tax Administration","2022"
"USAGM","Domestic Payroll","2021"
"USAGM","Domestic Payroll","2022"
"USAGM","International Broadcasting Bureau (IBB)","2021"
"USAGM","International Broadcasting Bureau (IBB)","2022"
"USAGM","Middle East Broadcasting Networks (MBN/MN)","2021"
"USAGM","Middle East Broadcasting Networks (MBN/MN)","2022"
"USAGM","Office of Cuba Broadcasting (OCB)","2021"
"USAGM","Office of Cuba Broadcasting (OCB)","2022"
"USAGM","Open Technology Fund (OTF)","2021"
"USAGM","Open Technology Fund (OTF)","2022"
"USAGM","Overseas Payroll","2022"
"USAGM","Radio Free Asia (RFA)","2021"
"USAGM","Radio Free Asia (RFA)","2022"
"USAGM","Radio Free Europe (RFE/RL)","2021"
"USAGM","Radio Free Europe (RFE/RL)","2022"
"USAGM","Technology, Services and Innovation (TSI)","2021"
"USAGM","Technology, Services and Innovation (TSI)","2022"
"USAGM","Voice of America (VOA)","2022"
"USAID","A01 Counter-Terrorism","2021"
"USAID","A01 Counter-Terrorism","2022"
"USAID","A02 Combating Weapons of Mass Destruction (WMD)","2021"
"USAID","A02 Combating Weapons of Mass Destruction (WMD)","2022"
"USAID","A03 Stabilization Operations and Security Sector Reform","2021"
"USAID","A03 Stabilization Operations and Security Sector Reform","2022"
"USAID","A04 Counter-Narcotics","2021"
"USAID","A04 Counter-Narcotics","2022"
"USAID","A05 Transnational Crime","2021"
"USAID","A05 Transnational Crime","2022"
"USAID","A06 Conflict Mitigation and Reconciliation","2021"
"USAID","A06 Conflict Mitigation and Reconciliation","2022"
"USAID","A07 Rule of Law and Human Rights","2021"
"USAID","A07 Rule of Law and Human Rights","2022"
"USAID","A08 Good Governance","2021"
"USAID","A08 Good Governance","2022"
"USAID","A09 Political Competition and Consensus-Building","2021"
"USAID","A09 Political Competition and Consensus-Building","2022"
"USAID","A10 Civil Society","2021"
"USAID","A10 Civil Society","2022"
"USAID","A11 Health","2021"
"USAID","A11 Health","2022"
"USAID","A12 Education","2021"
"USAID","A12 Education","2022"
"USAID","A13 Social and Economic Services and Protection for Vulnerable Populations","2021"
"USAID","A13 Social and Economic Services and Protection for Vulnerable Populations","2022"
"USAID","A14 Macroeconomic Foundation for Growth","2021"
"USAID","A14 Macroeconomic Foundation for Growth","2022"
"USAID","A15 Trade and Investment","2021"
"USAID","A15 Trade and Investment","2022"
"USAID","A16 Financial Sector","2021"
"USAID","A16 Financial Sector","2022"
"USAID","A17 Infrastructure","2021"
"USAID","A17 Infrastructure","2022"
"USAID","A18 Agriculture","2021"
"USAID","A18 Agriculture","2022"
"USAID","A19 Private Sector Competitiveness","2021"
"USAID","A19 Private Sector Competitiveness","2022"
"USAID","A20 Economic Opportunity","2021"
"USAID","A20 Economic Opportunity","2022"
"USAID","A21 Environment","2021"
"USAID","A21 Environment","2022"
"USAID","A22 Protection, Assistance and Solutions","2021"
"USAID","A22 Protection, Assistance and Solutions","2022"
"USAID","A23 Disaster Readiness","2021"
"USAID","A23 Disaster Readiness","2022"
"USAID","A24 Migration Management","2021"
"USAID","A24 Migration Management","2022"
"USAID","A25 Crosscutting Management and Staffing","2021"
"USAID","A25 Crosscutting Management and Staffing","2022"
"USAID","A26 Program Design and Learning","2021"
"USAID","A26 Program Design and Learning","2022"
"USAID","A27 Administration and Oversight","2021"
"USAID","A27 Administration and Oversight","2022"
"USAID","DR.1 Democracy, Human Rights and Governance/Rule of Law (ROL)","2021"
"USAID","DR.1 Democracy, Human Rights and Governance/Rule of Law (ROL)","2022"
"USAID","DR.2 Democracy, Human Rights and Governance/Good Governance","2021"
"USAID","DR.2 Democracy, Human Rights and Governance/Good Governance","2022"
"USAID","DR.3 Democracy, Human Rights and Governance/Political Competition and Consensus-Building","2021"
"USAID","DR.3 Democracy, Human Rights and Governance/Political Competition and Consensus-Building","2022"
"USAID","DR.4 Democracy, Human Rights and Governance/Civil Society","2021"
"USAID","DR.4 Democracy, Human Rights and Governance/Civil Society","2022"
"USAID","DR.5 Democracy, Human Rights and Governance/Independent Media and Free Flow of Information","2021"
"USAID","DR.5 Democracy, Human Rights and Governance/Independent Media and Free Flow of Information","2022"
"USAID","DR.6 Democracy, Human Rights and Governance/Human Rights","2021"
"USAID","DR.6 Democracy, Human Rights and Governance/Human Rights","2022"
"USAID","EG.1 Economic Growth/Macroeconomic Foundation for Growth","2021"
"USAID","EG.1 Economic Growth/Macroeconomic Foundation for Growth","2022"
"USAID","EG.10 Economic Growth/Environment","2022"
"USAID","EG.11 Economic Growth/Climate Change – Adaptation","2022"
"USAID","EG.12 Economic Growth/Climate Change – Clean Energy","2022"
"USAID","EG.13 Economic Growth/Climate Change – Sustainable Landscapes","2022"
"USAID","EG.2 Economic Growth/Trade and Investment","2021"
"USAID","EG.2 Economic Growth/Trade and Investment","2022"
"USAID","EG.3 Economic Growth/Agriculture","2021"
"USAID","EG.3 Economic Growth/Agriculture","2022"
"USAID","EG.4 Economic Growth/Financial Sector","2021"
"USAID","EG.4 Economic Growth/Financial Sector","2022"
"USAID","EG.5 Economic Growth/Private Sector Productivity","2022"
"USAID","EG.6 Economic Growth/Workforce Development","2021"
"USAID","EG.6 Economic Growth/Workforce Development","2022"
"USAID","EG.7 Economic Growth/Modern Energy Services","2021"
"USAID","EG.7 Economic Growth/Modern Energy Services","2022"
"USAID","EG.8 Economic Growth/Information and Communications Technology Services","2021"
"USAID","EG.8 Economic Growth/Information and Communications Technology Services","2022"
"USAID","EG.9 Economic Growth/Transport Services","2021"
"USAID","EG.9 Economic Growth/Transport Services","2022"
"USAID","ES.1 Education and Social Services/Basic Education","2021"
"USAID","ES.1 Education and Social Services/Basic Education","2022"
"USAID","ES.2 Education and Social Services/Higher Education","2021"
"USAID","ES.2 Education and Social Services/Higher Education","2022"
"USAID","ES.3 Education and Social Services//Social Policies, Regulations, and Systems","2021"
"USAID","ES.3 Education and Social Services//Social Policies, Regulations, and Systems","2022"
"USAID","ES.4 Education and Social Services/Social Services","2021"
"USAID","ES.4 Education and Social Services/Social Services","2022"
"USAID","ES.5 Education and Social Services/Social Assistance","2021"
"USAID","ES.5 Education and Social Services/Social Assistance","2022"
"USAID","HA.1 Humanitarian Assistance/Protection, Assistance and Solutions","2021"
"USAID","HA.1 Humanitarian Assistance/Protection, Assistance and Solutions","2022"
"USAID","HA.2 Humanitarian Assistance/Disaster Readiness","2021"
"USAID","HA.2 Humanitarian Assistance/Disaster Readiness","2022"
"USAID","HA.3 Humanitarian Assistance/Migration Management","2021"
"USAID","HA.3 Humanitarian Assistance/Migration Management","2022"
"USAID","HL.1 Health/HIV/AIDS","2021"
"USAID","HL.1 Health/HIV/AIDS","2022"
"USAID","HL.2 Health/Tuberculosis","2021"
"USAID","HL.2 Health/Tuberculosis","2022"
"USAID","HL.3 Health/Malaria","2021"
"USAID","HL.3 Health/Malaria","2022"
"USAID","HL.4 Health/Pandemic Influenza and Other Emerging Threats (PIOET)","2021"
"USAID","HL.4 Health/Pandemic Influenza and Other Emerging Threats (PIOET)","2022"
"USAID","HL.5 Health/Other Public Health Threats","2021"
"USAID","HL.5 Health/Other Public Health Threats","2022"
"USAID","HL.6 Health/Maternal and Child Health","2021"
"USAID","HL.6 Health/Maternal and Child Health","2022"
"USAID","HL.7 Health/Family Planning and Reproductive Health","2021"
"USAID","HL.7 Health/Family Planning and Reproductive Health","2022"
"USAID","HL.8 Health/Water Supply and Sanitation","2021"
"USAID","HL.8 Health/Water Supply and Sanitation","2022"
"USAID","HL.9 Health/Nutrition","2021"
"USAID","HL.9 Health/Nutrition","2022"
"USAID","Legacy Strategic Objective","2021"
"USAID","Legacy Strategic Objective","2022"
"USAID","OE Operating Expense","2021"
"USAID","OE Operating Expense","2022"
"USAID","PO.1 Program Development and Oversight/Program Design and Learning","2021"
"USAID","PO.1 Program Development and Oversight/Program Design and Learning","2022"
"USAID","PO.2 Program Development and Oversight/Administration and Oversight","2021"
"USAID","PO.2 Program Development and Oversight/Administration and Oversight","2022"
"USAID","PO.3 Program Development and Oversight/Evaluation","2021"
"USAID","PO.3 Program Development and Oversight/Evaluation","2022"
"USAID","PS.1 Peace and Security/Counter-Terrorism","2021"
"USAID","PS.1 Peace and Security/Counter-Terrorism","2022"
"USAID","PS.2 Peace and Security/Combating Weapons of Mass Destruction (WMD)","2022"
"USAID","PS.3 Peace and Security/Counter-Narcotics","2021"
"USAID","PS.3 Peace and Security/Counter-Narcotics","2022"
"USAID","PS.4 Peace and Security/Transnational Threats and Crime","2022"
"USAID","PS.5 Peace and Security/Trafficking in Persons","2021"
"USAID","PS.5 Peace and Security/Trafficking in Persons","2022"
"USAID","PS.6 Peace and Security/Conflict Mitigation and Stabilization","2021"
"USAID","PS.6 Peace and Security/Conflict Mitigation and Stabilization","2022"
"USAID","PS.7 Peace and Security/Conventional Weapons Security and Explosive Remnants of War (ERW)","2021"
"USAID","PS.7 Peace and Security/Conventional Weapons Security and Explosive Remnants of War (ERW)","2022"
"USAID","PS.8 Peace and Security/Strengthening Military Partnerships and Capabilities","2021"
"USAID","PS.8 Peace and Security/Strengthening Military Partnerships and Capabilities","2022"
"USAID","PS.9 Peace and Security/Citizen Security and Law Enforcement","2021"
"USAID","PS.9 Peace and Security/Citizen Security and Law Enforcement","2022"
"USDA","Agricultural Conservation Easement Program","2021"
"USDA","Agricultural Conservation Easement Program","2022"
"USDA","Agricultural Marketing Service (AMS) - Market Protection and Promotion","2021"
"USDA","Agricultural Marketing Service (AMS) - Market Protection and Promotion","2022"
"USDA","Agricultural Marketing Service (AMS) Commodity Purchase Program","2021"
"USDA","Agricultural Marketing Service (AMS) Commodity Purchase Program","2022"
"USDA","Agricultural Marketing Service (AMS) Salaries and Expenses","2022"
"USDA","Agricultural Research Service (ARS) Hurricane Harvey - Buildings and Facilities","2021"
"USDA","Agricultural Research Service (ARS) Hurricane Harvey - Buildings and Facilities","2022"
"USDA","Agriculture Research Service (ARS) Buildings and Facilities","2021"
"USDA","Agriculture Research Service (ARS) Buildings and Facilities","2022"
"USDA","Agriculture Risk/Price Loss Coverage Program","2025"
"USDA","Agriculture Wool Apparel Manufacturers Trust Fund","2021"
"USDA","Agriculture Wool Apparel Manufacturers Trust Fund","2022"
"USDA","Animal and Plant Health Inspection Service (APHIS) Buildings and Facilities","2021"
"USDA","Animal and Plant Health Inspection Service (APHIS) Buildings and Facilities","2022"
"USDA","Animal and Plant Health Inspection Service (APHIS) Trust Funds","2021"
"USDA","Animal and Plant Health Inspection Service (APHIS) Trust Funds","2022"
"USDA","Biomass Crop Assistance Program","2021"
"USDA","Biomass Crop Assistance Program","2022"
"USDA","CNMI Nutrition Assistance","2021"
"USDA","CNMI Nutrition Assistance","2022"
"USDA","Commodity Credit Corporation (CCC) Administrative Contracts","2021"
"USDA","Commodity Credit Corporation (CCC) Administrative Contracts","2022"
"USDA","Commodity Credit Corporation (CCC) Agriculture Risk Coverage and Price Loss Coverage (ARC/PLC)","2021"
"USDA","Commodity Credit Corporation (CCC) Agriculture Risk Coverage and Price Loss Coverage (ARC/PLC)","2022"
"USDA","Commodity Credit Corporation (CCC) Agriculture Risk Coverage and Price Loss Coverage (ARC/PLC)","2023"
"USDA","Commodity Credit Corporation (CCC) Agriculture Risk Coverage and Price Loss Coverage (ARC/PLC)","2024"
"USDA","Commodity Credit Corporation (CCC) Economic Adjustment Assistance for Upland Cotton (EAAP)","2021"
"USDA","Commodity Credit Corporation (CCC) Economic Adjustment Assistance for Upland Cotton (EAAP)","2022"
"USDA","Commodity Credit Corporation (CCC) Emergency Forestry Conservation Reserve Program (EFCRP)","2021"
"USDA","Commodity Credit Corporation (CCC) Emergency Forestry Conservation Reserve Program (EFCRP)","2022"
"USDA","Commodity Credit Corporation (CCC) Export 416 Ocean Transportation","2021"
"USDA","Commodity Credit Corporation (CCC) Export 416 Ocean Transportation","2022"
"USDA","Commodity Credit Corporation (CCC) Feed Stock Flexibility Program (FFP)","2021"
"USDA","Commodity Credit Corporation (CCC) Feed Stock Flexibility Program (FFP)","2022"
"USDA","Commodity Credit Corporation (CCC) Hazardous Waste Activities","2021"
"USDA","Commodity Credit Corporation (CCC) Hazardous Waste Activities","2022"
"USDA","Commodity Credit Corporation (CCC) Livestock Forage Disaster Program","2025"
"USDA","Commodity Credit Corporation (CCC) Marketing Assistance Loan (MAL)","2021"
"USDA","Commodity Credit Corporation (CCC) Marketing Assistance Loan (MAL)","2022"
"USDA","Commodity Credit Corporation (CCC) Public Law 480","2021"
"USDA","Commodity Credit Corporation (CCC) Public Law 480","2022"
"USDA","Commodity Credit Corporation (CCC) Supplemental Revenue Assistance Payments Program (SURE)","2021"
"USDA","Commodity Credit Corporation (CCC) Supplemental Revenue Assistance Payments Program (SURE)","2022"
"USDA","Commodity Credit Corporation (CCC) Trade Adjustment Assistance Program (TAA)","2021"
"USDA","Commodity Credit Corporation (CCC) Trade Adjustment Assistance Program (TAA)","2022"
"USDA","Commodity Credit Corporation (CCC) Trade Mitigation Program (TMP)","2021"
"USDA","Commodity Credit Corporation (CCC) Trade Mitigation Program (TMP)","2022"
"USDA","Commodity Credit Corporation Seafood Trade Relief Program (STRP)","2022"
"USDA","Commodity Loans and Loan Deficiency Payments","2021"
"USDA","Commodity Loans and Loan Deficiency Payments","2022"
"USDA","Commodity Supplemental Food Program","2021"
"USDA","Commodity Supplemental Food Program","2022"
"USDA","Community Facilities Community Program Grants; Rural Community Development Initiative Grants; Community Facilities Direct Loans","2021"
"USDA","Community Facilities Community Program Grants; Rural Community Development Initiative Grants; Community Facilities Direct Loans","2022"
"USDA","Community Food Projects","2021"
"USDA","Community Food Projects","2022"
"USDA","Conservation Outreach, Education and Technical Assistance","2021"
"USDA","Conservation Outreach, Education and Technical Assistance","2022"
"USDA","Conservation Reserve Program","2021"
"USDA","Conservation Reserve Program","2022"
"USDA","Cooperative State Food Safety & Inspection","2022"
"USDA","Coronavirus Food Assistance Program 2","2021"
"USDA","Coronavirus Food Assistance Program 2","2022"
"USDA","Coronavirus Food Assistance Program 2","2023"
"USDA","Coronavirus Food Assistance Program 2","2024"
"USDA","Dairy Indemnity Program","2021"
"USDA","Dairy Indemnity Program","2022"
"USDA","Dairy Margin Coverage Program","2021"
"USDA","Dairy Margin Coverage Program","2022"
"USDA","Department Administration (DA) Agriculture Buildings and Facilities","2022"
"USDA","Department Administration (DA) Biobased Markets Program","2022"
"USDA","Department Administration (DA) Hazardous Materials Management","2022"
"USDA","Emergency Assistance for Livestock, Honeybees and Farm-Raised Fish Program","2021"
"USDA","Emergency Assistance for Livestock, Honeybees and Farm-Raised Fish Program","2022"
"USDA","Emergency Conservation Program","2021"
"USDA","Emergency Conservation Program","2022"
"USDA","Emergency Conservation Program","2023"
"USDA","Emergency Conservation Program","2024"
"USDA","Emergency Conservation Program","2025"
"USDA","Emergency Food Assistance Program (Food Commodities)","2021"
"USDA","Emergency Food Assistance Program (Food Commodities)","2022"
"USDA","Emergency Watershed Protection Program – Disaster Relief Appropriations Act","2021"
"USDA","Emergency Watershed Protection Program – Disaster Relief Appropriations Act","2022"
"USDA","Export Guarantee Program","2021"
"USDA","Export Guarantee Program","2022"
"USDA","Extension Activities","2021"
"USDA","Extension Activities","2022"
"USDA","Farm Service Agency (FSA) Emergency Forest Restoration Program","2021"
"USDA","Farm Service Agency (FSA) Emergency Forest Restoration Program","2022"
"USDA","Farm Service Agency (FSA) Grassroots Source Water Protection Program","2021"
"USDA","Farm Service Agency (FSA) Grassroots Source Water Protection Program","2022"
"USDA","Farm Service Agency (FSA) Salaries and Expenses","2021"
"USDA","Farm Service Agency (FSA) Salaries and Expenses","2022"
"USDA","Farm Storage Facility Loans","2021"
"USDA","Farm Storage Facility Loans","2022"
"USDA","Federal Crop Insurance Corporation (FCIC)","2021"
"USDA","Federal Crop Insurance Corporation (FCIC)","2022"
"USDA","Federal Crop Insurance Corporation (FCIC)","2023"
"USDA","Federal Crop Insurance Corporation (FCIC)","2024"
"USDA","Federal Crop Insurance Corporation (FCIC)","2025"
"USDA","FNS Hurricane Harvey - Commodity Assistance Program","2021"
"USDA","FNS Hurricane Harvey - SNAP","2021"
"USDA","FNS Hurricane Harvey - WIC","2021"
"USDA","FNS Hurricane Sandy - Commodity Assistance Program","2021"
"USDA","Food and Nutrition Service (FNS) Child and Adult Care Food Program","2021"
"USDA","Food and Nutrition Service (FNS) Child and Adult Care Food Program","2022"
"USDA","Food and Nutrition Service (FNS) Child and Adult Care Food Program","2023"
"USDA","Food and Nutrition Service (FNS) Child and Adult Care Food Program","2024"
"USDA","Food and Nutrition Service (FNS) Child and Adult Care Food Program","2025"
"USDA","Food and Nutrition Service (FNS) Child and Adult Care Food Program (CACFP) Centers","2024"
"USDA","Food and Nutrition Service (FNS) National School Lunch Program (NSLP)","2021"
"USDA","Food and Nutrition Service (FNS) National School Lunch Program (NSLP)","2022"
"USDA","Food and Nutrition Service (FNS) National School Lunch Program (NSLP)","2023"
"USDA","Food and Nutrition Service (FNS) National School Lunch Program (NSLP)","2024"
"USDA","Food and Nutrition Service (FNS) Nutrition Program Administration (NPA)","2021"
"USDA","Food and Nutrition Service (FNS) Nutrition Program Administration (NPA)","2022"
"USDA","Food and Nutrition Service (FNS) Special Milk Program (SMP)","2021"
"USDA","Food and Nutrition Service (FNS) Special Milk Program (SMP)","2022"
"USDA","Food and Nutrition Service (FNS) Special Supplemental Nutrition Program for Women, Infants, and Children (WIC)","2021"
"USDA","Food and Nutrition Service (FNS) Special Supplemental Nutrition Program for Women, Infants, and Children (WIC)","2022"
"USDA","Food and Nutrition Service (FNS) Special Supplemental Nutrition Program for Women, Infants, and Children (WIC)","2023"
"USDA","Food and Nutrition Service (FNS) Special Supplemental Nutrition Program for Women, Infants, and Children (WIC)","2024"
"USDA","Food and Nutrition Service (FNS) Summer Food Service Program (SFSP)","2021"
"USDA","Food and Nutrition Service (FNS) Summer Food Service Program (SFSP)","2022"
"USDA","Food and Nutrition Service (FNS) Summer Food Service Program (SFSP)","2023"
"USDA","Food and Nutrition Service (FNS) Summer Food Service Program (SFSP)","2024"
"USDA","Food and Nutrition Service (FNS) Summer Food Service Program (SFSP)","2025"
"USDA","Food and Nutrition Service (FNS) Supplemental Nutrition Assistance Program (SNAP)","2021"
"USDA","Food and Nutrition Service (FNS) Supplemental Nutrition Assistance Program (SNAP)","2022"
"USDA","Food and Nutrition Service (FNS) Supplemental Nutrition Assistance Program (SNAP)","2023"
"USDA","Food and Nutrition Service (FNS) Supplemental Nutrition Assistance Program (SNAP)","2024"
"USDA","Food Distribution Program on Indian Reservations","2021"
"USDA","Food Distribution Program on Indian Reservations","2022"
"USDA","Food for Education","2022"
"USDA","Food for Progress","2021"
"USDA","Food for Progress","2022"
"USDA","Food Safety and Inspection Service (FSIS) Salaries and Expenses","2021"
"USDA","Food Safety and Inspection Service (FSIS) Salaries and Expenses","2022"
"USDA","Foreign Agriculture Service (FAS) Salaries and Expenses","2022"
"USDA","Forest Service (FS) Disaster Supplemental - Capital Improvement and Maintenance","2021"
"USDA","Forest Service (FS) Disaster Supplemental - Capital Improvement and Maintenance","2022"
"USDA","Forest Service (FS) Emergency Leave","2021"
"USDA","Forest Service (FS) Emergency Leave","2022"
"USDA","Forest Service (FS) Forest and Rangeland Research - Disaster Relief","2021"
"USDA","Forest Service (FS) Management of National Forest Lands for Subsistence Uses","2021"
"USDA","Forest Service (FS) Management of National Forest Lands for Subsistence Uses","2022"
"USDA","Forest Service (FS) Operations","2021"
"USDA","Forest Service (FS) State, Private, and Tribal Forestry","2021"
"USDA","Forest Service (FS) State, Private, and Tribal Forestry","2022"
"USDA","FS Hurricane Harvey - State and Private Forestry","2021"
"USDA","FS Wildland Fire Disaster Relief - Wildland Fire Management","2021"
"USDA","FS Wildland Fire Management - Suppression","2021"
"USDA","FS-04 Capital Improvement and Maintenance","2021"
"USDA","FS-04 Capital Improvement and Maintenance","2022"
"USDA","FS-05 State, Private, and Tribal Forestry","2021"
"USDA","FS-05 State, Private, and Tribal Forestry","2022"
"USDA","FS-06 Forest and Rangeland Research","2021"
"USDA","FS-06 Forest and Rangeland Research","2022"
"USDA","FS-07 Stewardship Contracting Product Sales","2021"
"USDA","FS-07 Stewardship Contracting Product Sales","2022"
"USDA","FS-08 Permanent Appropriations","2021"
"USDA","FS-08 Permanent Appropriations","2022"
"USDA","FS-09 Forest Service Trust Funds","2021"
"USDA","FS-09 Forest Service Trust Funds","2022"
"USDA","FS-10 Land Acquisition","2021"
"USDA","FS-10 Land Acquisition","2022"
"USDA","FS-11 Working Capital Fund","2021"
"USDA","FS-11 Working Capital Fund","2022"
"USDA","FS-12 Management of National Forest Lands for Subsistence Uses","2021"
"USDA","FS-12 Management of National Forest Lands for Subsistence Uses","2022"
"USDA","FS-13 Range Betterment Fund","2021"
"USDA","FS-13 Range Betterment Fund","2022"
"USDA","FS-14 Operations","2022"
"USDA","Heirs’ Property Relending Program","2021"
"USDA","Heirs’ Property Relending Program","2022"
"USDA","Indemnity Program","2021"
"USDA","Indemnity Program","2022"
"USDA","Livestock Forage Disaster Program","2021"
"USDA","Livestock Forage Disaster Program","2022"
"USDA","Livestock Forage Disaster Program","2023"
"USDA","Livestock Forage Disaster Program","2024"
"USDA","Livestock Indemnity Program-2014 Farm Bill","2021"
"USDA","Livestock Indemnity Program-2014 Farm Bill","2022"
"USDA","Market Access Program","2021"
"USDA","Market Access Program","2022"
"USDA","Market Facilitation Program","2021"
"USDA","Market Facilitation Program","2022"
"USDA","N/A - REMOVE - Rolled into FS National Forest System","2021"
"USDA","National Institute of Food and Agriculture (NIFA) Research and Education Activities","2021"
"USDA","National Institute of Food and Agriculture (NIFA) Research and Education Activities","2022"
"USDA","National School Lunch Program","2021"
"USDA","National School Lunch Program","2022"
"USDA","National School Lunch Program","2025"
"USDA","Natural Resources Conservation Service (NRCS) P.L. 116-120 Disasters","2021"
"USDA","Natural Resources Conservation Service (NRCS) Emergency Watershed Protection Program - Hurricane Sandy","2021"
"USDA","Natural Resources Conservation Service (NRCS) P.L. 115-20 Disasters","2021"
"USDA","Natural Resources Conservation Service (NRCS) Water Bank/Damage Assessment Program","2021"
"USDA","Natural Resources Conservation Service (NRCS) Water Bank/Damage Assessment Program","2022"
"USDA","Noninsured Crop Disaster Assistance Program","2021"
"USDA","Noninsured Crop Disaster Assistance Program","2022"
"USDA","Noninsured Crop Disaster Assistance Program","2023"
"USDA","Noninsured Crop Disaster Assistance Program","2024"
"USDA","Noninsured Crop Disaster Assistance Program","2025"
"USDA","Nutrition Assistance for Puerto Rico","2021"
"USDA","Nutrition Assistance for Puerto Rico","2022"
"USDA","Office of Budget and Program Analysis (OBPA) Salaries and Expenses","2022"
"USDA","Office of Civil Rights (OCR) Salaries and Expenses","2022"
"USDA","Office of Inspector General (OIG) Disaster Related Appropriations","2022"
"USDA","Office of the Chief Economist (OCE) Salaries and Expenses","2022"
"USDA","Office of the Chief Financial Officer (OCFO) Salaries and Expenses","2022"
"USDA","Office of the Chief Information Officer (OCIO) Salaries and Expenses","2022"
"USDA","Office of the Inspector General (OIG) Salaries and Expenses","2022"
"USDA","Office of the Secretary (OSEC) Salaries and Expenses","2022"
"USDA","Outreach and Assistance for Socially Disadvantaged and Veteran Farmers and Ranchers","2022"
"USDA","Pandemic Assistance for Timber Harvesters and Haulers (PATHH) Program","2022"
"USDA","Pandemic EBT Food Benefits","2022"
"USDA","Pandemic Livestock Indemnity Program","2022"
"USDA","Pima Agriculture Cotton Trust Fund","2021"
"USDA","Pima Agriculture Cotton Trust Fund","2022"
"USDA","Plant and Animal Disease, Pest Control, and Animal Care","2021"
"USDA","Plant and Animal Disease, Pest Control, and Animal Care","2022"
"USDA","Plant Materials for Conservation","2021"
"USDA","Plant Materials for Conservation","2022"
"USDA","Quality Loss Adjustment Program","2022"
"USDA","Reimbursement Transportation Cost Payment Program","2021"
"USDA","Reimbursement Transportation Cost Payment Program","2022"
"USDA","Research & Education Activities; Integrated Activities","2021"
"USDA","Research & Education Activities; Integrated Activities","2022"
"USDA","Research, Education, and Economics (REE) Salaries and Expenses","2021"
"USDA","Research, Education, and Economics (REE) Salaries and Expenses","2022"
"USDA","Rural Business-Cooperative Service (RBCS) Grant Programs and Cooperative Agreement Programs","2021"
"USDA","Rural Business-Cooperative Service (RBCS) Grant Programs and Cooperative Agreement Programs","2022"
"USDA","Rural Business-Cooperative Service (RBCS) Guaranteed Loan Programs","2021"
"USDA","Rural Business-Cooperative Service (RBCS) Guaranteed Loan Programs","2022"
"USDA","Rural Business-Cooperative Service (RBCS) Relending Programs","2021"
"USDA","Rural Business-Cooperative Service (RBCS) Relending Programs","2022"
"USDA","Rural Development (RD) Salaries and Expenses","2021"
"USDA","Rural Development (RD) Salaries and Expenses","2022"
"USDA","Rural Development (RD) Salaries and Expenses (9002 BBMP)","2021"
"USDA","Rural Development (RD) Salaries and Expenses (9002 BBMP)","2022"
"USDA","Rural Development Policy Public Service and Leadership Development Program","2022"
"USDA","Rural Housing Service (RHS) Community Facilities Direct Loans","2021"
"USDA","Rural Housing Service (RHS) Community Facilities Direct Loans","2022"
"USDA","Rural Housing Service (RHS) Community Facilities Guaranteed Loans","2021"
"USDA","Rural Housing Service (RHS) Community Facilities Guaranteed Loans","2022"
"USDA","Rural Housing Service (RHS) Farm Labor Housing Loans (Section 514) and Grants (Section 516)","2021"
"USDA","Rural Housing Service (RHS) Farm Labor Housing Loans (Section 514) and Grants (Section 516)","2022"
"USDA","Rural Housing Service (RHS) Housing Loans and Grants - Other","2021"
"USDA","Rural Housing Service (RHS) Housing Loans and Grants - Other","2022"
"USDA","Rural Housing Service (RHS) Multi-Family Housing Guaranteed Loans (Section 538 Loans)","2021"
"USDA","Rural Housing Service (RHS) Multi-Family Housing Guaranteed Loans (Section 538 Loans)","2022"
"USDA","Rural Housing Service (RHS) Multi-Family Housing Preservation and Revitalization Demo Program","2021"
"USDA","Rural Housing Service (RHS) Multi-Family Housing Preservation and Revitalization Demo Program","2022"
"USDA","Rural Housing Service (RHS) Multi-Family Housing Rental Assistance Program","2021"
"USDA","Rural Housing Service (RHS) Multi-Family Housing Rental Assistance Program","2022"
"USDA","Rural Housing Service (RHS) Multi-Family Housing Rural Rental Housing Direct Loans (Section 515)","2021"
"USDA","Rural Housing Service (RHS) Multi-Family Housing Rural Rental Housing Direct Loans (Section 515)","2022"
"USDA","Rural Housing Service (RHS) Multi-Family Housing Rural Rental Housing Direct Loans (Section 515) (HIM Disasters)","2021"
"USDA","Rural Housing Service (RHS) Multi-Family Housing Rural Rental Housing Direct Loans (Section 515) (HIM Disasters)","2022"
"USDA","Rural Housing Service (RHS) Single Family Housing Direct Loans","2021"
"USDA","Rural Housing Service (RHS) Single Family Housing Direct Loans","2022"
"USDA","Rural Housing Service (RHS) Single Family Housing Guaranteed Loans","2021"
"USDA","Rural Housing Service (RHS) Single Family Housing Guaranteed Loans","2022"
"USDA","Rural Utilities Service (RUS) Broadband Telecom Loans - Treasury Rate","2021"
"USDA","Rural Utilities Service (RUS) Broadband Telecom Loans - Treasury Rate","2022"
"USDA","Rural Utilities Service (RUS) Community Connect Grants","2021"
"USDA","Rural Utilities Service (RUS) Community Connect Grants","2022"
"USDA","Rural Utilities Service (RUS) Congressional Earmarked Funds","2021"
"USDA","Rural Utilities Service (RUS) Congressional Earmarked Funds","2022"
"USDA","Rural Utilities Service (RUS) Electric Loan Programs - Direct Treasury Rate","2021"
"USDA","Rural Utilities Service (RUS) Electric Loan Programs - Direct Treasury Rate","2022"
"USDA","Rural Utilities Service (RUS) Electric Loan Programs FFB Guaranteed Loans","2021"
"USDA","Rural Utilities Service (RUS) Electric Loan Programs FFB Guaranteed Loans","2022"
"USDA","Rural Utilities Service (RUS) Grants - Other - Electric","2021"
"USDA","Rural Utilities Service (RUS) Grants - Other - Electric","2022"
"USDA","Rural Utilities Service (RUS) Public Television Digital Transition Grants","2021"
"USDA","Rural Utilities Service (RUS) Public Television Digital Transition Grants","2022"
"USDA","Rural Utilities Service (RUS) Rural Energy Savings Program","2021"
"USDA","Rural Utilities Service (RUS) Rural Energy Savings Program","2022"
"USDA","Rural Utilities Service (RUS) Rural Telecommunications - Distance Learning and Telemedicine","2021"
"USDA","Rural Utilities Service (RUS) Rural Telecommunications - Distance Learning and Telemedicine","2022"
"USDA","Rural Utilities Service (RUS) Rural Telecommunications - ReConnect Program","2021"
"USDA","Rural Utilities Service (RUS) Rural Telecommunications - ReConnect Program","2022"
"USDA","Rural Utilities Service (RUS) Rural Telecommunications Hardship Loans - Direct Telecom Loans","2021"
"USDA","Rural Utilities Service (RUS) Rural Telecommunications Hardship Loans - Direct Telecom Loans","2022"
"USDA","Rural Utilities Service (RUS) Rural Telecommunications Loans - FFB Telecom Loans","2021"
"USDA","Rural Utilities Service (RUS) Rural Telecommunications Loans - FFB Telecom Loans","2022"
"USDA","Rural Utilities Service (RUS) Rural Telecommunications Loans - Treasury Telecom Loan","2021"
"USDA","Rural Utilities Service (RUS) Rural Telecommunications Loans - Treasury Telecom Loan","2022"
"USDA","Rural Utilities Service (RUS) Rural Utilities Electric Program - Direct 5%","2021"
"USDA","Rural Utilities Service (RUS) Rural Utilities Electric Program - Direct 5%","2022"
"USDA","Rural Utilities Service (RUS) Rural Utilities Electric Program - Municipal Rate","2021"
"USDA","Rural Utilities Service (RUS) Rural Utilities Electric Program - Municipal Rate","2022"
"USDA","Rural Utilities Service (RUS) Water and Waste Disposal Loans and Grants Section 306C","2021"
"USDA","Rural Utilities Service (RUS) Water and Waste Disposal Loans and Grants Section 306C","2022"
"USDA","Rural Utilities Service (RUS) Water and Waste Disposal Systems for Rural Communities Grants","2021"
"USDA","Rural Utilities Service (RUS) Water and Waste Disposal Systems for Rural Communities Grants","2022"
"USDA","Rural Utilities Service (RUS) Water and Waste Disposal Systems for Rural Communities Grants (HIM Disasters)","2021"
"USDA","Rural Utilities Service (RUS) Water and Waste Disposal Systems for Rural Communities Grants (HIM Disasters)","2022"
"USDA","Rural Utilities Service (RUS) Water and Waste Disposal Systems for Rural Communities Loans","2021"
"USDA","Rural Utilities Service (RUS) Water and Waste Disposal Systems for Rural Communities Loans","2022"
"USDA","Rural Utilities Service (RUS) Water and Waste Guaranteed Loans","2021"
"USDA","Rural Utilities Service (RUS) Water and Waste Guaranteed Loans","2022"
"USDA","Rural Utilities Service (RUS) WEP Technical Assistance - Revolving","2021"
"USDA","Rural Utilities Service (RUS) WEP Technical Assistance - Revolving","2022"
"USDA","School Breakfast Program","2021"
"USDA","School Breakfast Program","2022"
"USDA","School Breakfast Program","2023"
"USDA","School Breakfast Program","2024"
"USDA","School Breakfast Program","2025"
"USDA","Senior Farmers Market Nutrition Program","2021"
"USDA","Senior Farmers Market Nutrition Program","2022"
"USDA","Snow Survey and Water Supply Forecasting","2021"
"USDA","Snow Survey and Water Supply Forecasting","2022"
"USDA","Soil Survey","2021"
"USDA","Soil Survey","2022"
"USDA","State Mediation Grants","2021"
"USDA","State Mediation Grants","2022"
"USDA","Supplemental Nutrition Assistance Program","2025"
"USDA","Tree Assistance Program","2021"
"USDA","Tree Assistance Program","2022"
"USDA","Watershed Rehabilitation Program","2021"
"USDA","Watershed Rehabilitation Program","2022"
"USDA","WIC Farmers' Market Nutrition Program (FMNP)","2021"
"USDA","WIC Farmers' Market Nutrition Program (FMNP)","2022"
"USDA","Wildfires and Hurricanes Indemnity Program","2021"
"USDA","Wildfires and Hurricanes Indemnity Program","2022"
"USDA","Wildfires and Hurricanes Indemnity Program Plus","2021"
"USDA","Wildfires and Hurricanes Indemnity Program Plus","2022"
"USDA","Wildfires and Hurricanes Indemnity Program Plus","2023"
"USDA","Wildlife Services","2021"
"USDA","Wildlife Services","2022"
"USITC","International Trade","2022"
"VA","","2021"
"VA","Activities with Other Federal Agencies","2021"
"VA","Alcohol and Drug Treatment Rehabilitation","2021"
"VA","Alcohol and Drug Treatment Rehabilitation","2022"
"VA","Automobile Adaptive Equipment","2021"
"VA","Automobile Adaptive Equipment","2022"
"VA","Beneficiary Travel","2021"
"VA","Beneficiary Travel","2022"
"VA","Beneficiary Travel","2023"
"VA","Beneficiary Travel","2024"
"VA","Beneficiary Travel","2025"
"VA","Canteen Service","2021"
"VA","Caregiver Support","2021"
"VA","Caregiver Support","2022"
"VA","Civilian Health and Medical Program of the VA (CHAMPVA)","2021"
"VA","Civilian Health and Medical Program of the VA (CHAMPVA)","2022"
"VA","Clothing Allowance","2021"
"VA","Clothing Allowance","2022"
"VA","Communications, Utilities, and Other Rent","2021"
"VA","Communications, Utilities, and Other Rent","2022"
"VA","Communications, Utilities, and Other Rent","2023"
"VA","Communications, Utilities, and Other Rent","2024"
"VA","Compensated Work Therapy","2021"
"VA","Compensated Work Therapy","2022"
"VA","Compensation","2021"
"VA","Compensation","2022"
"VA","Compensation","2025"
"VA","COVID-19 Office of Information & Technology","2021"
"VA","COVID-19 Office of Information & Technology","2022"
"VA","COVID-19 Office of Inspector General","2021"
"VA","COVID-19 Station 101 Accounting","2021"
"VA","COVID-19 VA Wide Payroll","2021"
"VA","COVID-19 VA Wide Payroll","2022"
"VA","COVID-19 VA Wide Travel","2021"
"VA","COVID-19 Veterans Benefits Administration (VBA) General Operating Expense","2021"
"VA","COVID-19 Veterans Benefits Administration (VBA) General Operating Expense","2022"
"VA","COVID-19 Veterans Health Administration (VHA) Supplemental Disbursements","2021"
"VA","COVID-19 Veterans Health Administration (VHA) Supplemental Disbursements","2022"
"VA","Dependency and Indemnity Compensation","2021"
"VA","Dependency and Indemnity Compensation","2022"
"VA","DoD/VA Joint Incentive fund","2021"
"VA","Education (Chapter 1607)","2021"
"VA","Education (Reporting Fees)","2021"
"VA","Education (Reporting Fees)","2022"
"VA","Education Service (Chapter 1606)","2021"
"VA","Education Service (Chapter 1606)","2022"
"VA","Education Service (Chapter 33)","2021"
"VA","Education Service (Chapter 33)","2022"
"VA","Education Service (State Approving Agencies)","2021"
"VA","Education Service (State Approving Agencies)","2022"
"VA","Education Service Survivor and Dependents Education Assistance (Chapter 35)","2021"
"VA","Education Service Survivor and Dependents Education Assistance (Chapter 35)","2022"
"VA","Equal Access to Justice Act","2021"
"VA","Equal Access to Justice Act","2022"
"VA","Equipment","2021"
"VA","Equipment","2022"
"VA","Facility Maintenance and Operations","2021"
"VA","Facility Maintenance and Operations","2022"
"VA","Foreign Medical Program","2021"
"VA","Foreign Medical Program","2022"
"VA","Franchise Fund","2021"
"VA","Franchise Fund","2022"
"VA","General Post Fund","2021"
"VA","General Post Fund","2022"
"VA","Grants (Construction of State Extended Care Facilities)","2021"
"VA","Grants (Construction of State Extended Care Facilities)","2022"
"VA","Grants (Highly Rural Transportation)","2021"
"VA","Grants (Homeless Per Diem)","2021"
"VA","Grants (Homeless Per Diem)","2022"
"VA","Grants (Support Services for Veteran Families)","2021"
"VA","Grants (Support Services for Veteran Families)","2022"
"VA","Healthcare for Homeless Veterans","2021"
"VA","Indian Health Services/Tribal Health Program","2021"
"VA","Indian Health Services/Tribal Health Program","2022"
"VA","Land and Structures","2021"
"VA","Land and Structures","2022"
"VA","Loan Guaranty (Direct Loans)","2021"
"VA","Loan Guaranty (Direct Loans)","2022"
"VA","Loan Guaranty (Loan Administration)","2021"
"VA","Loan Guaranty (Loan Administration)","2022"
"VA","Loan Guaranty (Loan Production)","2021"
"VA","Loan Guaranty (Loan Production)","2022"
"VA","Loan Guaranty (Loan Sales)","2021"
"VA","Loan Guaranty (Property Management)","2021"
"VA","Loan Guaranty (Property Management)","2022"
"VA","Medical and Prosthetic Research","2021"
"VA","Medical and Prosthetic Research","2022"
"VA","Medical Care Contracts and Agreements","2021"
"VA","Medical Care Contracts and Agreements","2022"
"VA","Medical Care Contracts and Agreements","2023"
"VA","Medical Care Contracts and Agreements","2024"
"VA","Medical Care Contracts and Agreements","2025"
"VA","Montgomery GI Bill (Chapter 30)","2021"
"VA","Montgomery GI Bill (Chapter 30)","2022"
"VA","National Cemetery Administration (NCA) Burial","2021"
"VA","National Cemetery Administration (NCA) Burial","2022"
"VA","National Service Life Insurance","2021"
"VA","National Service Life Insurance","2022"
"VA","National Veterans Sports Programs & Special Events","2022"
"VA","Non-Medical Contracts and Agreements","2021"
"VA","Non-Medical Contracts and Agreements","2022"
"VA","Off-Station Provider Services","2021"
"VA","Office of Acquisition, Logistics and Construction (Major/Minor Construction)","2021"
"VA","Office of Acquisition, Logistics and Construction (Major/Minor Construction)","2022"
"VA","Office of Information & Technology","2021"
"VA","Office of Information & Technology","2022"
"VA","Office of Inspector General","2021"
"VA","Office of Inspector General - Department of Veterans Affairs","2022"
"VA","Other Contracts, Services, Agreements, and Miscellaneous","2021"
"VA","Other Contracts, Services, Agreements, and Miscellaneous","2022"
"VA","Pension","2021"
"VA","Pension","2022"
"VA","Pension","2023"
"VA","Pension","2024"
"VA","Pension","2025"
"VA","Pharmacy (Consolidated Mail Outpatient Pharmacies)","2021"
"VA","Pharmacy (Consolidated Mail Outpatient Pharmacies)","2022"
"VA","Pharmacy (Medical Facilities)","2021"
"VA","Pharmacy (Medical Facilities)","2022"
"VA","Printing and Reproduction","2021"
"VA","Professional Services Contracts","2021"
"VA","Professional Services Contracts","2022"
"VA","Prosthetics","2021"
"VA","Prosthetics","2022"
"VA","Purchased Long Term Services and Supports","2021"
"VA","Purchased Long Term Services and Supports","2022"
"VA","Purchased Long Term Services and Supports","2023"
"VA","Purchased Long Term Services and Supports","2024"
"VA","Purchased Long Term Services and Supports","2025"
"VA","Restored Entitlement Program for Survivors","2021"
"VA","Service-Disabled Veterans Insurance","2021"
"VA","Service-Disabled Veterans Insurance","2022"
"VA","Servicemembers' Group Life Insurance","2021"
"VA","Servicemembers' Group Life Insurance","2022"
"VA","Shared Services","2021"
"VA","Shared Services","2022"
"VA","Specially Adaptive Housing","2021"
"VA","Specially Adaptive Housing","2022"
"VA","Spina Bifida Health Care","2021"
"VA","Spina Bifida Health Care","2022"
"VA","State Home Per Diem","2021"
"VA","State Home Per Diem","2022"
"VA","Station 101 Accounting","2021"
"VA","Station 101 Accounting","2022"
"VA","Supplies and Materials","2021"
"VA","Supplies and Materials","2022"
"VA","Supplies and Materials","2023"
"VA","Supplies and Materials","2024"
"VA","Supplies and Materials","2025"
"VA","Supply Fund","2021"
"VA","Supply Fund","2022"
"VA","Transportation of Things","2021"
"VA","Transportation of Things","2022"
"VA","United States Government Life Insurance","2021"
"VA","VA Community Care","2021"
"VA","VA Community Care","2022"
"VA","VA Community Care","2023"
"VA","VA Community Care","2024"
"VA","VA Community Care","2025"
"VA","VA Wide Payroll","2021"
"VA","VA Wide Payroll","2022"
"VA","VA Wide Travel","2021"
"VA","VA Wide Travel","2022"
"VA","Veteran Readiness and Employment","2021"
"VA","Veteran Readiness and Employment","2022"
"VA","Veterans Benefits Administration (VBA) Automobile Grants","2021"
"VA","Veterans Benefits Administration (VBA) Automobile Grants","2022"
"VA","Veterans Benefits Administration (VBA) Burial","2021"
"VA","Veterans Benefits Administration (VBA) Burial","2022"
"VA","Veterans Benefits Administration (VBA) General Operating Expense","2021"
"VA","Veterans Benefits Administration (VBA) General Operating Expense","2022"
"VA","Veterans Benefits Administration (VBA) Spina Bifida (Chapter 18)","2021"
"VA","Veterans Benefits Administration (VBA) Spina Bifida (Chapter 18)","2022"
"VA","Veterans Health Administration (VHA) Disaster Relief Funding (Hurricane Sandy)","2021"
"VA","Veterans Health Administration (VHA) Information Technology Services","2021"
"VA","Veterans Health Administration (VHA) Information Technology Services","2022"
"VA","Veterans Health Administration (VHA) Insurance Claims and Interest Expense","2021"
"VA","Veterans Health Administration (VHA) Insurance Claims and Interest Expense","2022"
"VA","Veterans Insurance and Indemnities","2021"
"VA","Veterans Insurance and Indemnities","2022"
"VA","Veterans Readiness and Employment (Contract Counseling)","2021"
"VA","Veterans Reopened Insurance","2021"
"VA","Veterans Reopened Insurance","2022"
"VA","Veterans Retraining and Assistance Program","2021"
"VA","Veterans Special Life Insurance","2021"
"VA","Veterans Special Life Insurance","2022"
"VA","VHA Disaster Relief Funding","2021"