"Agency","Program Name","Assistance Listing Number"
"ARC","Appalachian Area Development","23.002"
"ARC","Appalachian Development Highway System","23.003"
"ARC","Appalachian Local Development District Assistance","23.009"
"ARC","Appalachian Regional Development","23.001"
"ARC","Appalachian Research, Technical Assistance, and Demonstration Projects","23.011"
"ASC","Board Support and Innovation Grant","38.009"
"ASC","State Appraiser Agency Support Grants","38.006"
"BGSF","Barry M. Goldwater Scholarship Program","85.2"
"CNCS","AmeriCorps State and National","94.006"
"CNCS","AmeriCorps State Service Commission Grants","94.003"
"CNCS","AmeriCorps Volunteers in Service to America (VISTA)","94.013"
"CNCS","The Foster Grandparent Program (FGP)","94.011"
"CNCS","The Retired and Senior Volunteer Program (RSVP)","94.002"
"CNCS","The Senior Companion Program (SCP)","94.016"
"CNCS","Commission Investment Fund (CIF)","94.008"
"CNCS","Disaster Response Cooperative Agreement","94.02"
"CNCS","MLK Day of Service","94.014"
"CNCS","Service and Civic Engagement Research Competition","94.026"
"CNCS","Sept 11th National Day of Service","94.012"
"CNCS","Volunteer Generation Fund","94.021"
"CNCS","Innovation and Demonstration","94.017"
"CPSC","Nicholas and Zachary Burt Memorial Carbon Monoxide Poisoning Prevention Grants","87.003"
"CPSC","Virginia Graeme Baker Pool and Spa Safety Grants","87.002"
"DENALI","Denali Commission Program1","90.003"
"DENALI","Denali Commission Program2","90.1"
"DENALI","Shared Services","90.199"
"DFC","Equity Program","87.004"
"DFC","Insurance Program","87.006"
"DFC","Project Development Finance ","87.101"
"DFC","Debt Financing Program","87.005"
"DHS","Science and Technology Directorate - Operations & Support","97.108"
"DHS","Immigration and Customs Enforcement - Homeland Security Investigations - CyberTipline","97.076"
"DHS","Science and Technology Directorate - Centers of Excellence","97.061"
"DHS","Science and Technology Directorate - Scientific Leadership Awards","97.062"
"DHS","Federal Emergency Management Agency - Transit Security Grant Program","97.075"
"DHS","Federal Emergency Management Agency - Intercity Bus Security Grants","97.057"
"DHS","Federal Emergency Management Agency - Homeland Security Grant Program","97.089"
"DHS","Federal Emergency Management Agency - Homeland Security Grant Program","97.132"
"DHS","Federal Emergency Management Agency - Homeland Security Grant Program","97.133"
"DHS","Federal Emergency Management Agency - Homeland Security Grant Program","97.134"
"DHS","Federal Emergency Management Agency - Homeland Security Grant Program","97.137"
"DHS","Federal Emergency Management Agency - Case Management","97.102"
"DHS","United States Citizenship and Immigration Services - Operation Allies Welcome Airport Assistance Grant","97.009"
"DHS","Federal Emergency Management Agency - Homeland Security Grant Program","97.067"
"DHS","Cybersecurity and Infrastructure Security Agency - Cyber Defense Education and Training","97.127"
"DHS","Cybersecurity and Infrastructure Security Agency - Emergency Communications","97.12"
"DHS","Cybersecurity and Infrastructure Security Agency - Joint Cyber Defense Collaborative","97.123"
"DHS","Cybersecurity and Infrastructure Security Agency - Stakeholder Engagement","97.128"
"DHS","Countering Weapons of Mass Destruction Office - Federal Assistance","97.077"
"DHS","Countering Weapons of Mass Destruction Office - Homeland Security Biowatch Program","97.091"
"DHS","Countering Weapons of Mass Destruction Office - Securing the Cities Program","97.106"
"DHS","Federal Emergency Management Agency - Flood Hazard Map and Risk Analysis Program","97.022"
"DHS","Federal Emergency Management Agency - Assistance to Firefighter Grants","97.044"
"DHS","Federal Emergency Management Agency - Assistance to Firefighter Grants: Fire Prevention Program","97.044"
"DHS","Federal Emergency Management Agency - Assistance to Firefighter Grants: Staffing for Adequate Fire and Emergency Response Program","97.083"
"DHS","Federal Emergency Management Agency - Building Resilient Infrastructure and Communities Grants","97.047"
"DHS","Federal Emergency Management Agency - Disaster Case Management","97.088"
"DHS","Federal Emergency Management Agency - Emergency Food & Shelter Program","97.024"
"DHS","Federal Emergency Management Agency - Emergency Management Performance Grants","97.042"
"DHS","Federal Emergency Management Agency - Federal Insurance & Mitigation Administration: Claims and Non-Claims","97.022"
"DHS","Federal Emergency Management Agency - Hazard Mitigation Grant Program","97.039"
"DHS","Federal Emergency Management Agency - Nonprofit Security Grant Program","97.008"
"DHS","Federal Emergency Management Agency - Port Security Grant Program","97.056"
"DHS","Federal Emergency Management Agency - Pre-Disaster Mitigation","97.047"
"DHS","Federal Emergency Management Agency - Purchase Card","97.04"
"DHS","Federal Emergency Management Agency - Training Grants","97.005"
"DHS","Science and Technology Directorate - Research & Development","97.108"
"DHS","Federal Emergency Management Agency - Hermit's Peak","97.036"
"DHS","United States Citizenship and Immigration Services - Citizenship and Integration: Education and Training","97.01"
"DHS","United States Coast Guard - Procurement, Construction, & Improvement: National Coast Guard Museum","97.14"
"DHS","United States Secret Service - Procurement, Construction, & Improvement: National Computer Forensics Institute","97.142"
"DHS","Countering Weapons of Mass Destruction Office - Operations & Support","97.077"
"DHS","Countering Weapons of Mass Destruction Office - Procurement, Construction, and Improvement","97.077"
"DHS","Countering Weapons of Mass Destruction Office - Research & Development","97.077"
"DHS","Federal Emergency Management Agency - Disaster Relief Fund: Individuals and Households Program","97.05"
"DHS","Federal Emergency Management Agency - Disaster Relief Fund: Individuals and Households Program","97.048"
"DHS","Federal Emergency Management Agency - Federal Insurance & Mitigation Administration: Grants","97.023"
"DHS","Federal Emergency Management Agency - Federal Insurance & Mitigation Administration: Grants","97.045"
"DHS","Federal Emergency Management Agency - Funeral Assistance","97.05"
"DHS","Federal Emergency Management Agency - Funeral Assistance","97.05"
"DHS","Federal Emergency Management Agency - Pre-Disaster Mitigation","97.143"
"DHS","Federal Emergency Management Agency - Public Assistance","97.036"
"DHS","Federal Emergency Management Agency - Public Assistance","97.107"
"DHS","Federal Emergency Management Agency - Public Assistance - Validate as You Go","97.036"
"DHS","Federal Emergency Management Agency - Public Assistance - Validate as You Go","97.046"
"DHS","Federal Emergency Management Agency - Travel","97.007"
"DHS","Federal Emergency Management Agency - Travel","97.033"
"DHS","Federal Emergency Management Agency - Travel","97.046"
"DHS","Federal Emergency Management Agency - Travel","97.107"
"DHS","Federal Emergency Management Agency - Travel","97.04"
"DHS","Federal Emergency Management Agency – United States Fire Administration","97.043"
"DHS","Federal Emergency Management Agency – United States Fire Administration","97.018"
"DHS","Federal Emergency Management Agency - Urban Search and Rescue","97.025"
"DHS","Federal Emergency Management Agency - Urban Search and Rescue","97.007"
"DHS","Federal Emergency Management Agency - Urban Search and Rescue","97.107"
"DHS","Federal Emergency Management Agency - Vendor Pay","97.007"
"DHS","Federal Emergency Management Agency - Vendor Pay","97.046"
"DHS","Federal Emergency Management Agency - Vendor Pay","97.107"
"DHS","Federal Emergency Management Agency - Vendor Pay","97.04"
"DHS","United States Coast Guard - Coast Guard Boat Safety","97.135"
"DHS","United States Coast Guard - Coast Guard Boat Safety","97.136"
"DHS","United States Coast Guard - Coast Guard Boat Safety","97.012"
"DHS","Federal Emergency Management Agency - Disaster Direct Loan Program","97.03"
"DHS","Countering Weapons of Mass Destruction Office - National Nuclear Forensics Expertise Development Program","97.13"
"DHS","Cybersecurity and Infrastructure Security Agency - Capacity Building","97.155"
"DHS","Federal Emergency Management Agency - Continuing Training Grants Program: Alliance for System Safety of Unmanned Aircraft Systems through Research Excellence","97.146"
"DHS","Federal Emergency Management Agency - Continuing Training Grants Program: National Cybersecurity Preparedness Consortium","97.148"
"DHS","Federal Emergency Management Agency - Crisis Counseling","97.032"
"DHS","Federal Emergency Management Agency - Emergency Management Baseline Assessment Grant Program","97.131"
"DHS","Federal Emergency Management Agency - Emergency Operations Center Community Project Grants","97.052"
"DHS","Federal Emergency Management Agency - Infrastructure Investment and Jobs Act Grant Program","97.139"
"DHS","Federal Emergency Management Agency - Interagency Agreements","97.034"
"DHS","Federal Emergency Management Agency - Interagency Agreements","97.033"
"DHS","Federal Emergency Management Agency - Interagency Agreements","97.04"
"DHS","Federal Emergency Management Agency - Intercity Passenger Rail Program","97.157"
"DHS","Federal Emergency Management Agency - Mitigation: Flood Mitigation Assistance - Swift Current","97.144"
"DHS","Federal Emergency Management Agency - National Dam Safety Program","97.041"
"DHS","Federal Emergency Management Agency - National Dam Safety Program: Rehabilitation of High Hazard Potential Dam Grant Program","97.152"
"DHS","Federal Emergency Management Agency - National Domestic Preparedness Consortium","97.145"
"DHS","Federal Emergency Management Agency - National Earthquake Hazard Reduction Grant Program","97.082"
"DHS","Federal Emergency Management Agency - National Earthquake Hazard Reduction Grant Program","97.147"
"DHS","Federal Emergency Management Agency - National Flood Insurance Fund - Mandatory Flood Mitigation Assistance Grants","97.029"
"DHS","Federal Emergency Management Agency - Next Generation Warning System Grant Program","97.138"
"DHS","Federal Emergency Management Agency - Preparedness: Assistance to Firefighters Grants Program - Fire Prevention and Safety","97.151"
"DHS","Federal Emergency Management Agency - Preparedness: Tribal Cybersecurity Grant Program","97.156"
"DHS","Federal Emergency Management Agency - Preparedness: Tribal Homeland Security Grant Program","97.15"
"DHS","Federal Emergency Management Agency - Regional Catastrophic Preparedness Grant Program","97.111"
"DHS","Federal Emergency Management Agency - Shelter and Services Program","97.141"
"DHS","Federal Emergency Management Agency - Shelter and Services Program","97.149"
"DHS","United States Citizenship and Immigration Services - Citizenship and Integration: Integration Training Academy","97.154"
"DHS","Federal Emergency Management Agency - Reimbursable","97.034"
"DHS","Federal Emergency Management Agency - Reimbursable","97.033"
"DHS","Federal Emergency Management Agency - Reimbursable","97.04"
"DOC","Census Bureau - Current Demographic Statistics","11.016"
"DOC","Census Bureau - Current Economic Statistics","11.016"
"DOC","Census Bureau - Decennial Census","11.016"
"DOC","Census Bureau - Periodic Economic Statistics","11.016"
"DOC","Census Bureau - Working Capital Fund","11.016"
"DOC","International Trade Administration (ITA) - Global Markets","11.041"
"DOC","International Trade Administration (ITA) - Industry and Analysis","11.112"
"DOC","National Oceanic and Atmospheric Administration (NOAA) - Loans, IPACs, Other","11.415"
"DOC","National Telecommunications and Information Administration (NTIA) - Broadband Equity, Access, and Deployment Program","11.035"
"DOC","National Telecommunications and Information Administration (NTIA) - Connecting Minority Communities Pilot Program","11.028"
"DOC","National Telecommunications and Information Administration (NTIA) - Middle Mile Program","11.033"
"DOC","National Telecommunications and Information Administration (NTIA) - Digital Equity Program","11.032"
"DOC","National Institute of Standards and Technology (NIST) - Loans","11.037"
"DOC","National Telecommunications and Information Administration (NTIA) - Public Wireless Supply Chain Innovation Fund","11.038"
"DOC","National Telecommunications and Information Administration (NTIA) - Special Projects","11.553"
"DOC","Economic Development Administration (EDA) - Grants","11.307"
"DOC","Economic Development Administration (EDA) - Grants","11.023"
"DOC","Economic Development Administration (EDA) - Grants","11.024"
"DOC","Economic Development Administration (EDA) - Grants","11.039"
"DOC","Economic Development Administration (EDA) - Grants","11.04"
"DOC","Economic Development Administration (EDA) - Grants","11.3"
"DOC","Economic Development Administration (EDA) - Grants","11.302"
"DOC","Economic Development Administration (EDA) - Grants","11.303"
"DOC","Economic Development Administration (EDA) - Grants","11.312"
"DOC","Economic Development Administration (EDA) - Grants","11.313"
"DOC","Economic Development Administration (EDA) - Grants","11.037"
"DOC","Minority Business Development Agency (MBDA) - Minority Business Development Grants","11.034"
"DOC","Minority Business Development Agency (MBDA) - Minority Business Development Grants","11.802"
"DOC","Minority Business Development Agency (MBDA) - Minority Business Development Grants","11.804"
"DOC","Minority Business Development Agency (MBDA) - Minority Business Development Grants","11.805"
"DOC","National Institute of Standards and Technology (NIST) - Grants","11.013"
"DOC","National Institute of Standards and Technology (NIST) - Grants","11.042"
"DOC","National Institute of Standards and Technology (NIST) - Grants","11.601"
"DOC","National Institute of Standards and Technology (NIST) - Grants","11.603"
"DOC","National Institute of Standards and Technology (NIST) - Grants","11.604"
"DOC","National Institute of Standards and Technology (NIST) - Grants","11.606"
"DOC","National Institute of Standards and Technology (NIST) - Grants","11.609"
"DOC","National Institute of Standards and Technology (NIST) - Grants","11.61"
"DOC","National Institute of Standards and Technology (NIST) - Grants","11.611"
"DOC","National Institute of Standards and Technology (NIST) - Grants","11.616"
"DOC","National Institute of Standards and Technology (NIST) - Grants","11.617"
"DOC","National Institute of Standards and Technology (NIST) - Grants","11.619"
"DOC","National Institute of Standards and Technology (NIST) - Grants","11.62"
"DOC","National Institute of Standards and Technology (NIST) - Grants","11.037"
"DOC","National Oceanic and Atmospheric Administration (NOAA) - Grants","11.008"
"DOC","National Oceanic and Atmospheric Administration (NOAA) - Grants","11.011"
"DOC","National Oceanic and Atmospheric Administration (NOAA) - Grants","11.012"
"DOC","National Oceanic and Atmospheric Administration (NOAA) - Grants","11.015"
"DOC","National Oceanic and Atmospheric Administration (NOAA) - Grants","11.017"
"DOC","National Oceanic and Atmospheric Administration (NOAA) - Grants","11.021"
"DOC","National Oceanic and Atmospheric Administration (NOAA) - Grants","11.022"
"DOC","National Oceanic and Atmospheric Administration (NOAA) - Grants","11.4"
"DOC","National Oceanic and Atmospheric Administration (NOAA) - Grants","11.405"
"DOC","National Oceanic and Atmospheric Administration (NOAA) - Grants","11.407"
"DOC","National Oceanic and Atmospheric Administration (NOAA) - Grants","11.408"
"DOC","National Oceanic and Atmospheric Administration (NOAA) - Grants","11.413"
"DOC","National Oceanic and Atmospheric Administration (NOAA) - Grants","11.417"
"DOC","National Oceanic and Atmospheric Administration (NOAA) - Grants","11.419"
"DOC","National Oceanic and Atmospheric Administration (NOAA) - Grants","11.42"
"DOC","National Oceanic and Atmospheric Administration (NOAA) - Grants","11.426"
"DOC","National Oceanic and Atmospheric Administration (NOAA) - Grants","11.427"
"DOC","National Oceanic and Atmospheric Administration (NOAA) - Grants","11.429"
"DOC","National Oceanic and Atmospheric Administration (NOAA) - Grants","11.431"
"DOC","National Oceanic and Atmospheric Administration (NOAA) - Grants","11.432"
"DOC","National Oceanic and Atmospheric Administration (NOAA) - Grants","11.433"
"DOC","National Oceanic and Atmospheric Administration (NOAA) - Grants","11.434"
"DOC","National Oceanic and Atmospheric Administration (NOAA) - Grants","11.435"
"DOC","National Oceanic and Atmospheric Administration (NOAA) - Grants","11.436"
"DOC","National Oceanic and Atmospheric Administration (NOAA) - Grants","11.437"
"DOC","National Oceanic and Atmospheric Administration (NOAA) - Grants","11.438"
"DOC","National Oceanic and Atmospheric Administration (NOAA) - Grants","11.439"
"DOC","National Oceanic and Atmospheric Administration (NOAA) - Grants","11.44"
"DOC","National Oceanic and Atmospheric Administration (NOAA) - Grants","11.441"
"DOC","National Oceanic and Atmospheric Administration (NOAA) - Grants","11.451"
"DOC","National Oceanic and Atmospheric Administration (NOAA) - Grants","11.452"
"DOC","National Oceanic and Atmospheric Administration (NOAA) - Grants","11.454"
"DOC","National Oceanic and Atmospheric Administration (NOAA) - Grants","11.455"
"DOC","National Oceanic and Atmospheric Administration (NOAA) - Grants","11.457"
"DOC","National Oceanic and Atmospheric Administration (NOAA) - Grants","11.459"
"DOC","National Oceanic and Atmospheric Administration (NOAA) - Grants","11.46"
"DOC","National Oceanic and Atmospheric Administration (NOAA) - Grants","11.462"
"DOC","National Oceanic and Atmospheric Administration (NOAA) - Grants","11.463"
"DOC","National Oceanic and Atmospheric Administration (NOAA) - Grants","11.467"
"DOC","National Oceanic and Atmospheric Administration (NOAA) - Grants","11.468"
"DOC","National Oceanic and Atmospheric Administration (NOAA) - Grants","11.469"
"DOC","National Oceanic and Atmospheric Administration (NOAA) - Grants","11.472"
"DOC","National Oceanic and Atmospheric Administration (NOAA) - Grants","11.473"
"DOC","National Oceanic and Atmospheric Administration (NOAA) - Grants","11.474"
"DOC","National Oceanic and Atmospheric Administration (NOAA) - Grants","11.477"
"DOC","National Oceanic and Atmospheric Administration (NOAA) - Grants","11.478"
"DOC","National Oceanic and Atmospheric Administration (NOAA) - Grants","11.481"
"DOC","National Oceanic and Atmospheric Administration (NOAA) - Grants","11.482"
"DOC","National Oceanic and Atmospheric Administration (NOAA) - Grants","11.483"
"DOC","National Oceanic and Atmospheric Administration (NOAA) - Grants","11.999"
"DOC","National Telecommunications and Information Administration (NTIA) - Broadband Infrastructure Program & Tribal Broadband Connectivity Program","11.029"
"DOC","National Telecommunications and Information Administration (NTIA) - Broadband Infrastructure Program & Tribal Broadband Connectivity Program","11.031"
"DOC","National Telecommunications and Information Administration (NTIA) - Digital Equity Program","11.036"
"DOC","National Oceanic and Atmospheric Administration (NOAA) - Labor and Payments to Employees","11.043"
"DOC","National Institute of Standards and Technology (NIST) - Other Transaction Agreements","11.037"
"DOD","Commercial Pay – Defense Agencies Initiative (DAI)","12.003"
"DOD","Commercial Pay – Defense Agencies Initiative (DAI)","12.015"
"DOD","Commercial Pay – Defense Agencies Initiative (DAI)","12.016"
"DOD","Commercial Pay – Defense Agencies Initiative (DAI)","12.017"
"DOD","Commercial Pay – Defense Agencies Initiative (DAI)","12.02"
"DOD","Commercial Pay – Defense Agencies Initiative (DAI)","12.022"
"DOD","Commercial Pay – Defense Agencies Initiative (DAI)","12.024"
"DOD","Commercial Pay – Defense Agencies Initiative (DAI)","12.027"
"DOD","Commercial Pay – Defense Agencies Initiative (DAI)","12.029"
"DOD","Commercial Pay – Defense Agencies Initiative (DAI)","12.333"
"DOD","Commercial Pay – Defense Agencies Initiative (DAI)","12.404"
"DOD","Commercial Pay – Defense Agencies Initiative (DAI)","12.556"
"DOD","Commercial Pay – Defense Agencies Initiative (DAI)","12.558"
"DOD","Commercial Pay – Defense Agencies Initiative (DAI)","12.6"
"DOD","Commercial Pay – Defense Agencies Initiative (DAI)","12.604"
"DOD","Commercial Pay – Defense Agencies Initiative (DAI)","12.607"
"DOD","Commercial Pay – Defense Agencies Initiative (DAI)","12.61"
"DOD","Commercial Pay – Defense Agencies Initiative (DAI)","12.611"
"DOD","Commercial Pay – Defense Agencies Initiative (DAI)","12.614"
"DOD","Commercial Pay – Defense Agencies Initiative (DAI)","12.615"
"DOD","Commercial Pay – Defense Agencies Initiative (DAI)","12.617"
"DOD","Commercial Pay – Defense Agencies Initiative (DAI)","12.618"
"DOD","Commercial Pay – Defense Agencies Initiative (DAI)","12.632"
"DOD","Commercial Pay – Defense Agencies Initiative (DAI)","12.74"
"DOD","Commercial Pay – Defense Agencies Initiative (DAI)","12.91"
"DOD","Commercial Pay – Defense Enterprise Accounting Management System (DEAMS)","12.4"
"DOD","Commercial Pay – Defense Enterprise Accounting Management System (DEAMS)","12.401"
"DOD","Commercial Pay – General Fund Enterprise Business System (GFEBS)","12.002"
"DOD","Commercial Pay – General Fund Enterprise Business System (GFEBS)","12.004"
"DOD","Commercial Pay – General Fund Enterprise Business System (GFEBS)","12.007"
"DOD","Commercial Pay – General Fund Enterprise Business System (GFEBS)","12.021"
"DOD","Commercial Pay – General Fund Enterprise Business System (GFEBS)","12.025"
"DOD","Commercial Pay – General Fund Enterprise Business System (GFEBS)","12.35"
"DOD","Commercial Pay – General Fund Enterprise Business System (GFEBS)","12.355"
"DOD","Commercial Pay – General Fund Enterprise Business System (GFEBS)","12.36"
"DOD","Commercial Pay – General Fund Enterprise Business System (GFEBS)","12.42"
"DOD","Commercial Pay – General Fund Enterprise Business System (GFEBS)","12.431"
"DOD","Commercial Pay – General Fund Enterprise Business System (GFEBS)","12.44"
"DOD","Commercial Pay – General Fund Enterprise Business System (GFEBS)","12.46"
"DOD","Commercial Pay – General Fund Enterprise Business System (GFEBS)","12.631"
"DOD","Commercial Pay – General Fund Enterprise Business System (GFEBS)","12.75"
"DOD","Commercial Pay – General Fund Enterprise Business System (GFEBS)","12.987"
"DOD","Commercial Pay – General Fund Enterprise Business System (GFEBS)","12.4"
"DOD","Commercial Pay – General Fund Enterprise Business System (GFEBS)","12.401"
"DOD","Commercial Pay – Integrated Accounts Payable System (IAPS)","12.777"
"DOD","Commercial Pay – Integrated Accounts Payable System (IAPS)","12.8"
"DOD","Commercial Pay – Integrated Accounts Payable System (IAPS)","12.801"
"DOD","Commercial Pay – Integrated Accounts Payable System (IAPS)","12.81"
"DOD","Commercial Pay – Integrated Accounts Payable System (IAPS)","12.84"
"DOD","Commercial Pay – Navy Enterprise and Resource Planning (NERP)","12.3"
"DOD","Commercial Pay – Navy Enterprise and Resource Planning (NERP)","12.33"
"DOD","Commercial Pay – Navy Enterprise and Resource Planning (NERP)","12.335"
"DOD","Commercial Pay – Navy Enterprise and Resource Planning (NERP)","12.34"
"DOD","Commercial Pay – Mechanization of Contract Administration Services (MOCAS)","12.006"
"DOD","Commercial Pay – Mechanization of Contract Administration Services (MOCAS)","12.019"
"DOD","Commercial Pay – Mechanization of Contract Administration Services (MOCAS)","12.219"
"DOD","Commercial Pay – Mechanization of Contract Administration Services (MOCAS)","12.225"
"DOD","Commercial Pay – Mechanization of Contract Administration Services (MOCAS)","12.351"
"DOD","Commercial Pay – Mechanization of Contract Administration Services (MOCAS)","12.357"
"DOD","Commercial Pay – Mechanization of Contract Administration Services (MOCAS)","12.369"
"DOD","Commercial Pay – Mechanization of Contract Administration Services (MOCAS)","12.501"
"DOD","Commercial Pay – Mechanization of Contract Administration Services (MOCAS)","12.55"
"DOD","Commercial Pay – Mechanization of Contract Administration Services (MOCAS)","12.551"
"DOD","Commercial Pay – Mechanization of Contract Administration Services (MOCAS)","12.552"
"DOD","Commercial Pay – Mechanization of Contract Administration Services (MOCAS)","12.554"
"DOD","Commercial Pay – Mechanization of Contract Administration Services (MOCAS)","12.56"
"DOD","Commercial Pay – Mechanization of Contract Administration Services (MOCAS)","12.579"
"DOD","Commercial Pay – Mechanization of Contract Administration Services (MOCAS)","12.599"
"DOD","Commercial Pay – Mechanization of Contract Administration Services (MOCAS)","12.62"
"DOD","Commercial Pay – Mechanization of Contract Administration Services (MOCAS)","12.63"
"DOD","Commercial Pay - U.S. Army Corps of Engineers (USACE)","12.005"
"DOD","Commercial Pay - U.S. Army Corps of Engineers (USACE)","12.008"
"DOD","Commercial Pay - U.S. Army Corps of Engineers (USACE)","12.01"
"DOD","Commercial Pay - U.S. Army Corps of Engineers (USACE)","12.012"
"DOD","Commercial Pay - U.S. Army Corps of Engineers (USACE)","12.026"
"DOD","Commercial Pay - U.S. Army Corps of Engineers (USACE)","12.113"
"DOD","Commercial Pay - U.S. Army Corps of Engineers (USACE)","12.114"
"DOD","Commercial Pay - U.S. Army Corps of Engineers (USACE)","12.116"
"DOD","NSA Grants","12.014"
"DOD","NSA Grants","12.9"
"DOD","NSA Grants","12.901"
"DOD","NSA Grants","12.902"
"DOD","NSA Grants","12.903"
"DOD","NSA Grants","12.905"
"DOE","Financial Assistance Awards","81.21"
"DOE","Financial Assistance Awards","81.26"
"DOE","Financial Assistance Awards","81.279"
"DOE","Financial Assistance Awards","81.302"
"DOE","Financial Assistance Awards","81.505"
"DOE","Financial Assistance Awards","81.884"
"DOE","Financial Assistance Awards","81.005"
"DOE","Financial Assistance Awards","81.008"
"DOE","Financial Assistance Awards","81.009"
"DOE","Financial Assistance Awards","81.01"
"DOE","Financial Assistance Awards","81.012"
"DOE","Financial Assistance Awards","81.041"
"DOE","Financial Assistance Awards","81.042"
"DOE","Financial Assistance Awards","81.049"
"DOE","Financial Assistance Awards","81.057"
"DOE","Financial Assistance Awards","81.065"
"DOE","Financial Assistance Awards","81.086"
"DOE","Financial Assistance Awards","81.087"
"DOE","Financial Assistance Awards","81.089"
"DOE","Financial Assistance Awards","81.092"
"DOE","Financial Assistance Awards","81.102"
"DOE","Financial Assistance Awards","81.104"
"DOE","Financial Assistance Awards","81.106"
"DOE","Financial Assistance Awards","81.108"
"DOE","Financial Assistance Awards","81.112"
"DOE","Financial Assistance Awards","81.113"
"DOE","Financial Assistance Awards","81.117"
"DOE","Financial Assistance Awards","81.119"
"DOE","Financial Assistance Awards","81.121"
"DOE","Financial Assistance Awards","81.122"
"DOE","Financial Assistance Awards","81.123"
"DOE","Financial Assistance Awards","81.124"
"DOE","Financial Assistance Awards","81.126"
"DOE","Financial Assistance Awards","81.128"
"DOE","Financial Assistance Awards","81.135"
"DOE","Financial Assistance Awards","81.136"
"DOE","Financial Assistance Awards","81.137"
"DOE","Financial Assistance Awards","81.138"
"DOE","Financial Assistance Awards","81.14"
"DOE","Financial Assistance Awards","81.214"
"DOE","Financial Assistance Awards","81.25"
"DOE","Financial Assistance Awards","81.251"
"DOE","Financial Assistance Awards","81.252"
"DOE","Financial Assistance Awards","81.253"
"DOE","Financial Assistance Awards","81.254"
"DOE","Financial Assistance Awards","81.255"
"DOE","Financial Assistance Awards","81.256"
"DOE","Financial Assistance Awards","81.258"
"DOE","Financial Assistance Awards","81.3"
"DOE","Financial Assistance Awards","81.18"
"DOE","Financial Assistance Awards","81.281"
"DOI","National Fire Plan-Wildland Urban Interface Community Fire Assistance","15.674"
"DOI","National Fire Plan-Wildland Urban Interface Community Fire Assistance","15.948"
"DOI","Service Charges, Deposits and Forfeitures, Bureau of Land Management","15.228"
"DOI","Energy Community Revitalization Program, Department-Wide Programs, Interior","15.018"
"DOI","National Wildlife Refuge System Enhancements","15.654"
"DOI","Wildlife Resource Management","15.247"
"DOI","Department of Interior Wildfire Management - Preparedness","15.088"
"DOI","Rangeland Resource Management","15.237"
"DOI","Youth Engagement, Education, and Employment","15.676"
"DOI","Aquatics Resources Management","15.244"
"DOI","Experienced Services Program","15.011"
"DOI","Fish and Wildlife Coordination and Assistance","15.664"
"DOI","Emergency Supplemental Historic Preservation Fund","15.957"
"DOI","Historic Preservation Fund Grants-In-Aid","15.904"
"DOI","Resource Management, United States Fish and Wildlife Service","15.661"
"DOI","Construction, National Park Service, Interior","15.954"
"DOI","National Parks and Public Land Legacy Restoration Fund, Department-Wide Programs, Interior","15.062"
"DOI","Water and Related Resources, Bureau of Reclamation, Interior","15.507"
"DOI","California Bay-Delta Restoration, Bureau of Reclamation, Interior","15.512"
"DOI","Cooperative Endangered Species Conservation Fund, United States Fish and Wildlife Service","15.615"
"DOI","Federal Aid to Wildlife Restoration, United States Fish and Wildlife Service","15.611"
"DOI","Land Acquisition and State Assistance, National Park Service","15.916"
"DOI","Land Acquisition, United States Fish and Wildlife Service","15.667"
"DOI","National Recreation and Preservation, National Park Service, Interior","15.922"
"DOI","Natural Resource Damage Assessment Fund, Natural Resource Damage Assessment and Restoration, Interior","15.658"
"DOI","North American Wetlands Conservation Fund, United States Fish and Wildlife Service","15.623"
"DOI","Southern Nevada Public Land Management, Bureau of Land Management","15.235"
"DOI","Sport Fish Restoration Account, United States Fish and Wildlife Service","15.605"
"DOI","Operation of Indian Programs, Bureau of Indian Affairs and Bureau of Indian Education, Interior","15.02"
"DOI","Central Utah Project Completion Account, Interior","15.535"
"DOI","Ocean Energy Management, Bureau of Ocean Energy Management, Interior","15.423"
"DOI","Offshore Safety and Environmental Enforcement, Bureau of Safety and Environmental Enforcement, Interior","15.019"
"DOI","Aging Infrastructure Account, Bureau of Reclamation, Interior","15.522"
"DOI","Operation of the National Park System, National Park Service, Interior","15.945"
"DOI","Assistance to Territories, Insular Affairs, Interior","15.875"
"DOI","Central Hazardous Materials Fund, Department-Wide Programs, Interior","15.041"
"DOI","Education Construction, Bureau of Indian Affairs and Bureau of Indian Education, Interior","15.027"
"DOI","Office of Natural Resources Revenue, Department-Wide Programs, Interior","15.427"
"DOI","Operation of Indian Education Programs, Bureau of Indian Education, Interior","15.13"
"DOI","Payments for Tribal Leases, Bureau of Indian Affairs, Interior","15.048"
"DOI","Policy and Administration, Bureau of Reclamation, Interior","15.546"
"DOI","Reclamation Water Settlements Fund, Bureau of Reclamation, Interior","15.552"
"DOI","8(g) State Coastal Zone","15.43"
"DOI","9/11 Memorial Act Grant Program","15.964"
"DOI","Abandoned Hardrock Mine Reclamation (AHMR/AML) Grants","15.099"
"DOI","Adaptive Science","15.67"
"DOI","Administrative Cost Grants for Indian Schools","15.046"
"DOI","African Elephant Conservation Fund","15.62"
"DOI","Agricultural Water Use Efficiency Program","15.572"
"DOI","Agriculture on Indian Lands","15.034"
"DOI","Alaska Coastal Marine Institute","15.421"
"DOI","Alaska Migratory Bird Co-Management Council","15.643"
"DOI","Alaska Native Science and Engineering","15.442"
"DOI","Alaska Native Science and Engineering","15.013"
"DOI","Alaska Settlement Agreement","15.431"
"DOI","Alaska Subsistence Management","15.636"
"DOI","American Battlefield Protection","15.926"
"DOI","Applied Science Grants","15.557"
"DOI","Aquatic Ecosystem Restoration Program","15.58"
"DOI","Asian Elephant Conservation Fund","15.621"
"DOI","Assistance to State Water Resources Research Institutes","15.805"
"DOI","Attorney Fees Indian Rights","15.053"
"DOI","Battlefield Land Acquisition Grants","15.928"
"DOI","Bay-Delta Restoration Program","15.57"
"DOI","BIA Wildland Urban Interface Community Fire Assistance","15.16"
"DOI","Blackfeet Water Rights Settlement","15.075"
"DOI","Boston African-American National Historic Site","15.938"
"DOI","Bureau of Ocean Energy Management Renewable Energy","15.408"
"DOI","California Refuge Account","15.432"
"DOI","California Water Security and Environmental Enhancement","15.533"
"DOI","Candidate Species Conservation","15.66"
"DOI","Central Africa Regional","15.651"
"DOI","Central Valley Project Conservation","15.564"
"DOI","Central Valley Project Improvement Act (CVPIA)","15.648"
"DOI","Central Valley, Trinity River Division, Trinity River Fish and Wildlife Management","15.532"
"DOI","Challenge Cost Share","15.943"
"DOI","Chesapeake Bay Gateways Network","15.93"
"DOI","Children and Families Services Programs, Administration for Children and Families, Health and Human Services","15.113"
"DOI","Clean Vessel Act","15.616"
"DOI","Coastal Impact Assistance","15.668"
"DOI","Coastal Wetlands Planning, Protection and Restoration","15.614"
"DOI","Colorado River Basin Act of 1968","15.541"
"DOI","Colorado River System Conservation Pilot","15.567"
"DOI","Colorado Ute Indian Water Rights Settlement Act","15.51"
"DOI","Combating Wildlife Trafficking","15.679"
"DOI","Construction, United States Fish and Wildlife Service","15.657"
"DOI","Cooperative Agriculture","15.681"
"DOI","Cooperative Ecosystem Studies Units","15.678"
"DOI","Cooperative Inspection Agreements with States and Tribes","15.222"
"DOI","Cooperative Landscape Conservation","15.669"
"DOI","Cooperative Management of Ebey's Landing National Historical Reserve.","15.956"
"DOI","Cooperative Research Units","15.812"
"DOI","Cooperative Watershed Management","15.554"
"DOI","Cultural and Paleontological Resources Management","15.224"
"DOI","Cultural Resources Management","15.511"
"DOI","Cultural Resources Management","15.946"
"DOI","DOI - HQ Experienced Services Program","15.089"
"DOI","Domestic Water Supply Projects","15.577"
"DOI","Dry-Redwater Rural Water Project Feasibility Study","15.582"
"DOI","Earth Mapping Resources Initiative","15.073"
"DOI","Earthquake Hazards Program Assistance","15.807"
"DOI","Eastern New Mexico Rural Water System","15.553"
"DOI","Education Enhancements","15.151"
"DOI","Education Program Management","15.959"
"DOI","Educational Outreach","15.569"
"DOI","Endangered Species Conservation-Wolf Livestock Loss Compensation and Prevention","15.666"
"DOI","Endangered Species on Indian Lands","15.051"
"DOI","Enhanced Hunter Education and Safety","15.626"
"DOI","Environmental Outreach and Conservation - North Cascades","15.942"
"DOI","Equus Beds Division Acquifer Storage Recharge","15.539"
"DOI","Experienced Services Program (ESP)","15.079"
"DOI","Fire Protection Cooperative Agreement","15.087"
"DOI","Fish and Wildlife Coordination Act","15.517"
"DOI","FISH-ABLE Fun with Reclamation","15.55"
"DOI","Flood Control Act Lands","15.433"
"DOI","FOCUS on Student Achievement","15.149"
"DOI","Forestry on Indian Lands","15.035"
"DOI","Fort Peck Reservation Rural Water System","15.516"
"DOI","Garrison Diversion Unit","15.518"
"DOI","Geothermal Resources","15.434"
"DOI","Gifts and Donations, Bureau of Indian Affairs and Bureau of Indian, Interior","15.159"
"DOI","GoMESA","15.435"
"DOI","Good Neighbor Authority","15.015"
"DOI","Good Neighbor Authority - Recreation","15.988"
"DOI","Good Neighbor Authority for Restoration","15.987"
"DOI","Great Ape Conservation Fund - Africa","15.629"
"DOI","Great Ape Conservation Fund-Asia","15.689"
"DOI","Great Lakes Fish and Wildlife Restoration Act","15.688"
"DOI","Great Lakes Restoration","15.662"
"DOI","Great Lakes Sea Lamprey Control","15.687"
"DOI","Groundwork - Brownfield to Greenspace","15.965"
"DOI","Heritage Partnership","15.939"
"DOI","Highway Infrastructure Programs, Federal Highway Administration, Transportation","15.021"
"DOI","Historic Preservation Fund Grants-in-Aid for Competitive Grants","15.966"
"DOI","Hurricane Sandy Disaster Relief Activities-FWS","15.677"
"DOI","Implementation of the Taos Pueblo Indian water rights settlement","15.565"
"DOI","Improvement and Repair of Indian Detention Facilities","15.063"
"DOI","Indian Adult Education","15.026"
"DOI","Indian Child and Family Education","15.043"
"DOI","Indian Child Welfare Act Title II Grants","15.144"
"DOI","Indian Community Fire Protection","15.031"
"DOI","Indian Economic Development","15.032"
"DOI","Indian Education Facilities, Operations, and Maintenance","15.047"
"DOI","Indian Education Higher Education Grant","15.114"
"DOI","Indian Graduate Student Scholarships","15.059"
"DOI","Indian Housing Assistance","15.141"
"DOI","Indian Job Placement United Sioux Tribes Development Corporation","15.061"
"DOI","Indian Law Enforcement","15.03"
"DOI","Indian Loans Economic Development","15.124"
"DOI","Indian Post Secondary Schools","15.058"
"DOI","Indian Rights Protection","15.036"
"DOI","Indian School Equalization","15.042"
"DOI","Indian Schools Student Transportation","15.044"
"DOI","Indian Self-Determination Act Contracts, Grants and Cooperative Agreements","15.241"
"DOI","Indian Self-Determination Contract Support","15.024"
"DOI","Indian Tribal Water Resources Development, Management, and Protection","15.519"
"DOI","Indian Vocational Training United Tribes Technical College","15.06"
"DOI","Invasive Species","15.652"
"DOI","Ironworker Training","15.146"
"DOI","Joint Fire Science Program","15.232"
"DOI","Juvenile Detention Education","15.15"
"DOI","Keweenaw National Historical Park (NHP) Preservation Grants","15.407"
"DOI","Lahontan Valley and Pyramid Lake Fish and Wildlife Fund, United States Fish and Wildlife Service","15.608"
"DOI","Lake Mead/Las Vegas Wash","15.54"
"DOI","Lake Tahoe Regional Wetlands Development","15.543"
"DOI","Land Acquisition Funding Program","15.164"
"DOI","Landowner Incentive Program, U.S. Fish and Wildlife Service","15.63"
"DOI","Late Disbursement Interest","15.436"
"DOI","Latin America and Caribbean Regional","15.64"
"DOI","Lewis and Clark Rural Water System","15.52"
"DOI","Lincoln County Land Act, Bureau of Land Management","15.017"
"DOI","Litigation Support for Indian Rights","15.052"
"DOI","Lower Colorado River Basin Development Fund, Bureau of Reclamation","15.542"
"DOI","Lower Colorado River Multi-Species Conservation","15.538"
"DOI","Lower Rio Grande Valley Water Resources Conservation and Improvement","15.521"
"DOI","Management Initiatives","15.239"
"DOI","Management of Lands and Resources, Bureau of Land Management","15.016"
"DOI","Marine Minerals Activities","15.424"
"DOI","Martin Luther King Junior National Historic Site and Preservation District","15.955"
"DOI","Mexican Wolf Recovery","15.68"
"DOI","Middle Rio Grande Endangered Species Collaborative","15.537"
"DOI","Migratory Bird Conservation","15.647"
"DOI","Migratory Bird Joint Ventures","15.637"
"DOI","Migratory Bird Monitoring, Assessment and Conservation","15.655"
"DOI","Minerals and Mining on Indian Lands","15.038"
"DOI","Minerals Leasing Act","15.437"
"DOI","Mississippi National River and Recreation Area State and Local Assistance","15.941"
"DOI","Multinational Species Conservation Fund, United States Fish and Wildlife Service","15.645"
"DOI","Multistate Conservation Grant","15.628"
"DOI","Musselshell-Judith Rural Water System","15.076"
"DOI","National and Regional Climate Adaptation Science Centers","15.82"
"DOI","National Center for Preservation Technology and Training","15.923"
"DOI","National Cooperative Geologic Mapping","15.81"
"DOI","National Fish Habitat Partnership","15.686"
"DOI","National Fish Passage","15.685"
"DOI","National Forest Acquired Lands","15.438"
"DOI","National Geological and Geophysical Data Preservation","15.814"
"DOI","National Geospatial Program: Building The National Map","15.817"
"DOI","National Ground-Water Monitoring Network","15.98"
"DOI","National Historic Landmark","15.912"
"DOI","National Land Remote Sensing Education Outreach and Research","15.815"
"DOI","National Landscape Conservation System","15.248"
"DOI","National Maritime Heritage Grants","15.925"
"DOI","National Outreach and Communication","15.653"
"DOI","National Park Service Centennial Challenge","15.406"
"DOI","National Petroleum Reserve - Alaska","15.439"
"DOI","National Trails System Projects","15.935"
"DOI","National Wetlands Inventory","15.665"
"DOI","National Wild and Scenic Rivers System","15.962"
"DOI","National Wildland Fire Management and Natural Resource Training and Workforce Development","15.969"
"DOI","Native American Business Development Institute","15.133"
"DOI","Native Hawaiian Climate Resilience Program","15.098"
"DOI","Native Hawaiian Community Guest Stewardship","15.068"
"DOI","Native Language Immersion Grant","15.161"
"DOI","Navajo-Hopi Indian Settlement","15.057"
"DOI","Neotropical Migratory Bird Conservation, U.S. Fish and Wildlife Service","15.635"
"DOI","New Mexico Rio Grande Basin Pueblos Irrigation Infrastructure","15.559"
"DOI","NFWF-USFWS Conservation Partnership","15.663"
"DOI","Nicodemus National Historic Site","15.785"
"DOI","Non-Sale Disposals of Mineral Material","15.214"
"DOI","Not For Profit","15.443"
"DOI","Not-for-Profit AMD Reclamation","15.253"
"DOI","NPS Alaska Subsistence Management","15.984"
"DOI","Office of the Special Trustee for American Indians, Field Operations","15.155"
"DOI","Operation and Maintenance, Indian Irrigation Systems, Bureau of Indian Affairs (T)","15.037"
"DOI","OSM/VISTA AmeriCorps","15.254"
"DOI","Outdoor Schools in National Parks","15.012"
"DOI","Pacific Northwest and Hawaiian Islands Arts","15.071"
"DOI","Park Concessions Franchise Fees, National Park Service","15.944"
"DOI","Partners for Fish and Wildlife","15.631"
"DOI","Payments in Lieu of Coal Fee Receipts, Office of Surface Mining Reclamation and Enforcement","15.252"
"DOI","Permit Processing Fund, Bureau of Land Management","15.236"
"DOI","Platte River Recovery Implementation","15.544"
"DOI","Prescott Marine Mammal Rescue Assistance","15.683"
"DOI","Preservation of Historic Structures on the Campuses of Historically Black Colleges and Universities (HBCUs).","15.932"
"DOI","Preservation of Japanese American Confinement Sites","15.933"
"DOI","Proceeds from Sales, Water Resource Development Projects, United States Fish and Wildlife Service","15.682"
"DOI","Providing Water to At-Risk Natural Desert Terminal Lakes","15.508"
"DOI","Range Improvements, Bureau of Land Management","15.23"
"DOI","Real Estate Programs Indian Lands","15.04"
"DOI","Reclamation States Emergency Drought Relief","15.514"
"DOI","Recreation Enhancement Fee Program, Bureau of Land Management","15.225"
"DOI","Recreation Resources Management","15.524"
"DOI","Regulation and Technology, Office of Surface Mining Reclamation and Enforcement","15.25"
"DOI","Rehabilitation, Reconstruction, or Replacement of Carey Act Dams","15.077"
"DOI","Rhinoceros and Tiger Conservation Fund","15.619"
"DOI","Rhinoceros Conservation Fund-Africa","15.69"
"DOI","Rivers, Trails and Conservation Assistance","15.921"
"DOI","Road Maintenance Indian Roads","15.033"
"DOI","Rocky Boy's/North Central Montana Regional Water System","15.525"
"DOI","Route 66 Corridor Preservation","15.958"
"DOI","Safety and Environmental Research and Data Collection for Offshore Energy and Mineral Activities","15.441"
"DOI","Safety of Dams on Indian Lands","15.065"
"DOI","Salton Sea Program","15.571"
"DOI","San Gabriel Basin Restoration Fund, Bureau of Reclamation","15.526"
"DOI","San Joaquin River Restoration","15.555"
"DOI","Save America's Treasures","15.929"
"DOI","School Improvement Programs, Education","15.108"
"DOI","Science and Technology Projects Related to Coal Mining and Reclamation","15.255"
"DOI","September 11 National Memorial Trail","15.991"
"DOI","Services to Indian Children, Elderly and Families","15.025"
"DOI","Small Surface Water and Groundwater Storage Projects","15.074"
"DOI","Snow Water Supply Forecasting","15.078"
"DOI","South Half of the Red River","15.44"
"DOI","Southwest Border Resource Protection Program","15.963"
"DOI","Sportfishing and Boating Safety Act","15.622"
"DOI","State and Tribal Wildlife Grants, U.S. Fish and Wildlife Service","15.639"
"DOI","State Select","15.429"
"DOI","State Wildlife Grants","15.634"
"DOI","Stewardship Contracting Product Sales, Bureau of Land Management","15.233"
"DOI","Strengthening Tribal Nations","15.067"
"DOI","Suisun Marsh Preservation Agreement","15.563"
"DOI","Supporting the Lower Mississippi Delta Initiative","15.014"
"DOI","Take Pride","15.444"
"DOI","Threatened and Endangered Species","15.246"
"DOI","Title II Projects on Federal Lands, Bureau of Land Management","15.234"
"DOI","Title II, Colorado River Basin Salinity Control","15.509"
"DOI","Tiwahe Housing","15.162"
"DOI","Training and Employment Services, Employment and Training Administration, Labor","15.022"
"DOI","Tribal Climate Resilience","15.156"
"DOI","Tribal Courts","15.029"
"DOI","Tribal Courts Trust Reform Initiative","15.147"
"DOI","Tribal Education Departments","15.163"
"DOI","Tribal Electrification Program","15.165"
"DOI","Tribal Energy Development Capacity Grants","15.148"
"DOI","Tribal Great Lakes Restoration Initiative","15.066"
"DOI","Tribally Controlled Community College Endowments","15.028"
"DOI","Truckee-Carson Basins Research and Data Collection","15.583"
"DOI","U.S. Geological Survey Research and Data Collection","15.808"
"DOI","Upper Colorado and San Juan River Basins Endangered Fish Recovery","15.529"
"DOI","Upper Colorado River Basin Fund, Bureau of Reclamation","15.56"
"DOI","Upper Klamath Basin Water Supply Alignment","15.566"
"DOI","Upper Mississippi River Restoration Long Term Resource Monitoring","15.978"
"DOI","USGS Cooperative Landslide Hazard Mapping and Assessment Program","15.821"
"DOI","USGS Experienced Services Program","15.072"
"DOI","Volcano Hazards Program Research and Monitoring","15.818"
"DOI","Water Conservation Field Services (WCFS)","15.53"
"DOI","Water Desalination Research and Development","15.506"
"DOI","Water Recycling and Desalination Construction Programs","15.504"
"DOI","Water Resources Development Act","15.581"
"DOI","Water Storage Enhancement","15.574"
"DOI","Water Use and Data Research","15.981"
"DOI","White Mountain Apache Tribe Rural Water System","15.558"
"DOI","White-nose Syndrome National Response Implementation","15.684"
"DOI","Wild Horse and Burro Resource Management","15.229"
"DOI","Working Capital Fund, Bureau of Land Management","15.245"
"DOI","Working Capital Fund, Bureau of Reclamation","15.07"
"DOI","Working Capital Fund, Departmental Management","15.243"
"DOI","Yakima River Basin Water Enhancement (YRBWE)","15.531"
"DOI","Yakima River Basin Water Enhancement Phase III (Yakima Basin Integrated Plan)","15.576"
"DOI","Youth and Veteran Organizations Conservation Activities","15.931"
"DOI","Yukon River Salmon Research and Management Assistance","15.671"
"DOI","Zoonotic Disease Initiative","15.069"
"DOJ","Prisons and Detention","16.601"
"DOJ","Prisons and Detention","16.602"
"DOJ","Prisons and Detention","16.603"
"DOJ","State, Local, Tribal, and Other Assistance","16.015"
"DOJ","State, Local, Tribal, and Other Assistance","16.016"
"DOJ","State, Local, Tribal, and Other Assistance","16.021"
"DOJ","State, Local, Tribal, and Other Assistance","16.023"
"DOJ","State, Local, Tribal, and Other Assistance","16.024"
"DOJ","State, Local, Tribal, and Other Assistance","16.025"
"DOJ","State, Local, Tribal, and Other Assistance","16.026"
"DOJ","State, Local, Tribal, and Other Assistance","16.029"
"DOJ","State, Local, Tribal, and Other Assistance","16.031"
"DOJ","State, Local, Tribal, and Other Assistance","16.035"
"DOJ","State, Local, Tribal, and Other Assistance","16.036"
"DOJ","State, Local, Tribal, and Other Assistance","16.037"
"DOJ","State, Local, Tribal, and Other Assistance","16.039"
"DOJ","State, Local, Tribal, and Other Assistance","16.04"
"DOJ","State, Local, Tribal, and Other Assistance","16.041"
"DOJ","State, Local, Tribal, and Other Assistance","16.042"
"DOJ","State, Local, Tribal, and Other Assistance","16.043"
"DOJ","State, Local, Tribal, and Other Assistance","16.044"
"DOJ","State, Local, Tribal, and Other Assistance","16.046"
"DOJ","State, Local, Tribal, and Other Assistance","16.047"
"DOJ","State, Local, Tribal, and Other Assistance","16.048"
"DOJ","State, Local, Tribal, and Other Assistance","16.05"
"DOJ","State, Local, Tribal, and Other Assistance","16.052"
"DOJ","State, Local, Tribal, and Other Assistance","16.053"
"DOJ","State, Local, Tribal, and Other Assistance","16.054"
"DOJ","State, Local, Tribal, and Other Assistance","16.055"
"DOJ","State, Local, Tribal, and Other Assistance","16.056"
"DOJ","State, Local, Tribal, and Other Assistance","16.057"
"DOJ","State, Local, Tribal, and Other Assistance","16.058"
"DOJ","State, Local, Tribal, and Other Assistance","16.059"
"DOJ","State, Local, Tribal, and Other Assistance","16.06"
"DOJ","State, Local, Tribal, and Other Assistance","16.061"
"DOJ","State, Local, Tribal, and Other Assistance","16.062"
"DOJ","State, Local, Tribal, and Other Assistance","16.065"
"DOJ","State, Local, Tribal, and Other Assistance","16.066"
"DOJ","State, Local, Tribal, and Other Assistance","16.123"
"DOJ","State, Local, Tribal, and Other Assistance","16.307"
"DOJ","State, Local, Tribal, and Other Assistance","16.321"
"DOJ","State, Local, Tribal, and Other Assistance","16.525"
"DOJ","State, Local, Tribal, and Other Assistance","16.528"
"DOJ","State, Local, Tribal, and Other Assistance","16.529"
"DOJ","State, Local, Tribal, and Other Assistance","16.548"
"DOJ","State, Local, Tribal, and Other Assistance","16.55"
"DOJ","State, Local, Tribal, and Other Assistance","16.556"
"DOJ","State, Local, Tribal, and Other Assistance","16.557"
"DOJ","State, Local, Tribal, and Other Assistance","16.571"
"DOJ","State, Local, Tribal, and Other Assistance","16.583"
"DOJ","State, Local, Tribal, and Other Assistance","16.607"
"DOJ","State, Local, Tribal, and Other Assistance","16.614"
"DOJ","State, Local, Tribal, and Other Assistance","16.615"
"DOJ","State, Local, Tribal, and Other Assistance","16.731"
"DOJ","State, Local, Tribal, and Other Assistance","16.735"
"DOJ","State, Local, Tribal, and Other Assistance","16.739"
"DOJ","State, Local, Tribal, and Other Assistance","16.746"
"DOJ","State, Local, Tribal, and Other Assistance","16.752"
"DOJ","State, Local, Tribal, and Other Assistance","16.756"
"DOJ","State, Local, Tribal, and Other Assistance","16.757"
"DOJ","State, Local, Tribal, and Other Assistance","16.815"
"DOJ","State, Local, Tribal, and Other Assistance","16.816"
"DOJ","State, Local, Tribal, and Other Assistance","16.818"
"DOJ","State, Local, Tribal, and Other Assistance","16.82"
"DOJ","State, Local, Tribal, and Other Assistance","16.823"
"DOJ","State, Local, Tribal, and Other Assistance","16.824"
"DOJ","State, Local, Tribal, and Other Assistance","16.828"
"DOJ","State, Local, Tribal, and Other Assistance","16.83"
"DOJ","State, Local, Tribal, and Other Assistance","16.831"
"DOJ","State, Local, Tribal, and Other Assistance","16.836"
"DOJ","State, Local, Tribal, and Other Assistance","16.84"
"DOJ","State, Local, Tribal, and Other Assistance","16.842"
"DOJ","State, Local, Tribal, and Other Assistance","16.888"
"DOJ","State, Local, Tribal, and Other Assistance","16.889"
"DOJ","State, Local, Tribal, and Other Assistance","16.017"
"DOJ","State, Local, Tribal, and Other Assistance","16.045"
"DOJ","State, Local, Tribal, and Other Assistance","16.32"
"DOJ","State, Local, Tribal, and Other Assistance","16.524"
"DOJ","State, Local, Tribal, and Other Assistance","16.526"
"DOJ","State, Local, Tribal, and Other Assistance","16.54"
"DOJ","State, Local, Tribal, and Other Assistance","16.543"
"DOJ","State, Local, Tribal, and Other Assistance","16.554"
"DOJ","State, Local, Tribal, and Other Assistance","16.56"
"DOJ","State, Local, Tribal, and Other Assistance","16.585"
"DOJ","State, Local, Tribal, and Other Assistance","16.587"
"DOJ","State, Local, Tribal, and Other Assistance","16.588"
"DOJ","State, Local, Tribal, and Other Assistance","16.589"
"DOJ","State, Local, Tribal, and Other Assistance","16.59"
"DOJ","State, Local, Tribal, and Other Assistance","16.593"
"DOJ","State, Local, Tribal, and Other Assistance","16.596"
"DOJ","State, Local, Tribal, and Other Assistance","16.606"
"DOJ","State, Local, Tribal, and Other Assistance","16.609"
"DOJ","State, Local, Tribal, and Other Assistance","16.61"
"DOJ","State, Local, Tribal, and Other Assistance","16.726"
"DOJ","State, Local, Tribal, and Other Assistance","16.734"
"DOJ","State, Local, Tribal, and Other Assistance","16.736"
"DOJ","State, Local, Tribal, and Other Assistance","16.738"
"DOJ","State, Local, Tribal, and Other Assistance","16.741"
"DOJ","State, Local, Tribal, and Other Assistance","16.742"
"DOJ","State, Local, Tribal, and Other Assistance","16.745"
"DOJ","State, Local, Tribal, and Other Assistance","16.75"
"DOJ","State, Local, Tribal, and Other Assistance","16.753"
"DOJ","State, Local, Tribal, and Other Assistance","16.754"
"DOJ","State, Local, Tribal, and Other Assistance","16.758"
"DOJ","State, Local, Tribal, and Other Assistance","16.812"
"DOJ","State, Local, Tribal, and Other Assistance","16.813"
"DOJ","State, Local, Tribal, and Other Assistance","16.827"
"DOJ","State, Local, Tribal, and Other Assistance","16.833"
"DOJ","State, Local, Tribal, and Other Assistance","16.835"
"DOJ","State, Local, Tribal, and Other Assistance","16.838"
"DOJ","State, Local, Tribal, and Other Assistance","16.839"
"DOJ","State, Local, Tribal, and Other Assistance","16.841"
"DOL","Occupational Safety and Health Administration - Susan Harwood Training Grants","17.502"
"DOL","Mine Safety and Health Administration - Mine Health and Safety Project Grants","17.6"
"DOL","Mine Health and Safety and Safety Counseling and Technical Assistance","17.601"
"DOL","Mine Safety and Health Administration - Brookwood-Sago Grant","17.603"
"DOL","Mine Safety and Health Administration - Safety and Health Cooperative Grants","17.604"
"DOL","Bureau of Labor Statistics - Compensation and Working Conditions","17.005"
"DOL","Bureau of Labor Statistics - Executive Direction and Staff Services","17.002"
"DOL","Bureau of Labor Statistics - Labor Force Statistics","17.002"
"DOL","Bureau of Labor Statistics - Prices and Cost of Living","17.003"
"DOL","Bureau of Labor Statistics - Productivity and Technology","17.004"
"DOL","Employee Benefits Security Administration","17.15"
"DOL","Employment & Training Administration - Adult Employment and Training Activities","17.258"
"DOL","Employment & Training Administration - Apprenticeship","17.285"
"DOL","Employment & Training Administration - Community Service Employment for Older Americans","17.235"
"DOL","Employment & Training Administration - Dislocated Worker Employment and Training Activities - Formula","17.278"
"DOL","Employment & Training Administration - Dislocated Worker Employment and Training Activities - National Reserves","17.28"
"DOL","Employment & Training Administration - Employment Service","17.207"
"DOL","Employment & Training Administration - Federal State Unemployment Insurance","17.225"
"DOL","Employment & Training Administration - Indian and Native American Program","17.265"
"DOL","Employment & Training Administration - Job Corps","17.287"
"DOL","Employment & Training Administration - Migrant and Seasonal Farmworker","17.264"
"DOL","Employment & Training Administration - Reintegration of Ex-Offenders","17.27"
"DOL","Employment & Training Administration - Trade Adjustment Assistance Federal Unemployment Benefits and Allowances","17.245"
"DOL","Employment & Training Administration - Workforce Data Quality Initiative","17.261"
"DOL","Employment & Training Administration - Workforce Information Etools","17.207"
"DOL","Employment & Training Administration - Youth Activities","17.259"
"DOL","Employment & Training Administration - YouthBuild","17.274"
"DOL","International Labor Affairs Bureau","17.401"
"DOL","Office of Disability Employment Policy","17.72"
"DOL","Office of Workers' Compensation - Coal Mine Workers' Compensation","17.307"
"DOL","Office of Workers' Compensation - Energy Employees Occupational Illness Compensation","17.31"
"DOL","Office of Workers' Compensation - Longshore and Harbor Workers Compensation","17.302"
"DOL","Veterans Employment Training Service - Homeless Veterans' Reintegration Program","17.805"
"DOL","Veterans Employment Training Service - Jobs for Veterans State Grants","17.801"
"DOL","Veterans Employment Training Service - Transition Assistance Program Employment Workshop","17.807"
"DOL","Women's Bureau","17.7"
"DOL","Employment & Training Administration - Community Projects","17.289"
"DOL","Employment & Training Administration - Community Projects","17.289"
"DOL","Trade Adjustment Assistance","17.245"
"DOL","H-1B Job Training Grants","17.268"
"DOL","Work Opportunity Tax Credit Program (WOTC) ","17.271"
"DOL","Employment & Training Administration - WIOA National Dislocated Worker Grants / WIA National Emergency Grants","17.277"
"DOL","Employment & Training Administration - WIOA Dislocated Worker National Reserve Technical Assistance and Training","17.281"
"DOL","Employment & Training Administration - WIOA Adult, Dislocated Worker and Youth Outlying Areas Consolidated Grants","17.29"
"DOL","Women’s Bureau - Women in Apprenticeship and Nontraditional Occupations Technical Assistance","17.701"
"DOL","Employment & Training Administration - Permanent Labor Certification for Foreign Workers","17.272"
"DOL","Employment & Training Administration - Temporary Labor Certification for Foreign Workers","17.273"
"DOL","Occupational Safety and Health Administration - State Programs","17.503"
"DOL","Occupational Safety and Health Administration - Consultation Agreements","17.504"
"DOT","Federal Highway Administration Other Grant Programs and Cooperative Agreements","20.205"
"DOT","Federal Transit Administration Capital Investment Grants","20.5"
"DOT","Federal Transit Administration Emergency Relief Program","20.527"
"DOT","Federal Transit Administration Transit Infrastructure Grants - COVID Relief Funds","20.507"
"DOT","Federal Transit Administration Washington Metro","20.524"
"DOT","Maritime Administration Federal Ship Financing Program Contracts","20.802"
"DOT","Maritime Administration Port Infrastructure Development","20.823"
"DOT","Office of the Secretary Aviation Manufacturing Jobs Protection Program","20.114"
"DOT","Capital Construction Fund","20.808"
"DOT","Construction Reserve Fund","20.812"
"DOT","Federal Aviation Administration Airport Concessionaire Relief","20.106"
"DOT","Federal Aviation Administration Airport Response Grant Program","20.106"
"DOT","Federal Aviation Administration Grants-in-Aid for Airports","20.106"
"DOT","Federal Aviation Administration Research, Engineering and Development","20.109"
"DOT","Federal Aviation Administration Research, Engineering and Development","20.111"
"DOT","Federal Aviation Administration Research, Engineering and Development","20.112"
"DOT","Federal Highway Administration Highway Planning and Construction","20.219"
"DOT","Federal Highway Administration Highway Planning and Construction","20.224"
"DOT","Federal Highway Administration Highway Planning and Construction","20.24"
"DOT","Federal Highway Administration Highway Planning and Construction","23.203"
"DOT","Federal Highway Administration Highway Planning and Construction","20.205"
"DOT","Federal Highway Administration Highway Planning and Construction","20.215"
"DOT","Federal Highway Administration Highway Planning and Construction","20.933"
"DOT","Federal Highway Administration Highway Planning and Construction","20.934"
"DOT","Federal Highway Administration Highway Planning and Construction","20.937"
"DOT","Federal Highway Administration Highway Planning and Construction","20.938"
"DOT","Federal Highway Administration Highway Planning and Construction","20.939"
"DOT","Federal Highway Administration Highway Planning and Construction","20.94"
"DOT","Federal Highway Administration Highway Planning and Construction","20.941"
"DOT","Federal Highway Administration Highway Planning and Construction","20.942"
"DOT","Federal Highway Administration Research Programs","20.2"
"DOT","Federal Highway Administration Research Programs","20.215"
"DOT","Federal Motor Carrier Safety Administration Motor Carrier Safety Grants","20.218"
"DOT","Federal Motor Carrier Safety Administration Motor Carrier Safety Grants","20.231"
"DOT","Federal Motor Carrier Safety Administration Motor Carrier Safety Grants","20.232"
"DOT","Federal Motor Carrier Safety Administration Motor Carrier Safety Grants","20.233"
"DOT","Federal Motor Carrier Safety Administration Motor Carrier Safety Grants","20.234"
"DOT","Federal Motor Carrier Safety Administration Motor Carrier Safety Grants","20.235"
"DOT","Federal Motor Carrier Safety Administration Motor Carrier Safety Grants","20.237"
"DOT","Federal Motor Carrier Safety Administration Motor Carrier Safety Grants","20.243"
"DOT","Federal Railroad Administration Grants to National Railroad Passenger Corporation","20.315"
"DOT","Federal Railroad Administration Grants to National Railroad Passenger Corporation","20.323"
"DOT","Federal Railroad Administration High-Speed Intercity Passenger Rail","20.317"
"DOT","Federal Railroad Administration High-Speed Intercity Passenger Rail","20.319"
"DOT","Federal Railroad Administration High-Speed Intercity Passenger Rail","20.324"
"DOT","Federal Railroad Administration High-Speed Intercity Passenger Rail","20.326"
"DOT","Federal Railroad Administration High-Speed Intercity Passenger Rail","20.328"
"DOT","Federal Railroad Administration Other Grant Programs","20.318"
"DOT","Federal Railroad Administration Other Grant Programs","20.32"
"DOT","Federal Railroad Administration Other Grant Programs","20.321"
"DOT","Federal Railroad Administration Other Grant Programs","20.325"
"DOT","Federal Railroad Administration Other Grant Programs","20.327"
"DOT","Federal Railroad Administration Railroad Research and Development","20.313"
"DOT","Federal Railroad Administration Railroad Research and Development","20.314"
"DOT","Federal Transit Administration Formula Grants","20.505"
"DOT","Federal Transit Administration Formula Grants","20.514"
"DOT","Federal Transit Administration Formula Grants","20.516"
"DOT","Federal Transit Administration Formula Grants","20.518"
"DOT","Federal Transit Administration Formula Grants","20.519"
"DOT","Federal Transit Administration Formula Grants","20.52"
"DOT","Federal Transit Administration Formula Grants","20.521"
"DOT","Federal Transit Administration Formula Grants","20.522"
"DOT","Federal Transit Administration Formula Grants","20.528"
"DOT","Federal Transit Administration Formula Grants","20.531"
"DOT","Federal Transit Administration Formula Grants","20.509"
"DOT","Federal Transit Administration Formula Grants","20.513"
"DOT","Federal Transit Administration Formula Grants","20.525"
"DOT","Federal Transit Administration Formula Grants","20.526"
"DOT","Federal Transit Administration Formula Grants","20.529"
"DOT","Federal Transit Administration Formula Grants","20.53"
"DOT","Federal Transit Administration Formula Grants","20.532"
"DOT","Federal Transit Administration Formula Grants","20.507"
"DOT","Federal Transit Administration Transit Infrastructure Grants","20.533"
"DOT","Federal Transit Administration Transit Infrastructure Grants","20.534"
"DOT","Federal Transit Administration Transit Infrastructure Grants","20.509"
"DOT","Federal Transit Administration Transit Infrastructure Grants","20.513"
"DOT","Federal Transit Administration Transit Infrastructure Grants","20.525"
"DOT","Federal Transit Administration Transit Infrastructure Grants","20.526"
"DOT","Federal Transit Administration Transit Infrastructure Grants","20.529"
"DOT","Federal Transit Administration Transit Infrastructure Grants","20.53"
"DOT","Federal Transit Administration Transit Infrastructure Grants","20.532"
"DOT","Federal Transit Administration Transit Infrastructure Grants","20.507"
"DOT","Maritime Administration Student Incentive Program","20.806"
"DOT","Maritime Administration Student Incentive Program","20.807"
"DOT","Maritime Administration Student Incentive Program","20.821"
"DOT","National Highway Traffic Safety Administration Highway Traffic Safety Grants","20.6"
"DOT","National Highway Traffic Safety Administration Highway Traffic Safety Grants","20.607"
"DOT","National Highway Traffic Safety Administration Highway Traffic Safety Grants","20.608"
"DOT","National Highway Traffic Safety Administration Highway Traffic Safety Grants","20.611"
"DOT","National Highway Traffic Safety Administration Highway Traffic Safety Grants","20.614"
"DOT","National Highway Traffic Safety Administration Highway Traffic Safety Grants","20.615"
"DOT","National Highway Traffic Safety Administration Highway Traffic Safety Grants","20.616"
"DOT","Office of the Secretary Grant Programs","20.701"
"DOT","Office of the Secretary Grant Programs","20.901"
"DOT","Office of the Secretary Grant Programs","20.91"
"DOT","Office of the Secretary Grant Programs","20.93"
"DOT","Office of the Secretary Grant Programs","20.943"
"DOT","Office of the Secretary Grant Programs","20.944"
"DOT","Office of the Secretary Grant Programs","20.945"
"DOT","Office of the Secretary Grant Programs","20.946"
"DOT","Office of the Secretary Grant Programs","20.947"
"DOT","Office of the Secretary Grant Programs","20.948"
"DOT","Office of the Secretary Grant Programs","20.949"
"DOT","Office of the Secretary Grant Programs","20.941"
"DOT","Office of the Secretary Grant Programs","20.942"
"DOT","Office of the Secretary Loan Programs","20.223"
"DOT","Office of the Secretary Loan Programs","20.316"
"DOT","Office of the Secretary Grant Programs - Allocation and Administered Accounts","20.936"
"DOT","Office of the Secretary Grant Programs - Allocation and Administered Accounts","20.933"
"DOT","Office of the Secretary Grant Programs - Allocation and Administered Accounts","20.934"
"DOT","Office of the Secretary Grant Programs - Allocation and Administered Accounts","20.937"
"DOT","Office of the Secretary Grant Programs - Allocation and Administered Accounts","20.938"
"DOT","Office of the Secretary Grant Programs - Allocation and Administered Accounts","20.939"
"DOT","Office of the Secretary Grant Programs - Allocation and Administered Accounts","20.94"
"DOT","Pipeline and Hazardous Materials Safety Administration Payments","20.7"
"DOT","Pipeline and Hazardous Materials Safety Administration Payments","20.703"
"DOT","Pipeline and Hazardous Materials Safety Administration Payments","20.706"
"DOT","Pipeline and Hazardous Materials Safety Administration Payments","20.707"
"DOT","Pipeline and Hazardous Materials Safety Administration Payments","20.708"
"DOT","Pipeline and Hazardous Materials Safety Administration Payments","20.71"
"DOT","Pipeline and Hazardous Materials Safety Administration Payments","20.72"
"DOT","Pipeline and Hazardous Materials Safety Administration Payments","20.721"
"DOT","Pipeline and Hazardous Materials Safety Administration Payments","20.723"
"DOT","Pipeline and Hazardous Materials Safety Administration Payments","20.724"
"DOT","Pipeline and Hazardous Materials Safety Administration Payments","20.725"
"DOT","Maritime Administration Assistance Programs","20.813"
"DOT","Maritime Administration Assistance Programs","20.814"
"DOT","Maritime Administration Assistance Programs","20.816"
"DOT","Maritime Administration Assistance Programs","20.817"
"DOT","Maritime Administration Assistance Programs","20.818"
"DOT","Maritime Administration Assistance Programs","20.819"
"DOT","Maritime Administration Assistance Programs","20.82"
"DOT","Maritime Administration Assistance Programs","20.822"
"DOT","Maritime Administration Assistance Programs","20.824"
"DOT","Maritime Administration Assistance Programs","20.825"
"DOT","Maritime War Risk Insurance","20.803"
"DOT","Veterans Pilot Training Program","20.113"
"DOT","Aviation Research Grants","20.108"
"DOT","Behavioral Traffic Safety Cooperative Research","20.62"
"DOT","Bridge and Other Transportation Infrastructure Research Program","20.95"
"DOT","Driver Alcohol Detection System for Safety","20.618"
"DOT","Fueling Aviation's Sustainable Transition via Sustainable Aviation Fuels (FAST-SAF) and Low-Emissions Aviation Technologies (FAST-Tech) Grant","20.115"
"DOT","Motor Vehicle Safety Research","20.619"
"DOT","National Driver Register","20.606"
"DOT","Railroad Safety","20.301"
"DOT","State Electronic Data Collection (SEDC) Program Grant","20.617"
"DOT","State Process for Informing Consumers of Recalls","20.621"
"DOT","Transportation Planning, Research and Education","20.931"
"DOT","Transportation Research and Technology Advancement","20.909"
"DRA","Delta Program","90.2"
"EAC","Help America Vote Act Requirements Payments","90.401"
"EAC","Help America Vote Act Requirements Payments","90.401"
"EAC","Election Security Grants","90.404"
"EAC","Help America Vote College Program","90.4"
"ED","Adult Education - Basic Grants to States","84.002"
"ED","Alaska Native Educational Programs","84.356"
"ED","American Indian Vocational Rehabilitation Services","84.25"
"ED","American Printing House for the Blind","84.906"
"ED","Arts in Education","84.351"
"ED","Career and Technical Education - Basic Grants to States","84.048"
"ED","Career and Technical Education - Grants to Native Americans and Alaska Natives","84.101"
"ED","Charter Schools","84.282"
"ED","Child Care Access Means Parents in School","84.335"
"ED","Competitive Grants for State Assessments","84.368"
"ED","Comprehensive Centers","84.283"
"ED","Comprehensive Literacy Development","84.371"
"ED","Consolidated Grant to the Outlying Areas","84.403"
"ED","Credit Enhancement for Charter School Facilities","84.354"
"ED","DC Opportunity Scholarship Program","84.37"
"ED","Disability Innovation Fund (DIF)","84.421"
"ED","Disaster Recovery Assistance for Education","84.938"
"ED","Education for Homeless Children and Youth","84.196"
"ED","Education Innovation and Research (formerly Investing in Innovation (i3) Fund)","84.411"
"ED","Education Research, Development and Dissemination","84.305"
"ED","Education Stabilization Fund","84.425"
"ED","English Language Acquisition State Grants","84.365"
"ED","Federal Family Education Loan (FFEL)","84.032"
"ED","Federal Pell Grant Program","84.063"
"ED","Federal Perkins Loan (Perkins)","84.038"
"ED","Federal Supplemental Educational Opportunity Grant (FSEOG)","84.007"
"ED","Federal Work-Study","84.033"
"ED","Fund for the Improvement of Postsecondary Education","84.116"
"ED","Gaining Early Awareness and Readiness for Undergraduate Programs","84.334"
"ED","Gallaudet University","84.91"
"ED","Graduate Assistance in Areas of National Need","84.2"
"ED","Grants for State Assessments and Related Activities","84.369"
"ED","Health Education Assistance Loan (HEAL)","93.108"
"ED","Higher Education Institutional Aid","84.031"
"ED","Howard University","84.915"
"ED","Impact Aid","84.041"
"ED","Indian Education - Special Programs for Indian Children","84.299"
"ED","Indian Education Grants to Local Educational Agencies","84.06"
"ED","Innovative Approaches to Literacy; Promise Neighborhoods; Full-Service Community Schools; and Congressionally Directed Spending for Elementary and Secondary Education Community Projects","84.215"
"ED","Javits Gifted and Talented Students Education","84.206"
"ED","Magnet Schools Assistance","84.165"
"ED","Migrant Education College Assistance Migrant Program","84.149"
"ED","Migrant Education High School Equivalency Program","84.141"
"ED","Migrant Education State Grant Program","84.011"
"ED","Minority Science and Engineering Improvement","84.12"
"ED","National Resource Centers Program for Foreign Language and Area Studies or Foreign Language and International Studies Program and Foreign Language and Area Studies Fellowship Program","84.015"
"ED","National Technical Institute for the Deaf","84.908"
"ED","Native Hawaiian Education","84.362"
"ED","Program of Protection and Advocacy of Individual Rights","84.24"
"ED","Ready-To-Learn Television","84.295"
"ED","Rehabilitation Long-Term Training","84.129"
"ED","Rehabilitation Services Client Assistance Program","84.161"
"ED","Rehabilitation Services Independent Living Services for Older Individuals Who are Blind","84.177"
"ED","Rehabilitation Services Service Projects","84.904"
"ED","Rehabilitation Services Vocational Rehabilitation Grants to States","84.126"
"ED","Research in Special Education","84.324"
"ED","Rural Education","84.358"
"ED","School Safely National Activities","84.184"
"ED","Special Education - Personnel Development to Improve Services and Results for Children with Disabilities","84.325"
"ED","Special Education - Special Olympics Education Programs","84.38"
"ED","Special Education - State Personnel Development","84.323"
"ED","Special Education Educational Technology Media, and Materials for Individuals with Disabilities","84.327"
"ED","Special Education Grants to States","84.027"
"ED","Special Education Parent Information Centers","84.328"
"ED","Special Education Preschool Grants","84.173"
"ED","Special Education Technical Assistance and Dissemination to Improve Services and Results for Children with Disabilities","84.326"
"ED","Special Education Technical Assistance on State Data Collection","84.373"
"ED","Special Education-Grants for Infants and Families","84.181"
"ED","Statewide Family Engagement Centers","84.31"
"ED","Statewide Longitudinal Data Systems","84.372"
"ED","Strengthening Minority-Serving Institutions","84.382"
"ED","Student Support and Academic Enrichment Program","84.424"
"ED","Supported Employment Services for Individuals with the Most Significant Disabilities","84.187"
"ED","Supporting Effective Educator Development Program","84.423"
"ED","Supporting Effective Instruction State Grants (formerly Improving Teacher Quality State Grants)","84.367"
"ED","Teacher and School Leader Incentive Grants (formerly the Teacher Incentive Fund)","84.374"
"ED","Teacher Education Assistance for College and Higher Education Grant (TEACH)","84.379"
"ED","Teacher Quality Partnership Grants","84.336"
"ED","Title I Grants to Local Educational Agencies","84.01"
"ED","Title I State Agency Program for Neglected and Delinquent Children and Youth","84.013"
"ED","Transition Programs for Students with Intellectual Disabilities into Higher Education","84.407"
"ED","Tribally Controlled Postsecondary Career and Technical Institutions","84.245"
"ED","TRIO Educational Opportunity Centers","84.066"
"ED","TRIO McNair Post-Baccalaureate Achievement","84.217"
"ED","TRIO Student Support Services","84.042"
"ED","TRIO Talent Search","84.044"
"ED","TRIO Upward Bound","84.047"
"ED","Twenty-First Century Community Learning Centers","84.287"
"ED","William D. Ford Federal Direct Loan Program","84.268"
"ED","Adult Education National Leadership Activities","84.191"
"ED","American History and Civics Education","84.422"
"ED","American Overseas Research Centers","84.274"
"ED","Business and International Education Projects","84.153"
"ED","Career and Technical Education -- National Programs","84.051"
"ED","Centers for International Business Education","84.22"
"ED","Civil Rights Training and Advisory Services (also known as Equity Assistance Centers)","84.004"
"ED","Directed Grants and Awards","84.417"
"ED","Federal Real Property Assistance Program","84.145"
"ED","Impact Aid Facilities Maintenance","84.04"
"ED","Indian Education National Activities (State Tribal Education Partnership (STEP) and Native American Language (NAL)","84.415"
"ED","Innovative Rehabilitation Training","84.263"
"ED","International Research and Studies","84.017"
"ED","Language Resource Centers","84.229"
"ED","Migrant Education Coordination Program","84.144"
"ED","Native Hawaiian Career and Technical Education","84.259"
"ED","Overseas Programs - Doctoral Dissertation Research Abroad","84.022"
"ED","Overseas Programs - Faculty Research Abroad","84.019"
"ED","Overseas Programs - Group Projects Abroad","84.021"
"ED","Overseas Programs Special Bilateral Projects","84.018"
"ED","Randolph-Sheppard - Financial Relief and Restoration Payments","84.426"
"ED","Rehabilitation Services Demonstration and Training Programs","84.235"
"ED","Rehabilitation Short-Term Training","84.246"
"ED","Rehabilitation Training Technical Assistance Centers","84.264"
"ED","Special Education Studies and Evaluations","84.329"
"ED","Traditionally Underserved Populations","84.315"
"ED","Training Interpreters for Individuals who are Deaf and Individuals who are Deaf-Blind","84.16"
"ED","TRIO Staff Training Program","84.103"
"ED","Undergraduate International Studies and Foreign Language Programs","84.016"
"ED","Augustus F. Hawkins Centers of Excellence - Teacher Preparation and Development","84.428"
"ED","Congressionally Directed Spending - Rehabilitation Services and Disability Research","84.427"
"ED","Education Evaluation and Technical Assistance Grants","84.429"
"ED","Postsecondary Education Scholarships for Veteran's Dependents","84.408"
"EEOC","Employment Discrimination Private Bar Program (Private Attorney Referral)","30.005"
"EOP","Anti-Doping Activities","95.004"
"EOP","High Intensity Drug Trafficking Areas Program","95.001"
"EOP","DFC NATIONAL COMMUNITY ANTIDRUG COALITION INSTITUTE","95.003"
"EOP","Drug Court Training and Technical Assistance","95.005"
"EOP","Model Acts Program","95.006"
"EOP","Research and Data Analysis","95.007"
"EOP","Drug-Free Communities Support Program - National Youth Leadership Initiative","95.008"
"EOP","Congressional Directives","95.01"
"EPA","Greenhouse Gas Reduction Fund: Clean Communities Investment Accelerator","66.96"
"EPA","Greenhouse Gas Reduction Fund: National Clean Investment Fund","66.957"
"EPA","Greenhouse Gas Reduction Fund: Solar for All","66.959"
"EPA","Environmental and Climate Justice Community Change Grants Program","66.616"
"EPA","Environmental Justice Collaborative Problem- Solving Cooperative Agreement Program","66.306"
"EPA","Environmental Justice Government-to-Government (EJG2G) Program","66.312"
"EPA","Environmental Justice Small Grant Program","66.604"
"EPA","Environmental Justice Thriving Communities Grantmaking Program (EJ TCGM)","66.615"
"EPA","Surveys, Studies, Investigations, Training and Special Purpose Activities Relating to Environmental Justice","66.309"
"EPA","Air Pollution Control Program Support","66.001"
"EPA","Alternative or Innovative Treatment Technology Research, Demonstration, Training, and Hazardous Substance Research Grants","66.813"
"EPA","Beach Monitoring and Notification Program Implementation Grants","66.472"
"EPA","Brownfields Job Training Cooperative Agreements","66.815"
"EPA","Brownfields Multipurpose, Assessment, Revolving Loan Fund, and Cleanup Cooperative Agreements","66.818"
"EPA","Brownfields Training, Research, and Technical Assistance Grants and Cooperative Agreements","66.814"
"EPA","Centers of Excellence for Stormwater Control Infrastructure Technologies Grant Program","66.49"
"EPA","Clean Heavy-Duty Vehicles Program","66.049"
"EPA","Clean Ports Program","66.051"
"EPA","Climate Pollution Reduction Grants","66.046"
"EPA","Compliance Assistance Support for Services to the Regulated Community and Other Assistance Providers","66.305"
"EPA","Congressionally Mandated Projects","66.202"
"EPA","Consolidated Pesticide Enforcement Cooperative Agreements","66.7"
"EPA","Construction Grants for Wastewater Treatment Works","66.418"
"EPA","Contaminated Alaska Native Claims Settlement Act Lands Assistance Agreements","66.965"
"EPA","Diesel Emission Reduction Act (DERA) National Grants","66.039"
"EPA","Diesel Emissions Reduction Act (DERA) State Grants","66.04"
"EPA","Direct Implementation Tribal Cooperative Agreements","66.473"
"EPA","Drinking Water System Infrastructure Resilience and Sustainability Program â€“ SDWA 1459A(l)","66.448"
"EPA","Enhanced Aquifer Use and Recharge Program","66.522"
"EPA","Environmental Education Grants Program","66.951"
"EPA","Environmental Finance Center Grants","66.203"
"EPA","Environmental Information Exchange Network Grant Program and Related Assistance","66.608"
"EPA","Environmental Policy and Innovation Grants","66.611"
"EPA","Environmental Protection Consolidated Grants for the Insular Areas - Program Support","66.6"
"EPA","Financial Assistance For Community Support Activities To Address Environmental Justice Issues","66.614"
"EPA","Geographic Programs - Chesapeake Bay Program","66.466"
"EPA","Geographic Programs - Chesapeake Bay Program Implementation, Regulatory/Accountability and Monitoring Grants","66.964"
"EPA","Geographic Programs - Coastal Wetlands Planning Protection and Restoration Act","66.124"
"EPA","Geographic Programs - Columbia River Basin Restoration (CRBR) Program","66.962"
"EPA","Geographic Programs - Great Lakes Restoration Initiative","66.469"
"EPA","Geographic Programs - Gulf Coast Ecosystem Restoration Council Comprehensive Plan Component","66.13"
"EPA","Geographic Programs - Gulf of Mexico Program","66.475"
"EPA","Geographic Programs - Lake Champlain Basin Program","66.481"
"EPA","Geographic Programs - Lake Pontchartrain Basic Restoration Program (PRP) Improvement Fund","66.125"
"EPA","Geographic Programs - Long Island Sound Program","66.437"
"EPA","Geographic Programs - Puget Sound Action Agenda: Technical Investigations and Implementation Assistance Program","66.123"
"EPA","Geographic Programs - Puget Sound Protection and Restoration: Tribal Implementation Assistance Program","66.121"
"EPA","Geographic Programs - San Francisco Bay Water Quality","66.126"
"EPA","Geographic Programs - South Florida Geographic Initiatives Program","66.484"
"EPA","Geographic Programs - Southeast New England Coastal Watershed Restoration Program","66.129"
"EPA","Greenhouse Gas and Zero Emission On-road Mobile Source Standards","66.048"
"EPA","Hazardous Waste Management Grant Program for Tribes","66.812"
"EPA","Hazardous Waste Management State Program Support","66.801"
"EPA","Headquarters and Regional Underground Storage Tanks Program","66.816"
"EPA","Healthy Communities Grant Program","66.11"
"EPA","Healthy Environmental Living Program (HELP)","66.963"
"EPA","Healthy Watersheds Consortium Grant Program","66.441"
"EPA","Hydrofluorocarbon Reclaim and Innovative Destruction Grants","66.047"
"EPA","Indian Environmental General Assistance Program (GAP)","66.926"
"EPA","Innovative Water Infrastructure Workforce Development Program (SDWA 1459E)","66.445"
"EPA","Innovative Water Technology Grant Program","66.521"
"EPA","International Compliance and Enforcement Projects","66.313"
"EPA","International Financial Assistance Projects Sponsored by the Office of International and Tribal Affairs","66.931"
"EPA","Internships, Training, and Workshops for the Environmental Protection Agency's (EPA) Office of Air and Radiation","66.037"
"EPA","Leaking Underground Storage Tank Trust Fund Corrective Action Program","66.805"
"EPA","Multipurpose Grants to States and Tribes","66.204"
"EPA","National Environmental Education Training Program","66.95"
"EPA","National Estuary Program","66.456"
"EPA","National Wetland Program Development Grants and Five- Star Restoration Training Grant","66.462"
"EPA","Nonpoint Source Implementation Grants","66.46"
"EPA","Non-State Member Support for the Gulf Hypoxia Action Plan","66.487"
"EPA","Office of Research and Development Consolidated Research/Training/Fellowships","66.511"
"EPA","Ozone Transport Commission","66.033"
"EPA","P3 Award: National Student Design Competition for Sustainability","66.516"
"EPA","Performance Partnership Grants","66.605"
"EPA","Pesticide Environmental Stewardship Program (PESP) Grants","66.714"
"EPA","Pollution Prevention Grants Program","66.708"
"EPA","PRIA 5: Farm Worker and Health Care Provider Training and Education Grants","66.72"
"EPA","Protection of Children from Environmental Health Risks","66.609"
"EPA","Reduce, Reuse, Recycling Education and Outreach Grants","66.921"
"EPA","Reducing Embodied Greenhouse Gas Emissions for Construction Materials and Products","66.721"
"EPA","Reducing Lead in Drinking Water (SDWA 1459B)","66.443"
"EPA","Regional Applied Research Efforts (RARE)","66.517"
"EPA","Regional Wetland Program Development Grants","66.461"
"EPA","Research, Development, Monitoring, Public Education, Outreach, Training, Demonstrations, and Studies","66.716"
"EPA","Response to Emergency Situations Affecting Public Water Systems (SDWA 1442b)","66.489"
"EPA","Science To Achieve Results (STAR) Research Program","66.509"
"EPA","Senior Environmental Employment Program","66.508"
"EPA","Sewer Overflow and Stormwater Reuse Municipal Grant Program","66.447"
"EPA","Solid Waste Infrastructure for Recycling Infrastructure Grants","66.92"
"EPA","Solid Waste Management Assistance Grants","66.808"
"EPA","Source Reduction Assistance","66.717"
"EPA","State and Tribal Indoor Radon Grants","66.032"
"EPA","State and Tribal Response Program Grants","66.817"
"EPA","State Programs for Control of Coal Combustion Residuals","66.82"
"EPA","State Public Water System Supervision","66.432"
"EPA","State Senior Environmental Employment Program","66.518"
"EPA","State Underground Water Source Protection","66.433"
"EPA","Superfund State and Indian Tribe Combined Cooperative Agreements (Site-Specific and Core)","66.961"
"EPA","Superfund State and Indian Tribe Core Program Cooperative Agreements","66.809"
"EPA","Superfund State, Political Subdivision, and Indian Tribe Site-Specific Cooperative Agreements","66.802"
"EPA","Superfund Technical Assistance Grants (TAG) for Community Groups at National Priority List (NPL) Sites","66.806"
"EPA","Support for the Gulf Hypoxia Action Plan","66.485"
"EPA","Surveys, Studies, Investigations and Special Purpose Grants within the Office of Research and Development","66.51"
"EPA","Surveys, Studies, Investigations and Special Purpose Grants within the Office of the Administrator","66.61"
"EPA","Surveys, Studies, Investigations, Demonstrations, and Training Grants - Section 1442 of the Safe Drinking Water Act","66.424"
"EPA","Surveys, Studies, Investigations, Demonstrations, and Training Grants and Cooperative Agreements - Section 104(b)(3) of the Clean Water Act","66.436"
"EPA","Surveys, Studies, Research, Investigations, Demonstrations, and Special Purpose Activities Relating to the Clean Air Act Air and Radiation","66.034"
"EPA","Targeted Airshed Grant Program","66.956"
"EPA","Technical Assistance for Treatment Works (Clean Water Act [CWA] Section 104(b)(8))","66.446"
"EPA","Temporally Integrated Monitoring of Ecosystems (TIME) and Long-Term Monitoring (LTM) Program","66.042"
"EPA","Toxic Substances Compliance Monitoring Cooperative Agreements","66.701"
"EPA","Training, Investigations, and Special Purpose Activities of Federally-Recognized Indian Tribes Consistent With the Clean Air Act (CAA), Tribal Sovereignty and the Protection and Management of Air Quality","66.038"
"EPA","TSCA Title IV State Lead Grants Certification of Lead-Based Paint Professionals","66.707"
"EPA","Underground Injection Control Program Grants: Class VI Carbon Sequestration Wells","66.486"
"EPA","Underground Storage Tank (UST) Prevention, Detection, and Compliance Program","66.804"
"EPA","Urban Waters Small Grants","66.44"
"EPA","Voluntary School and Child Care Lead Testing and Reduction Grant Program (SDWA 1464(d))","66.444"
"EPA","Water Infrastructure Improvements for the Nation Small and Underserved Communities Emerging Contaminants Grant Program","66.442"
"EPA","Water Pollution Control State, Interstate, and Tribal Program Support","66.419"
"EPA","Water Quality Management Planning","66.454"
"EPA","Wildfire Smoke Preparedness in Community Buildings Grant Program","66.044"
"EPA","Clean Water State Revolving Fund","66.458"
"EPA","Drinking Water State Revolving Fund","66.468"
"EPA","Water Infrastructure Finance and Innovation Act Program (WIFIA) - Loans","66.958"
"EPA","Clean School Bus Program - Grants and Rebates","66.045"
"EPA","Pesticide Registration Improvement Act Employee Training","66.722"
"EXIM","Cash-Control Disbursements","31.007"
"EXIM","Long-Term Authorizations","31.007"
"EXIM","Medium-Term Authorizations","31.007"
"EXIM","Short-Term Authorizations","31.007"
"FCC","FCC Affordable Connectivity Program (ACP)","32.008"
"FCC","FCC Affordable Connectivity Program Outreach Grants","32.011"
"FCC","FCC Emergency Connectivity Fund (ECF)","32.009"
"FCC","FCC Secured & Trusted Communications Network Reimbursement Program (STCNRP)","32.01"
"FCC","Universal Service Fund - High Cost Legacy","32.002"
"FCC","Universal Service Fund - High Cost Modernized","32.002"
"FCC","Universal Service Fund – Lifeline","32.003"
"FCC","Universal Service Fund - Rural Health Care","32.005"
"FCC","Universal Service Fund - Schools and Libraries","32.004"
"FCC","Universal Service Fund - Connected Care Pilot Program","32.007"
"FCC","Universal Service Fund – Cybersecurity Pilot Program","32.012"
"GCRC","Gulf Coast Ecosystem Restoration Council Comprehensive Plan Component Program","87.051"
"GCRC","Gulf Coast Ecosystem Restoration Council Oil Spill Impact Program","87.052"
"GSA","Disposal of Federal Surplus Real Property","39.002"
"GSA","Donation of Federal Surplus Personal Property","39.003"
"GSA","Sale of Federal Surplus Personal Property","39.007"
"HHS","Administration for Children and Families (ACF) - Adoption and Legal Guardianship Incentive Payments Program","93.603"
"HHS","Administration for Children and Families (ACF) - Adoption Assistance","93.659"
"HHS","Administration for Children and Families (ACF) - Adoption Opportunities","93.652"
"HHS","Administration for Children and Families (ACF) - Affordable Care Act (ACA) Personal Responsibility Education Program","93.092"
"HHS","Administration for Children and Families (ACF) - Assistance for Torture Victims","93.604"
"HHS","Administration for Children and Families (ACF) - Basic Center Grant","93.623"
"HHS","Administration for Children and Families (ACF) - Chafee Education and Training Vouchers Program (ETV)","93.599"
"HHS","Administration for Children and Families (ACF) - Child Abuse and Neglect Discretionary Activities","93.67"
"HHS","Administration for Children and Families (ACF) - Child Abuse and Neglect State Grants","93.669"
"HHS","Administration for Children and Families (ACF) - Child Care and Development Fund","93.575"
"HHS","Administration for Children and Families (ACF) - Child Care and Development Fund","93.596"
"HHS","Administration for Children and Families (ACF) - Child Support Services","93.563"
"HHS","Administration for Children and Families (ACF) - Child Support Services Research","93.564"
"HHS","Administration for Children and Families (ACF) - Child Welfare Research Training or Demonstration","93.648"
"HHS","Administration for Children and Families (ACF) - Children's Justice Grants to States","93.643"
"HHS","Administration for Children and Families (ACF) - Community Services Block Grant","93.569"
"HHS","Administration for Children and Families (ACF) - Community Services Block Grant Discretionary Awards","93.57"
"HHS","Administration for Children and Families (ACF) - Community-Based Child Abuse Prevention Grants","93.59"
"HHS","Administration for Children and Families (ACF) - Congressional Directives","93.493"
"HHS","Administration for Children and Families (ACF) - Education and Prevention Grants to Reduce Sexual Abuse of Runaway, Homeless and Street Youth","93.557"
"HHS","Administration for Children and Families (ACF) - Enhance Safety of Children Affected by Substance Abuse","93.087"
"HHS","Administration for Children and Families (ACF) - Every Student Succeeds Act/Preschool Development Grants","93.434"
"HHS","Administration for Children and Families (ACF) - Family Violence Prevention and Services/Discretionary","93.592"
"HHS","Administration for Children and Families (ACF) - Family Violence Prevention and Services/Domestic Violence Shelter and Supportive Services","93.671"
"HHS","Administration for Children and Families (ACF) - Family Violence Prevention and Services/Domestic Violence Shelter and Supportive Services","93.591"
"HHS","Administration for Children and Families (ACF) - Family Violence Prevention and Services/Domestic Violence Shelter and Supportive Services","93.592"
"HHS","Administration for Children and Families (ACF) - Family Violence Prevention and Services/State Domestic Violence Coalitions","93.591"
"HHS","Administration for Children and Families (ACF) - Foster Care Title IV-E","93.658"
"HHS","Administration for Children and Families (ACF) - Grants to States for Access and Visitation Programs","93.597"
"HHS","Administration for Children and Families (ACF) - Grants to States for Access and Visitation Programs","93.597"
"HHS","Administration for Children and Families (ACF) - Grants to Support Survivors of Sexual Assault (American Rescue Plan)","93.497"
"HHS","Administration for Children and Families (ACF) - Guardianship Assistance","93.09"
"HHS","Administration for Children and Families (ACF) - Head Start","93.6"
"HHS","Administration for Children and Families (ACF) - Healthy Marriage Promotion and Responsible Fatherhood Grants","93.086"
"HHS","Administration for Children and Families (ACF) - John H. Chafee Foster Care Program for Successful Transition to Adulthood","93.674"
"HHS","Administration for Children and Families (ACF) - Low-Income Home Energy Assistance","93.568"
"HHS","Administration for Children and Families (ACF) - MaryLee Allen Promoting Safe and Stable Families Program","93.556"
"HHS","Administration for Children and Families (ACF) - Native American Programs","93.612"
"HHS","Administration for Children and Families (ACF) - Native American Programs","93.581"
"HHS","Administration for Children and Families (ACF) - Native American Programs","93.587"
"HHS","Administration for Children and Families (ACF) - Payments to Territories - Adults","93.56"
"HHS","Administration for Children and Families (ACF) - Promote the Survival and Continuing Vitality of Native American Languages","93.587"
"HHS","Administration for Children and Families (ACF) - Refugee and Entrant Assistance Discretionary Grants","93.576"
"HHS","Administration for Children and Families (ACF) - Refugee and Entrant Assistance State/Replacement Designee Administered Programs","93.566"
"HHS","Administration for Children and Families (ACF) - Refugee and Entrant Assistance Voluntary Agency Programs","93.567"
"HHS","Administration for Children and Families (ACF) - Refugee and Entrant Assistance Wilson/Fish Program","93.583"
"HHS","Administration for Children and Families (ACF) - Services to Victims of a Severe Form of Trafficking","93.598"
"HHS","Administration for Children and Families (ACF) - Sexual Risk Avoidance Education","93.06"
"HHS","Administration for Children and Families (ACF) - Social Services Block Grant","93.667"
"HHS","Administration for Children and Families (ACF) - Social Services Research and Demonstration","93.647"
"HHS","Administration for Children and Families (ACF) - State Court Improvement Program","93.586"
"HHS","Administration for Children and Families (ACF) - Stephanie Tubbs Jones Child Welfare Services Program","93.645"
"HHS","Administration for Children and Families (ACF) - Temporary Assistance for Needy Families","93.558"
"HHS","Administration for Children and Families (ACF) - Title IV-E Kinship Navigator Program","93.471"
"HHS","Administration for Children and Families (ACF) - Title IV-E Prevention Program","93.472"
"HHS","Administration for Children and Families (ACF) - Title V Sexual Risk Avoidance Education Program (Discretionary Grants)","93.787"
"HHS","Administration for Children and Families (ACF) - Title V State Sexual Risk Avoidance Education (Title V State SRAE) Program","93.235"
"HHS","Administration for Children and Families (ACF) - Transitional Living for Homeless Youth","93.55"
"HHS","Administration for Children and Families (ACF) - Tribal Maternal, Infant, and Early Childhood Home Visiting","93.872"
"HHS","Administration for Children and Families (ACF) - Unaccompanied Alien Children Program","93.676"
"HHS","Administration for Community Living (ACL) - Aging Programs","93.072"
"HHS","Administration for Community Living (ACL) - Aging Programs","93.747"
"HHS","Administration for Community Living (ACL) - Aging Programs","93.041"
"HHS","Administration for Community Living (ACL) - Alzheimers Programs","93.47"
"HHS","Administration for Community Living (ACL) - Assistive Technology Programs","93.464"
"HHS","Administration for Community Living (ACL) - Court Improvement Program (CIP) Discretionary Programs","93.586"
"HHS","Administration for Community Living (ACL) - Court Improvement Program (CIP) Formula Programs","93.586"
"HHS","Administration for Community Living (ACL) - Developmental Disabilities (DD) Council Formula Program","93.63"
"HHS","Administration for Community Living (ACL) - Disabilities Discretionary Programs","93.325"
"HHS","Administration for Community Living (ACL) - Disabilities Discretionary Programs","93.433"
"HHS","Administration for Community Living (ACL) - Disabilities Discretionary Programs","93.631"
"HHS","Administration for Community Living (ACL) - Disabilities Discretionary Programs","93.632"
"HHS","Administration for Community Living (ACL) - Disabilities Discretionary Programs","93.234"
"HHS","Administration for Community Living (ACL) - Independent Living Programs","93.369"
"HHS","Administration for Community Living (ACL) - Independent Living Programs","93.432"
"HHS","Administration for Community Living (ACL) - Nutrition Services Incentive Program (NSIP) Formula Program","93.053"
"HHS","Administration for Community Living (ACL) - Protection & Advocacy Programs","93.843"
"HHS","Administration for Community Living (ACL) - Protection & Advocacy Programs","93.618"
"HHS","Administration for Community Living (ACL) - Protection & Advocacy Programs","93.873"
"HHS","Administration for Community Living (ACL) - Protection & Advocacy Programs","93.63"
"HHS","Administration for Community Living (ACL) - State Aging Formula Programs","93.042"
"HHS","Administration for Community Living (ACL) - State Aging Formula Programs","93.043"
"HHS","Administration for Community Living (ACL) - State Aging Formula Programs","93.044"
"HHS","Administration for Community Living (ACL) - State Aging Formula Programs","93.045"
"HHS","Administration for Community Living (ACL) - State Aging Formula Programs","93.052"
"HHS","Administration for Community Living (ACL) - State Aging Formula Programs","93.041"
"HHS","Administration for Community Living (ACL) - Tribal Aging Formula Program","93.047"
"HHS","Administration for Community Living (ACL) - Tribal Aging Formula Program","93.054"
"HHS","Administration for Strategic Preparedness and Response (ASPR) - Contract Management and Acquisitions","93.388"
"HHS","Administration for Strategic Preparedness and Response (ASPR) - Contract Management and Acquisitions","93.36"
"HHS","Administration for Strategic Preparedness and Response (ASPR) - Management Operations","93.388"
"HHS","Administration for Strategic Preparedness and Response (ASPR) - Management Operations","93.36"
"HHS","Administration for Strategic Preparedness and Response (ASPR) - Medical Countermeasures Program","93.388"
"HHS","Administration for Strategic Preparedness and Response (ASPR) - Medical Countermeasures Program","93.36"
"HHS","Administration for Strategic Preparedness and Response (ASPR) - Medical Countermeasures Program Support Services","93.388"
"HHS","Administration for Strategic Preparedness and Response (ASPR) - Medical Countermeasures Program Support Services","93.36"
"HHS","Administration for Strategic Preparedness and Response (ASPR) - Health Care Readiness","93.835"
"HHS","Administration for Strategic Preparedness and Response (ASPR) - Office of Security, Vetting, and Protection","93.835"
"HHS","Agency for Healthcare Research and Quality (AHRQ) - Research on Health Costs, Quality, and Outcomes","93.226"
"HHS","Centers for Disease Control and Prevention (CDC) - Office of Readiness and Response","93.069"
"HHS","Centers for Disease Control and Prevention (CDC) - Office of Readiness and Response","93.316"
"HHS","Centers for Disease Control and Prevention (CDC) - Office of Readiness and Response","93.354"
"HHS","Centers for Disease Control and Prevention (CDC) - Office of Readiness and Response","93.684"
"HHS","Centers for Disease Control and Prevention (CDC) - Global Health Center","93.067"
"HHS","Centers for Disease Control and Prevention (CDC) - Global Health Center","93.269"
"HHS","Centers for Disease Control and Prevention (CDC) - Global Health Center","93.326"
"HHS","Centers for Disease Control and Prevention (CDC) - Global Health Center","93.494"
"HHS","Centers for Disease Control and Prevention (CDC) - Global Health Center","93.099"
"HHS","Centers for Disease Control and Prevention (CDC) - Global Health Center","93.185"
"HHS","Centers for Disease Control and Prevention (CDC) - Global Health Center","93.084"
"HHS","Centers for Disease Control and Prevention (CDC) - Global Health Center","93.283"
"HHS","Centers for Disease Control and Prevention (CDC) - Global Health Center","93.947"
"HHS","Centers for Disease Control and Prevention (CDC) - Global Health Center","93.318"
"HHS","Centers for Disease Control and Prevention (CDC) - National Center for Chronic Disease Prevention and Health Promotion","93.988"
"HHS","Centers for Disease Control and Prevention (CDC) - National Center for Chronic Disease Prevention and Health Promotion","93.068"
"HHS","Centers for Disease Control and Prevention (CDC) - National Center for Chronic Disease Prevention and Health Promotion","93.135"
"HHS","Centers for Disease Control and Prevention (CDC) - National Center for Chronic Disease Prevention and Health Promotion","93.304"
"HHS","Centers for Disease Control and Prevention (CDC) - National Center for Chronic Disease Prevention and Health Promotion","93.319"
"HHS","Centers for Disease Control and Prevention (CDC) - National Center for Chronic Disease Prevention and Health Promotion","93.334"
"HHS","Centers for Disease Control and Prevention (CDC) - National Center for Chronic Disease Prevention and Health Promotion","93.348"
"HHS","Centers for Disease Control and Prevention (CDC) - National Center for Chronic Disease Prevention and Health Promotion","93.349"
"HHS","Centers for Disease Control and Prevention (CDC) - National Center for Chronic Disease Prevention and Health Promotion","93.366"
"HHS","Centers for Disease Control and Prevention (CDC) - National Center for Chronic Disease Prevention and Health Promotion","93.376"
"HHS","Centers for Disease Control and Prevention (CDC) - National Center for Chronic Disease Prevention and Health Promotion","93.377"
"HHS","Centers for Disease Control and Prevention (CDC) - National Center for Chronic Disease Prevention and Health Promotion","93.387"
"HHS","Centers for Disease Control and Prevention (CDC) - National Center for Chronic Disease Prevention and Health Promotion","93.422"
"HHS","Centers for Disease Control and Prevention (CDC) - National Center for Chronic Disease Prevention and Health Promotion","93.426"
"HHS","Centers for Disease Control and Prevention (CDC) - National Center for Chronic Disease Prevention and Health Promotion","93.427"
"HHS","Centers for Disease Control and Prevention (CDC) - National Center for Chronic Disease Prevention and Health Promotion","93.431"
"HHS","Centers for Disease Control and Prevention (CDC) - National Center for Chronic Disease Prevention and Health Promotion","93.436"
"HHS","Centers for Disease Control and Prevention (CDC) - National Center for Chronic Disease Prevention and Health Promotion","93.439"
"HHS","Centers for Disease Control and Prevention (CDC) - National Center for Chronic Disease Prevention and Health Promotion","93.446"
"HHS","Centers for Disease Control and Prevention (CDC) - National Center for Chronic Disease Prevention and Health Promotion","93.465"
"HHS","Centers for Disease Control and Prevention (CDC) - National Center for Chronic Disease Prevention and Health Promotion","93.478"
"HHS","Centers for Disease Control and Prevention (CDC) - National Center for Chronic Disease Prevention and Health Promotion","93.479"
"HHS","Centers for Disease Control and Prevention (CDC) - National Center for Chronic Disease Prevention and Health Promotion","93.495"
"HHS","Centers for Disease Control and Prevention (CDC) - National Center for Chronic Disease Prevention and Health Promotion","93.649"
"HHS","Centers for Disease Control and Prevention (CDC) - National Center for Chronic Disease Prevention and Health Promotion","93.762"
"HHS","Centers for Disease Control and Prevention (CDC) - National Center for Chronic Disease Prevention and Health Promotion","93.8"
"HHS","Centers for Disease Control and Prevention (CDC) - National Center for Chronic Disease Prevention and Health Promotion","93.809"
"HHS","Centers for Disease Control and Prevention (CDC) - National Center for Chronic Disease Prevention and Health Promotion","93.81"
"HHS","Centers for Disease Control and Prevention (CDC) - National Center for Chronic Disease Prevention and Health Promotion","93.816"
"HHS","Centers for Disease Control and Prevention (CDC) - National Center for Chronic Disease Prevention and Health Promotion","93.832"
"HHS","Centers for Disease Control and Prevention (CDC) - National Center for Chronic Disease Prevention and Health Promotion","93.833"
"HHS","Centers for Disease Control and Prevention (CDC) - National Center for Chronic Disease Prevention and Health Promotion","93.845"
"HHS","Centers for Disease Control and Prevention (CDC) - National Center for Chronic Disease Prevention and Health Promotion","93.85"
"HHS","Centers for Disease Control and Prevention (CDC) - National Center for Chronic Disease Prevention and Health Promotion","93.858"
"HHS","Centers for Disease Control and Prevention (CDC) - National Center for Chronic Disease Prevention and Health Promotion","93.898"
"HHS","Centers for Disease Control and Prevention (CDC) - National Center for Chronic Disease Prevention and Health Promotion","93.945"
"HHS","Centers for Disease Control and Prevention (CDC) - National Center for Chronic Disease Prevention and Health Promotion","93.946"
"HHS","Centers for Disease Control and Prevention (CDC) - National Center for Chronic Disease Prevention and Health Promotion","93.981"
"HHS","Centers for Disease Control and Prevention (CDC) - National Center for Emerging and Zoonotic Infectious Diseases","93.317"
"HHS","Centers for Disease Control and Prevention (CDC) - National Center for Emerging and Zoonotic Infectious Diseases","93.323"
"HHS","Centers for Disease Control and Prevention (CDC) - National Center for Emerging and Zoonotic Infectious Diseases","93.86"
"HHS","Centers for Disease Control and Prevention (CDC) - National Center for Emerging and Zoonotic Infectious Diseases","93.099"
"HHS","Centers for Disease Control and Prevention (CDC) - National Center for Emerging and Zoonotic Infectious Diseases","93.421"
"HHS","Centers for Disease Control and Prevention (CDC) - National Center for Emerging and Zoonotic Infectious Diseases","93.772"
"HHS","Centers for Disease Control and Prevention (CDC) - National Center for Emerging and Zoonotic Infectious Diseases","93.084"
"HHS","Centers for Disease Control and Prevention (CDC) - National Center for Emerging and Zoonotic Infectious Diseases","93.283"
"HHS","Centers for Disease Control and Prevention (CDC) - National Center for Emerging and Zoonotic Infectious Diseases","93.947"
"HHS","Centers for Disease Control and Prevention (CDC) - National Center for Emerging and Zoonotic Infectious Diseases","93.318"
"HHS","Centers for Disease Control and Prevention (CDC) - National Center for Environmental Health/Agency for Toxic Substances and Disease Registry (ATSDR)","93.061"
"HHS","Centers for Disease Control and Prevention (CDC) - National Center for Environmental Health/Agency for Toxic Substances and Disease Registry (ATSDR)","93.065"
"HHS","Centers for Disease Control and Prevention (CDC) - National Center for Environmental Health/Agency for Toxic Substances and Disease Registry (ATSDR)","93.07"
"HHS","Centers for Disease Control and Prevention (CDC) - National Center for Environmental Health/Agency for Toxic Substances and Disease Registry (ATSDR)","93.161"
"HHS","Centers for Disease Control and Prevention (CDC) - National Center for Environmental Health/Agency for Toxic Substances and Disease Registry (ATSDR)","93.197"
"HHS","Centers for Disease Control and Prevention (CDC) - National Center for Environmental Health/Agency for Toxic Substances and Disease Registry (ATSDR)","93.24"
"HHS","Centers for Disease Control and Prevention (CDC) - National Center for Environmental Health/Agency for Toxic Substances and Disease Registry (ATSDR)","93.534"
"HHS","Centers for Disease Control and Prevention (CDC) - National Center for Health Statistics","93.066"
"HHS","Centers for Disease Control and Prevention (CDC) - National Center for HIV, Viral Hepatitis, STD, and TB Prevention","93.079"
"HHS","Centers for Disease Control and Prevention (CDC) - National Center for HIV, Viral Hepatitis, STD, and TB Prevention","93.116"
"HHS","Centers for Disease Control and Prevention (CDC) - National Center for HIV, Viral Hepatitis, STD, and TB Prevention","93.118"
"HHS","Centers for Disease Control and Prevention (CDC) - National Center for HIV, Viral Hepatitis, STD, and TB Prevention","93.27"
"HHS","Centers for Disease Control and Prevention (CDC) - National Center for HIV, Viral Hepatitis, STD, and TB Prevention","93.488"
"HHS","Centers for Disease Control and Prevention (CDC) - National Center for HIV, Viral Hepatitis, STD, and TB Prevention","93.834"
"HHS","Centers for Disease Control and Prevention (CDC) - National Center for HIV, Viral Hepatitis, STD, and TB Prevention","93.939"
"HHS","Centers for Disease Control and Prevention (CDC) - National Center for HIV, Viral Hepatitis, STD, and TB Prevention","93.94"
"HHS","Centers for Disease Control and Prevention (CDC) - National Center for HIV, Viral Hepatitis, STD, and TB Prevention","93.941"
"HHS","Centers for Disease Control and Prevention (CDC) - National Center for HIV, Viral Hepatitis, STD, and TB Prevention","93.943"
"HHS","Centers for Disease Control and Prevention (CDC) - National Center for HIV, Viral Hepatitis, STD, and TB Prevention","93.944"
"HHS","Centers for Disease Control and Prevention (CDC) - National Center for HIV, Viral Hepatitis, STD, and TB Prevention","93.977"
"HHS","Centers for Disease Control and Prevention (CDC) - National Center for HIV, Viral Hepatitis, STD, and TB Prevention","93.978"
"HHS","Centers for Disease Control and Prevention (CDC) - National Center for HIV, Viral Hepatitis, STD, and TB Prevention","93.084"
"HHS","Centers for Disease Control and Prevention (CDC) - National Center for HIV, Viral Hepatitis, STD, and TB Prevention","93.947"
"HHS","Centers for Disease Control and Prevention (CDC) - National Center for HIV, Viral Hepatitis, STD, and TB Prevention","93.318"
"HHS","Centers for Disease Control and Prevention (CDC) - National Center for Immunization and Respiratory Diseases","93.083"
"HHS","Centers for Disease Control and Prevention (CDC) - National Center for Immunization and Respiratory Diseases","93.268"
"HHS","Centers for Disease Control and Prevention (CDC) - National Center for Immunization and Respiratory Diseases","93.185"
"HHS","Centers for Disease Control and Prevention (CDC) - National Center for Immunization and Respiratory Diseases","93.318"
"HHS","Centers for Disease Control and Prevention (CDC) - National Center for Injury Prevention and Control","93.136"
"HHS","Centers for Disease Control and Prevention (CDC) - National Center for Injury Prevention and Control","93.276"
"HHS","Centers for Disease Control and Prevention (CDC) - National Center for Injury Prevention and Control","93.799"
"HHS","Centers for Disease Control and Prevention (CDC) - National Center for State, Tribal, Local, and Territorial Public Health Infrastructure and Workforce","93.322"
"HHS","Centers for Disease Control and Prevention (CDC) - National Center for State, Tribal, Local, and Territorial Public Health Infrastructure and Workforce","93.391"
"HHS","Centers for Disease Control and Prevention (CDC) - National Center for State, Tribal, Local, and Territorial Public Health Infrastructure and Workforce","93.874"
"HHS","Centers for Disease Control and Prevention (CDC) - National Center for State, Tribal, Local, and Territorial Public Health Infrastructure and Workforce","93.967"
"HHS","Centers for Disease Control and Prevention (CDC) - National Center for State, Tribal, Local, and Territorial Public Health Infrastructure and Workforce","93.991"
"HHS","Centers for Disease Control and Prevention (CDC) - National Center for State, Tribal, Local, and Territorial Public Health Infrastructure and Workforce","93.421"
"HHS","Centers for Disease Control and Prevention (CDC) - National Center for State, Tribal, Local, and Territorial Public Health Infrastructure and Workforce","93.772"
"HHS","Centers for Disease Control and Prevention (CDC) - National Center for State, Tribal, Local, and Territorial Public Health Infrastructure and Workforce","93.097"
"HHS","Centers for Disease Control and Prevention (CDC) - National Center on Birth Defects and Developmental Disabilities","93.073"
"HHS","Centers for Disease Control and Prevention (CDC) - National Center on Birth Defects and Developmental Disabilities","93.08"
"HHS","Centers for Disease Control and Prevention (CDC) - National Center on Birth Defects and Developmental Disabilities","93.184"
"HHS","Centers for Disease Control and Prevention (CDC) - National Center on Birth Defects and Developmental Disabilities","93.262"
"HHS","Centers for Disease Control and Prevention (CDC) - National Center on Birth Defects and Developmental Disabilities","93.314"
"HHS","Centers for Disease Control and Prevention (CDC) - National Center on Birth Defects and Developmental Disabilities","93.315"
"HHS","Centers for Disease Control and Prevention (CDC) - National Center on Birth Defects and Developmental Disabilities","93.998"
"HHS","Centers for Disease Control and Prevention (CDC) - Office of the Director","93.456"
"HHS","Centers for Disease Control and Prevention (CDC) - Office of the Director","93.283"
"HHS","Centers for Medicare & Medicaid Services (CMS) - ACO REACH (Medicare Part A)","93.773"
"HHS","Centers for Medicare & Medicaid Services (CMS) - ACO REACH (Medicare Part B)","93.774"
"HHS","Centers for Medicare & Medicaid Services (CMS) - Basic Health Program","93.64"
"HHS","Centers for Medicare & Medicaid Services (CMS) - Children's Health Insurance Program (CHIP)","93.767"
"HHS","Centers for Medicare & Medicaid Services (CMS) - ESRD Networks","93.774"
"HHS","Centers for Medicare & Medicaid Services (CMS) - Financial Alignment Initiative for Medicare-Medicaid Enrollees","93.634"
"HHS","Centers for Medicare & Medicaid Services (CMS) - Integrated Care for Kids Model","93.378"
"HHS","Centers for Medicare & Medicaid Services (CMS) - Kidney Care Choices (Benefits)","93.774"
"HHS","Centers for Medicare & Medicaid Services (CMS) - Maryland Total Cost of Care (Benefits)","93.774"
"HHS","Centers for Medicare & Medicaid Services (CMS) - Medicaid","93.771"
"HHS","Centers for Medicare & Medicaid Services (CMS) - Medicaid Fraud Control Units","93.775"
"HHS","Centers for Medicare & Medicaid Services (CMS) - Medicare Advantage (Part C)","93.774"
"HHS","Centers for Medicare & Medicaid Services (CMS) - Medicare Fee-for-Service (FFS)","93.774"
"HHS","Centers for Medicare & Medicaid Services (CMS) - Medicare Fee-for-Service (FFS)","57.006"
"HHS","Centers for Medicare & Medicaid Services (CMS) - Medicare Fee-for-Service (FFS)","93.773"
"HHS","Centers for Medicare & Medicaid Services (CMS) - Medicare Fee-for-Service (FFS)","93.773"
"HHS","Centers for Medicare & Medicaid Services (CMS) - Medicare Independence at Home (Benefits)","93.774"
"HHS","Centers for Medicare & Medicaid Services (CMS) - Medicare Prescription Drug Benefit (Part D)","93.77"
"HHS","Centers for Medicare & Medicaid Services (CMS) - Medicare Shared Savings (Hospital Insurance)","93.773"
"HHS","Centers for Medicare & Medicaid Services (CMS) - Medicare Shared Savings (Supplementary Medical Insurance)","93.774"
"HHS","Centers for Medicare & Medicaid Services (CMS) - Money Follows the Person Demonstration","93.791"
"HHS","Centers for Medicare & Medicaid Services (CMS) - Navigator Grants","93.332"
"HHS","Centers for Medicare & Medicaid Services (CMS) - Oncology Care Model (Benefits)","93.774"
"HHS","Centers for Medicare & Medicaid Services (CMS) - Over the Counter COVID-19 Test Benefits","93.774"
"HHS","Centers for Medicare & Medicaid Services (CMS) - Primary Care First (Benefits)","93.774"
"HHS","Centers for Medicare & Medicaid Services (CMS) - Primary Care First Model Options","93.774"
"HHS","Centers for Medicare & Medicaid Services (CMS) - Private Insurance Innovation Waivers","93.423"
"HHS","Centers for Medicare & Medicaid Services (CMS) - Survey and Certification (Grants to States for Medicaid)","93.796"
"HHS","Centers for Medicare & Medicaid Services (CMS) - Survey and Certification (Medicare Fee-for-Service)","93.777"
"HHS","Food and Drug Administration (FDA) - Animal Drugs and Feed","93.876"
"HHS","Food and Drug Administration (FDA) - Animal Drugs and Feed","93.367"
"HHS","Food and Drug Administration (FDA) - Animal Drugs and Feed","93.103"
"HHS","Food and Drug Administration (FDA) - Center for Biologics","93.367"
"HHS","Food and Drug Administration (FDA) - Center for Biologics","93.103"
"HHS","Food and Drug Administration (FDA) - Center for Devices and Radiological Health","93.367"
"HHS","Food and Drug Administration (FDA) - Center for Devices and Radiological Health","93.103"
"HHS","Food and Drug Administration (FDA) - Coronavirus Emergency Funding Supplemental","93.103"
"HHS","Food and Drug Administration (FDA) - CURES Activities","93.103"
"HHS","Food and Drug Administration (FDA) - Foods","93.367"
"HHS","Food and Drug Administration (FDA) - Foods","93.103"
"HHS","Food and Drug Administration (FDA) - Human Drugs","93.367"
"HHS","Food and Drug Administration (FDA) - Human Drugs","93.103"
"HHS","Food and Drug Administration (FDA) - National Center for Toxicological Research","93.103"
"HHS","Food and Drug Administration (FDA) - Other Headquarters Activities","93.103"
"HHS","Food and Drug Administration (FDA) - Reimbursable Program - Federal Sources","93.103"
"HHS","Food and Drug Administration (FDA) - User Fees (Non General Fund)","93.103"
"HHS","Food and Drug Administration (FDA) - Working Capital Fund","93.103"
"HHS","Indian Health Service (IHS) - Health Education (Preventive Health)","93.284"
"HHS","Indian Health Service (IHS) - Health Education (Preventive Health)","93.653"
"HHS","Health Resources and Services Administration (HRSA) - Health Care Systems","93.253"
"HHS","Health Resources and Services Administration (HRSA) - Health Care Systems","93.134"
"HHS","Health Resources and Services Administration (HRSA) - Health Workforce","93.107"
"HHS","Health Resources and Services Administration (HRSA) - Health Workforce","93.117"
"HHS","Health Resources and Services Administration (HRSA) - Health Workforce","93.124"
"HHS","Health Resources and Services Administration (HRSA) - Health Workforce","93.178"
"HHS","Health Resources and Services Administration (HRSA) - Health Workforce","93.191"
"HHS","Health Resources and Services Administration (HRSA) - Health Workforce","93.236"
"HHS","Health Resources and Services Administration (HRSA) - Health Workforce","93.247"
"HHS","Health Resources and Services Administration (HRSA) - Health Workforce","93.25"
"HHS","Health Resources and Services Administration (HRSA) - Health Workforce","93.255"
"HHS","Health Resources and Services Administration (HRSA) - Health Workforce","93.264"
"HHS","Health Resources and Services Administration (HRSA) - Health Workforce","93.359"
"HHS","Health Resources and Services Administration (HRSA) - Health Workforce","93.516"
"HHS","Health Resources and Services Administration (HRSA) - Health Workforce","93.68"
"HHS","Health Resources and Services Administration (HRSA) - Health Workforce","93.822"
"HHS","Health Resources and Services Administration (HRSA) - Health Workforce","93.923"
"HHS","Health Resources and Services Administration (HRSA) - Health Workforce","93.925"
"HHS","Health Resources and Services Administration (HRSA) - Health Workforce","93.969"
"HHS","Health Resources and Services Administration (HRSA) - Health Workforce","93.976"
"HHS","Health Resources and Services Administration (HRSA) - Health Workforce","93.13"
"HHS","Health Resources and Services Administration (HRSA) - Health Workforce","93.157"
"HHS","Health Resources and Services Administration (HRSA) - Health Workforce","93.157"
"HHS","Health Resources and Services Administration (HRSA) - Health Workforce","93.162"
"HHS","Health Resources and Services Administration (HRSA) - Health Workforce","93.3"
"HHS","Health Resources and Services Administration (HRSA) - Health Workforce","93.364"
"HHS","Health Resources and Services Administration (HRSA) - Health Workforce","93.884"
"HHS","Health Resources and Services Administration (HRSA) - Health Workforce","93.908"
"HHS","Health Resources and Services Administration (HRSA) - Health Workforce","93.129"
"HHS","Health Resources and Services Administration (HRSA) - Health Workforce","93.011"
"HHS","Health Resources and Services Administration (HRSA) - Health Workforce","93.059"
"HHS","Health Resources and Services Administration (HRSA) - Health Workforce","93.156"
"HHS","Health Resources and Services Administration (HRSA) - Health Workforce","93.249"
"HHS","Health Resources and Services Administration (HRSA) - Health Workforce","93.329"
"HHS","Health Resources and Services Administration (HRSA) - Health Workforce","93.33"
"HHS","Health Resources and Services Administration (HRSA) - Health Workforce","93.358"
"HHS","Health Resources and Services Administration (HRSA) - Health Workforce","93.622"
"HHS","Health Resources and Services Administration (HRSA) - Health Workforce","93.824"
"HHS","Health Resources and Services Administration (HRSA) - Health Workforce","93.9"
"HHS","Health Resources and Services Administration (HRSA) - Health Workforce","93.547"
"HHS","Health Resources and Services Administration (HRSA) - Health Workforce","93.7"
"HHS","Health Resources and Services Administration (HRSA) - Health Workforce","93.732"
"HHS","Health Resources and Services Administration (HRSA) - Health Workforce","93.303"
"HHS","Health Resources and Services Administration (HRSA) - Health Workforce","93.155"
"HHS","Health Resources and Services Administration (HRSA) - Health Workforce (Mandatory)","93.165"
"HHS","Health Resources and Services Administration (HRSA) - Health Workforce (Mandatory)","93.288"
"HHS","Health Resources and Services Administration (HRSA) - Health Workforce (Mandatory)","93.501"
"HHS","Health Resources and Services Administration (HRSA) - Health Workforce (Mandatory)","93.53"
"HHS","Health Resources and Services Administration (HRSA) - Health Workforce (Mandatory)","93.162"
"HHS","Health Resources and Services Administration (HRSA) - Health Workforce (Mandatory)","93.732"
"HHS","Health Resources and Services Administration (HRSA) - Health Workforce (Mandatory)","93.908"
"HHS","Health Resources and Services Administration (HRSA) - Health Workforce (Mandatory)","93.547"
"HHS","Health Resources and Services Administration (HRSA) - Health Workforce (Mandatory)","93.303"
"HHS","Health Resources and Services Administration (HRSA) - Health Workforce (Mandatory)","93.155"
"HHS","Health Resources and Services Administration (HRSA) - Maternal & Child Health (Discretionary)","93.127"
"HHS","Health Resources and Services Administration (HRSA) - Maternal & Child Health (Discretionary)","93.251"
"HHS","Health Resources and Services Administration (HRSA) - Maternal & Child Health (Discretionary)","93.365"
"HHS","Health Resources and Services Administration (HRSA) - Maternal & Child Health (Discretionary)","93.926"
"HHS","Health Resources and Services Administration (HRSA) - Maternal & Child Health (Discretionary)","93.994"
"HHS","Health Resources and Services Administration (HRSA) - Maternal & Child Health (Discretionary)","93.211"
"HHS","Health Resources and Services Administration (HRSA) - Maternal & Child Health (Discretionary)","93.11"
"HHS","Health Resources and Services Administration (HRSA) - Maternal & Child Health (Discretionary)","93.912"
"HHS","Health Resources and Services Administration (HRSA) - Maternal & Child Health (Discretionary)","93.267"
"HHS","Health Resources and Services Administration (HRSA) - Maternal & Child Health (Discretionary)","93.887"
"HHS","Health Resources and Services Administration (HRSA) - Maternal & Child Health (Discretionary)","93.234"
"HHS","Health Resources and Services Administration (HRSA) - Maternal & Child Health (Discretionary)","93.528"
"HHS","Health Resources and Services Administration (HRSA) - Maternal & Child Health (Mandatory)","93.504"
"HHS","Health Resources and Services Administration (HRSA) - Maternal & Child Health (Mandatory)","93.11"
"HHS","Health Resources and Services Administration (HRSA) - Maternal & Child Health (Mandatory)","93.87"
"HHS","Health Resources and Services Administration (HRSA) - Maternal, Infant, and Early Childhood Home Visiting Programs","93.87"
"HHS","Health Resources and Services Administration (HRSA) - Maternal, Infant, and Early Childhood Home Visiting Programs","93.87"
"HHS","Health Resources and Services Administration (HRSA) - Program Management","93.498"
"HHS","Health Resources and Services Administration (HRSA) - Program Management","93.011"
"HHS","Health Resources and Services Administration (HRSA) - Program Management","93.493"
"HHS","Health Resources and Services Administration (HRSA) - Program Management","93.155"
"HHS","Health Resources and Services Administration (HRSA) - Reimbursable","93.186"
"HHS","Health Resources and Services Administration (HRSA) - Reimbursable","93.342"
"HHS","Health Resources and Services Administration (HRSA) - Reimbursable","93.364"
"HHS","Health Resources and Services Administration (HRSA) - Reimbursable","93.303"
"HHS","Health Resources and Services Administration (HRSA) - Reimbursable","93.912"
"HHS","Health Resources and Services Administration (HRSA) - Reimbursable","93.011"
"HHS","Health Resources and Services Administration (HRSA) - Reimbursable","93.7"
"HHS","Health Resources and Services Administration (HRSA) - Rural Health","93.223"
"HHS","Health Resources and Services Administration (HRSA) - Rural Health","93.241"
"HHS","Health Resources and Services Administration (HRSA) - Rural Health","93.257"
"HHS","Health Resources and Services Administration (HRSA) - Rural Health","93.301"
"HHS","Health Resources and Services Administration (HRSA) - Rural Health","93.913"
"HHS","Health Resources and Services Administration (HRSA) - Rural Health","93.965"
"HHS","Health Resources and Services Administration (HRSA) - Rural Health","93.211"
"HHS","Health Resources and Services Administration (HRSA) - Rural Health","93.917"
"HHS","Health Resources and Services Administration (HRSA) - Rural Health","93.912"
"HHS","Health Resources and Services Administration (HRSA) - Rural Health","93.155"
"HHS","Health Resources and Services Administration (HRSA) - Ryan White HIV/AIDS","93.686"
"HHS","Health Resources and Services Administration (HRSA) - Ryan White HIV/AIDS","93.914"
"HHS","Health Resources and Services Administration (HRSA) - Ryan White HIV/AIDS","93.918"
"HHS","Health Resources and Services Administration (HRSA) - Ryan White HIV/AIDS","93.924"
"HHS","Health Resources and Services Administration (HRSA) - Ryan White HIV/AIDS","93.917"
"HHS","Health Resources and Services Administration (HRSA) - Ryan White HIV/AIDS","93.928"
"HHS","Health Resources and Services Administration (HRSA) - Ryan White HIV/AIDS","93.011"
"HHS","Health Resources and Services Administration (HRSA) - Ryan White HIV/AIDS","93.153"
"HHS","Health Resources and Services Administration (HRSA) - Ryan White HIV/AIDS","93.899"
"HHS","Health Resources and Services Administration (HRSA) - Ryan White HIV/AIDS","93.145"
"HHS","Indian Health Service (IHS) - Purchased/Referred Care (Clinical Services)","93.21"
"HHS","Indian Health Service (IHS) - Purchased/Referred Care (Clinical Services)","93.441"
"HHS","Indian Health Service (IHS) - Alcohol and Substance Abuse (Clinical Services)","93.21"
"HHS","Indian Health Service (IHS) - Alcohol and Substance Abuse (Clinical Services)","93.441"
"HHS","Indian Health Service (IHS) - Community Health Representatives (Preventive Health)","93.382"
"HHS","Indian Health Service (IHS) - Contract Support Costs","93.21"
"HHS","Indian Health Service (IHS) - Contract Support Costs","93.441"
"HHS","Indian Health Service (IHS) - Dental Services (Clinical Services)","93.21"
"HHS","Indian Health Service (IHS) - Dental Services (Clinical Services)","93.441"
"HHS","Indian Health Service (IHS) - Diabetes Funds","93.237"
"HHS","Indian Health Service (IHS) - Electronic Health Record System (Clinical Services)","93.21"
"HHS","Indian Health Service (IHS) - Electronic Health Record System (Clinical Services)","93.441"
"HHS","Indian Health Service (IHS) - Hospitals and Health Clinics (Clinical Services)","93.231"
"HHS","Indian Health Service (IHS) - Hospitals and Health Clinics (Clinical Services)","93.21"
"HHS","Indian Health Service (IHS) - Hospitals and Health Clinics (Clinical Services)","93.441"
"HHS","Indian Health Service (IHS) - Indian Health Care Improvement Fund (Clinical Services)","93.21"
"HHS","Indian Health Service (IHS) - Indian Health Care Improvement Fund (Clinical Services)","93.441"
"HHS","Indian Health Service (IHS) - Indian Health Professions","93.123"
"HHS","Indian Health Service (IHS) - Indian Health Professions","93.164"
"HHS","Indian Health Service (IHS) - Indian Health Professions","93.97"
"HHS","Indian Health Service (IHS) - Indian Health Professions","93.971"
"HHS","Indian Health Service (IHS) - Indian Health Professions","93.972"
"HHS","Indian Health Service (IHS) - Indian Health Professions","93.228"
"HHS","Indian Health Service (IHS) - Mental Health (Clinical Services)","93.654"
"HHS","Indian Health Service (IHS) - Public Health Nursing (Preventive Health)","93.383"
"HHS","Indian Health Service (IHS) - Urban Health","93.193"
"HHS","National Institutes of Health (NIH) - Advanced Research Projects Agency for Health","93.384"
"HHS","National Institutes of Health (NIH) - Buildings and Facilities","93.31"
"HHS","National Institutes of Health (NIH) - Eunice K. Shriver National Institute of Child Health and Human Development","93.865"
"HHS","National Institutes of Health (NIH) - Fogarty International Center","93.934"
"HHS","National Institutes of Health (NIH) - National Cancer Institute","93.395"
"HHS","National Institutes of Health (NIH) - National Cancer Institute Frederick National Laboratory for Cancer Research/Federally Funded Research and Development Centers","93.395"
"HHS","National Institutes of Health (NIH) - National Center for Advancing Translational Sciences","93.35"
"HHS","National Institutes of Health (NIH) - National Center for Complementary and Integrative Health","93.213"
"HHS","National Institutes of Health (NIH) - National Eye Institute","93.867"
"HHS","National Institutes of Health (NIH) - National Heart, Lung, and Blood Institute","93.837"
"HHS","National Institutes of Health (NIH) - National Heart, Lung, and Blood Institute","93.838"
"HHS","National Institutes of Health (NIH) - National Heart, Lung, and Blood Institute","93.839"
"HHS","National Institutes of Health (NIH) - National Human Genome Research Institute","93.172"
"HHS","National Institutes of Health (NIH) - National Institute of Allergy and Infectious Diseases","93.855"
"HHS","National Institutes of Health (NIH) - National Institute of Arthritis and Musculoskeletal and Skin Diseases","93.846"
"HHS","National Institutes of Health (NIH) - National Institute of Biomedical Imaging and Bioengineering","93.859"
"HHS","National Institutes of Health (NIH) - National Institute of Dental and Craniofacial Research","93.121"
"HHS","National Institutes of Health (NIH) - National Institute of Diabetes and Digestive and Kidney Diseases","93.847"
"HHS","National Institutes of Health (NIH) - National Institute of Environmental Health Sciences","93.113"
"HHS","National Institutes of Health (NIH) - National Institute of Environmental Health Sciences","93.143"
"HHS","National Institutes of Health (NIH) - National Institute of General Medical Sciences","93.859"
"HHS","National Institutes of Health (NIH) - National Institute of Mental Health","93.242"
"HHS","National Institutes of Health (NIH) - National Institute of Neurological Disorders and Stroke","93.853"
"HHS","National Institutes of Health (NIH) - National Institute on Aging","93.866"
"HHS","National Institutes of Health (NIH) - National Institute on Alcohol Abuse and Alcoholism","93.273"
"HHS","National Institutes of Health (NIH) - National Institute on Deafness and Communication Disorders","93.173"
"HHS","National Institutes of Health (NIH) - National Institute on Drug Abuse","93.279"
"HHS","National Institutes of Health (NIH) - National Institute on Minority Health and Health Disparities","93.307"
"HHS","National Institutes of Health (NIH) - National Institute on Nursing Research","93.361"
"HHS","National Institutes of Health (NIH) - National Library of Medicine","93.879"
"HHS","National Institutes of Health (NIH) - Office of the Director","93.31"
"HHS","Office of the Assistant Secretary for Health (OASH) - Embryo Adoption Awareness Campaign","93.007"
"HHS","Office of the Assistant Secretary for Health (OASH) - Family Planning","93.217"
"HHS","Office of the Assistant Secretary for Health (OASH) - Family Planning","93.26"
"HHS","Office of the Assistant Secretary for Health (OASH) - Family Planning","93.974"
"HHS","Office of the Assistant Secretary for Health (OASH) - General Departmental Management","93.344"
"HHS","Office of the Assistant Secretary for Health (OASH) - General Departmental Management","93.99"
"HHS","Office of the Assistant Secretary for Health (OASH) - Minority HIV/AIDS Fund","93.899"
"HHS","Office of the Assistant Secretary for Health (OASH) - Office of Minority Health","93.137"
"HHS","Office of the Assistant Secretary for Health (OASH) - Office of Research Integrity","93.085"
"HHS","Office of the Assistant Secretary for Health (OASH) - Office of Research Integrity","93.085"
"HHS","Office of the Assistant Secretary for Health (OASH) - Office on Women's Health","93.088"
"HHS","Office of the Assistant Secretary for Health (OASH) - Teen Pregnancy Prevention","93.297"
"HHS","Substance Abuse and Mental Health Services Administration (SAMHSA) - 988 and Behavioral Health Crisis Coordinating Office","93.243"
"HHS","Substance Abuse and Mental Health Services Administration (SAMHSA) - Center for Substance Abuse Prevention - Minority AIDS","93.243"
"HHS","Substance Abuse and Mental Health Services Administration (SAMHSA) - Assisted Outpatient Treatment","93.997"
"HHS","Substance Abuse and Mental Health Services Administration (SAMHSA) - Building Communities of Recovery","93.243"
"HHS","Substance Abuse and Mental Health Services Administration (SAMHSA) - Certified Community Behavioral Health Clinics","93.696"
"HHS","Substance Abuse and Mental Health Services Administration (SAMHSA) - Certified Community Behavioral Health Clinics","93.696"
"HHS","Substance Abuse and Mental Health Services Administration (SAMHSA) - Children and Families","93.243"
"HHS","Substance Abuse and Mental Health Services Administration (SAMHSA) - Children's Mental Health Services","93.104"
"HHS","Substance Abuse and Mental Health Services Administration (SAMHSA) - Community Mental Health Services Block Grant","93.958"
"HHS","Substance Abuse and Mental Health Services Administration (SAMHSA) - Community Project Funding / Congressionally Directed Spending","93.493"
"HHS","Substance Abuse and Mental Health Services Administration (SAMHSA) - Criminal and Juvenile Justice Programs","93.243"
"HHS","Substance Abuse and Mental Health Services Administration (SAMHSA) - Criminal Justice Activities","93.243"
"HHS","Substance Abuse and Mental Health Services Administration (SAMHSA) - Mental Health Disaster Assistance and Emergency Mental Health","93.982"
"HHS","Substance Abuse and Mental Health Services Administration (SAMHSA) - First Responder Training","93.243"
"HHS","Substance Abuse and Mental Health Services Administration (SAMHSA) - Garret Lee Smith Youth Suicide Prevention Resource Center ","93.243"
"HHS","Substance Abuse and Mental Health Services Administration (SAMHSA) - Grants to Prevent Prescription Drug / Opioid Overdose","93.243"
"HHS","Substance Abuse and Mental Health Services Administration (SAMHSA) - Healthy Transitions","93.243"
"HHS","Substance Abuse and Mental Health Services Administration (SAMHSA) - Homelessness Prevention Programs","93.243"
"HHS","Substance Abuse and Mental Health Services Administration (SAMHSA) - Infant and Early Childhood Mental Health","93.243"
"HHS","Substance Abuse and Mental Health Services Administration (SAMHSA) - Linking Actions for Unmet Needs in Children's Health (Project LAUNCH)","93.243"
"HHS","Substance Abuse and Mental Health Services Administration (SAMHSA) - Mental Health Awareness Training","93.243"
"HHS","Substance Abuse and Mental Health Services Administration (SAMHSA) - Mental Health Crisis Response Grants","93.243"
"HHS","Substance Abuse and Mental Health Services Administration (SAMHSA) - Tribal Behavioral Health Grants","93.243"
"HHS","Substance Abuse and Mental Health Services Administration (SAMHSA) - Minority Fellowship Program","93.243"
"HHS","Substance Abuse and Mental Health Services Administration (SAMHSA) - National Child Traumatic Stress Initiative","93.243"
"HHS","Substance Abuse and Mental Health Services Administration (SAMHSA) - National Strategy on Suicide Prevention","93.243"
"HHS","Substance Abuse and Mental Health Services Administration (SAMHSA) - Opioid Treatment Programs / Regulatory Activities","93.243"
"HHS","Substance Abuse and Mental Health Services Administration (SAMHSA) - Pregnant & Postpartum Women","93.243"
"HHS","Substance Abuse and Mental Health Services Administration (SAMHSA) - Primary and Behavioral Health Care Integration","93.243"
"HHS","Substance Abuse and Mental Health Services Administration (SAMHSA) - Project AWARE","93.243"
"HHS","Substance Abuse and Mental Health Services Administration (SAMHSA) - Projects for Assistance in Transition from Homelessness","93.15"
"HHS","Substance Abuse and Mental Health Services Administration (SAMHSA) - Protection and Advocacy for Individuals with Mental Illness","93.138"
"HHS","Substance Abuse and Mental Health Services Administration (SAMHSA) - Screening, Brief Intervention and Referral to Treatment","93.243"
"HHS","Substance Abuse and Mental Health Services Administration (SAMHSA) - Sober Truth on Preventing Underage Drinking Act (STOP Act)","93.243"
"HHS","Substance Abuse and Mental Health Services Administration (SAMHSA) - State Opioid Response","93.788"
"HHS","Substance Abuse and Mental Health Services Administration (SAMHSA) - Strategic Prevention Framework","93.243"
"HHS","Substance Abuse and Mental Health Services Administration (SAMHSA) - Substance Use Prevention, Treatment, and Recovery Services Block Grant","93.959"
"HHS","Substance Abuse and Mental Health Services Administration (SAMHSA) - Center for Substance Abuse Treatment - Minority AIDS","93.243"
"HHS","Substance Abuse and Mental Health Services Administration (SAMHSA) - Targeted Capacity Expansion","93.243"
"HHS","Substance Abuse and Mental Health Services Administration (SAMHSA) - Treatment Systems for the Homeless","93.243"
"HHS","Substance Abuse and Mental Health Services Administration (SAMHSA) - Treatment, Recovery, and Workforce Support","93.243"
"HHS","Administration for Children and Families (ACF) - Grants to Culturally Specific Populations (American Rescue Plan)","93.496"
"HHS","Centers for Medicare & Medicaid Services (CMS) - Maternal Opioid Misuse Model","93.687"
"HHS","Administration for Children and Families (ACF) - Head Start Disaster Recovery","93.356"
"HHS","Administration for Children and Families (ACF) - Affordable Care Act (ACA) Tribal Maternal, Infant, and Early Childhood Home Visiting Program","93.508"
"HHS","Administration for Children and Families (ACF) - ARRA – Emergency Contingency Fund for Temporary Assistance for Needy Families (TANF) State Program","93.714"
"HHS","Administration for Children and Families (ACF) - Child Care Disaster Relief","93.489"
"HHS","Administration for Children and Families (ACF) - Child Support Enforcement Demonstrations and Special Projects","93.601"
"HHS","Administration for Children and Families (ACF) - Demonstration Grants for Domestic Victims of Human Trafficking","93.327"
"HHS","Administration for Children and Families (ACF) - Family Connection Grants","93.605"
"HHS","Administration for Children and Families (ACF) - Family Violence Prevention and Services/ Sexual Assault/Rape Crisis Services and Supports","93.497"
"HHS","Administration for Children and Families (ACF) - Health Profession Opportunity Grants","93.093"
"HHS","Administration for Children and Families (ACF) - Improving the Capability of Indian Tribal Governments to Regulate Environmental Quality","93.581"
"HHS","Administration for Children and Families (ACF) - Refugee and Entrant Assistance Targeted Assistance Grants","93.584"
"HHS","Administration for Children and Families (ACF) - Tribal Work Grants","93.594"
"HHS","Administration for Children and Families (ACF) - U.S. Repatriation","93.579"
"HHS","Administration for Children and Families (ACF) - Welfare Reform Research, Evaluations and National Studies","93.595"
"HHS","Administration for Community Living (ACL) - Chronic Disease Self-Management Education Programs ","93.734"
"HHS","Administration for Community Living (ACL) - Elder Justice Act – Adult Protective Services","93.698"
"HHS","Administration for Community Living (ACL) - Falls Prevention Programs","93.761"
"HHS","Administration for Community Living (ACL) - Medicare Enrollment Assistance Program","93.071"
"HHS","Centers for Disease Control and Prevention (CDC) - Center for Forecasting and Outbreak Analytics","93.823"
"HHS","Food and Drug Administration (FDA) - Cooperative Research and Development (CRADA)","93.103"
"HHS","Food and Drug Administration (FDA) - Food and Drug Administration Research","93.103"
"HHS","Food and Drug Administration (FDA) - Food and Drug Administration Research","93.103"
"HHS","Food and Drug Administration (FDA) - Seafood Safety Studies - GP Sec. 765","93.103"
"HHS","Health Resources and Services Administration (HRSA) - Primary Health Care (Discretionary) ","93.527"
"HHS","Health Resources and Services Administration (HRSA) - Primary Health Care (Discretionary) ","93.884"
"HHS","Health Resources and Services Administration (HRSA) - Primary Health Care (Discretionary) ","93.932"
"HHS","Health Resources and Services Administration (HRSA) - Primary Health Care (Discretionary) ","93.11"
"HHS","Health Resources and Services Administration (HRSA) - Primary Health Care (Discretionary) ","93.011"
"HHS","Health Resources and Services Administration (HRSA) - Primary Health Care (Discretionary) ","93.13"
"HHS","Health Resources and Services Administration (HRSA) - Primary Health Care (Discretionary) ","93.224"
"HHS","Health Resources and Services Administration (HRSA) - Primary Health Care (Discretionary) ","93.3"
"HHS","Health Resources and Services Administration (HRSA) - Primary Health Care (Discretionary) ","93.528"
"HHS","Health Resources and Services Administration (HRSA) - Primary Health Care (Discretionary) ","93.928"
"HHS","Health Resources and Services Administration (HRSA) - Primary Health Care (Discretionary) ","93.129"
"HHS","Health Resources and Services Administration (HRSA) - Primary Health Care (Discretionary) ","93.145"
"HHS","Health Resources and Services Administration (HRSA) - Primary Health Care (Discretionary) ","93.493"
"HHS","Health Resources and Services Administration (HRSA) - Primary Health Care (Discretionary) ","93.155"
"HHS","Health Resources and Services Administration (HRSA) - Primary Health Care (Mandatory)","93.526"
"HHS","Health Resources and Services Administration (HRSA) - Primary Health Care (Mandatory)","93.932"
"HHS","Health Resources and Services Administration (HRSA) - Primary Health Care (Mandatory)","93.224"
"HHS","Health Resources and Services Administration (HRSA) - Primary Health Care (Mandatory)","93.527"
"HHS","Health Resources and Services Administration (HRSA) - Primary Health Care (Mandatory)","93.129"
"HHS","Health Resources and Services Administration (HRSA) - Primary Health Care (Mandatory)","93.145"
"HHS","Health Resources and Services Administration (HRSA) - Primary Health Care (Mandatory)","93.155"
"HHS","Indian Health Service (IHS) - Self-Governance","15.022"
"HHS","Indian Health Service (IHS) - Tribal Management","93.228"
"HHS","National Institutes of Health (NIH) - Center for Information Technology","93.31"
"HHS","National Institutes of Health (NIH) - NIH Clinical Center","93.31"
"HHS","National Institutes of Health (NIH) - NIH Purchase Card Program ","93.31"
"HHS","Substance Abuse and Mental Health Services Administration (SAMHSA) - Certified Community Behavioral Health Clinics Planning Grants","93.829"
"HHS","Substance Abuse and Mental Health Services Administration (SAMHSA) - Community Harm Reduction and Engagement Initiative","93.243"
"HHS","Substance Abuse and Mental Health Services Administration (SAMHSA) - Community Mental Health Centers","93.958"
"HHS","Substance Abuse and Mental Health Services Administration (SAMHSA) - Emergency Grants to Address Mental and Substance Use Disorders During COVID-19","93.665"
"HHS","Substance Abuse and Mental Health Services Administration (SAMHSA) - Garret Lee Smith - Youth Suicide Prevention - States","93.243"
"HUD","Community Planning and Development - Capacity Building","14.252"
"HUD","Community Planning and Development - Community Development Block Grant – DRAA-Sandy","14.269"
"HUD","Community Planning and Development - Community Development Block Grant – DRAA-Sandy","14.272"
"HUD","Community Planning and Development - Community Development Block Grant – DRAA-Sandy","14.228"
"HUD","Community Planning and Development - Community Development Block Grants (CDBG) - CDBG Insular Areas - CDBG Entitlement - CDBG Non-Entitlement","14.023"
"HUD","Community Planning and Development - Community Development Block Grants (CDBG) - CDBG Insular Areas - CDBG Entitlement - CDBG Non-Entitlement","14.024"
"HUD","Community Planning and Development - Community Development Block Grants (CDBG) - CDBG Insular Areas - CDBG Entitlement - CDBG Non-Entitlement","14.225"
"HUD","Community Planning and Development - Community Development Block Grants (CDBG) - CDBG Insular Areas - CDBG Entitlement - CDBG Non-Entitlement","14.248"
"HUD","Community Planning and Development - Community Development Block Grants (CDBG) - CDBG Insular Areas - CDBG Entitlement - CDBG Non-Entitlement","14.218"
"HUD","Community Planning and Development - Community Development Block Grants (CDBG) - CDBG Insular Areas - CDBG Entitlement - CDBG Non-Entitlement","14.228"
"HUD","Community Planning and Development - Community Development Block Grants (CDBG) - CDBG Insular Areas - CDBG Entitlement - CDBG Non-Entitlement","14.228"
"HUD","Community Planning and Development - Congressional Earmarks –  Economic Development Initiative – Special Projects /Neighborhood Initiatives","14.251"
"HUD","Community Planning and Development - Community Development Block Grant – Disaster Recovery","14.218"
"HUD","Community Planning and Development - Community Development Block Grant – Disaster Recovery","14.228"
"HUD","Community Planning and Development - Community Development Block Grant – Disaster Recovery","14.218"
"HUD","Community Planning and Development - Community Development Block Grant – Disaster Recovery","14.228"
"HUD","Community Planning and Development - HOME Investments Partnership Program","14.239"
"HUD","Community Planning and Development - Homeless Assistance Grants","14.277"
"HUD","Community Planning and Development - Homeless Assistance Grants","14.231"
"HUD","Community Planning and Development - Homeless Assistance Grants","14.267"
"HUD","Community Planning and Development - Homeless Assistance Grants","14.273"
"HUD","Community Planning and Development - Homeless Assistance Grants","14.276"
"HUD","Community Planning and Development - Homeless Assistance Grants","14.249"
"HUD","Community Planning and Development - Homeless Assistance Grants","14.235"
"HUD","Community Planning and Development - Homeless Assistance Grants","14.238"
"HUD","Community Planning and Development - Homeless Assistance Grants","14.87"
"HUD","Community Planning and Development - Housing Opportunities for Persons with AIDS","14.241"
"HUD","Community Planning and Development - Housing Trust Fund","14.275"
"HUD","Community Planning and Development - Project Based Section 8 - Renewal of Expiring Sec. 8 Mod Rehab SRO","14.249"
"HUD","Community Planning and Development - Public Laws 115-123, 115-56, and 115-72","14.228"
"HUD","Community Planning and Development - Self-Help Homeownership Opportunity Program (SHOP)","14.265"
"HUD","Community Planning and Development - Self-Help Homeownership Opportunity Program (SHOP)","14.278"
"HUD","Community Planning and Development - Self-Help Homeownership Opportunity Program (SHOP)","14.247"
"HUD","Fair Housing and Equal Opportunity - Fair Housing Assistance Program","14.401"
"HUD","Fair Housing and Equal Opportunity - Fair Housing Initiatives Program","14.408"
"HUD","Fair Housing and Equal Opportunity - Fair Housing Initiatives Program","14.416"
"HUD","Fair Housing and Equal Opportunity - Fair Housing Initiatives Program","14.417"
"HUD","Fair Housing and Equal Opportunity - Fair Housing Initiatives Program","14.418"
"HUD","Federal Housing Administration - Federal Finance Bank Direct Loans","14.188"
"HUD","Federal Housing Administration - Home Equity Conversion Mortgage (HECM) Claims","14.183"
"HUD","Federal Housing Administration - Home Equity Conversion Mortgage (HECM) Claims","14.311"
"HUD","Federal Housing Administration - Home Equity Conversion Mortgage (HECM) Notes","14.183"
"HUD","Federal Housing Administration - Home Equity Conversion Mortgage (HECM) Notes","14.311"
"HUD","Federal Housing Administration - Multi-Family Insurance Claims (MFIC)","14.126"
"HUD","Federal Housing Administration - Multi-Family Insurance Claims (MFIC)","14.128"
"HUD","Federal Housing Administration - Multi-Family Insurance Claims (MFIC)","14.129"
"HUD","Federal Housing Administration - Multi-Family Insurance Claims (MFIC)","14.134"
"HUD","Federal Housing Administration - Multi-Family Insurance Claims (MFIC)","14.135"
"HUD","Federal Housing Administration - Multi-Family Insurance Claims (MFIC)","14.138"
"HUD","Federal Housing Administration - Multi-Family Insurance Claims (MFIC)","14.139"
"HUD","Federal Housing Administration - Multi-Family Insurance Claims (MFIC)","14.142"
"HUD","Federal Housing Administration - Multi-Family Insurance Claims (MFIC)","14.151"
"HUD","Federal Housing Administration - Multi-Family Insurance Claims (MFIC)","14.155"
"HUD","Federal Housing Administration - Multi-Family Insurance Claims (MFIC)","14.188"
"HUD","Federal Housing Administration - Multi-Family Notes","14.188"
"HUD","Federal Housing Administration - Multi-Family Notes","14.126"
"HUD","Federal Housing Administration - Multi-Family Notes","14.128"
"HUD","Federal Housing Administration - Multi-Family Notes","14.129"
"HUD","Federal Housing Administration - Multi-Family Notes","14.134"
"HUD","Federal Housing Administration - Multi-Family Notes","14.135"
"HUD","Federal Housing Administration - Multi-Family Notes","14.138"
"HUD","Federal Housing Administration - Multi-Family Notes","14.139"
"HUD","Federal Housing Administration - Multi-Family Notes","14.142"
"HUD","Federal Housing Administration - Multi-Family Notes","14.151"
"HUD","Federal Housing Administration - Multi-Family Notes","14.155"
"HUD","Federal Housing Administration - Other Disbursements","14.311"
"HUD","Federal Housing Administration - Single Family Claims","14.108"
"HUD","Federal Housing Administration - Single Family Claims","14.117"
"HUD","Federal Housing Administration - Single Family Claims","14.119"
"HUD","Federal Housing Administration - Single Family Claims","14.122"
"HUD","Federal Housing Administration - Single Family Claims","14.133"
"HUD","Federal Housing Administration - Single Family Claims","14.175"
"HUD","Federal Housing Administration - Single Family Claims","14.865"
"HUD","Federal Housing Administration - Single Family Claims","14.874"
"HUD","Federal Housing Administration - Single Family Claims","14.198"
"HUD","Federal Housing Administration - Single Family Claims","14.313"
"HUD","Federal Housing Administration - Single Family Claims","14.311"
"HUD","Federal Housing Administration - Single Family Property (Single Family Acquired Asset Management System) (SAMS)","14.198"
"HUD","Federal Housing Administration - Single Family Property (Single Family Acquired Asset Management System) (SAMS)","14.313"
"HUD","Federal Housing Administration - Single Family Property (Single Family Acquired Asset Management System) (SAMS)","14.311"
"HUD","Housing - Housing Counseling Assistance","14.022"
"HUD","Housing - Housing Counseling Assistance","14.169"
"HUD","Housing - Housing Counseling Assistance","14.316"
"HUD","Housing - Housing Counseling Assistance","14.537"
"HUD","Housing - Housing for Special Populations- Capital Advance portion of expenditures, Section 202","14.191"
"HUD","Housing - Housing for Special Populations- Capital Advance portion of expenditures, Section 202","14.157"
"HUD","Housing - Housing for Special Populations- Capital Advance portion of expenditures, Section 202","14.314"
"HUD","Housing - Rental Housing Assistance Program (RHAP) - Project Based Rental Assistance - Project Based Section 8 - Rental Housing Assistance Program- Section 236 - Housing for Persons with Disability- Section 811","14.322"
"HUD","Housing - Rental Housing Assistance Program (RHAP) - Project Based Rental Assistance - Project Based Section 8 - Rental Housing Assistance Program- Section 236 - Housing for Persons with Disability- Section 811","14.195"
"HUD","Housing - Rental Housing Assistance Program (RHAP) - Project Based Rental Assistance - Project Based Section 8 - Rental Housing Assistance Program- Section 236 - Housing for Persons with Disability- Section 811","14.326"
"HUD","Housing - Rental Housing Assistance Program (RHAP) - Project Based Rental Assistance - Project Based Section 8 - Rental Housing Assistance Program- Section 236 - Housing for Persons with Disability- Section 811","14.327"
"HUD","Housing - Rental Housing Assistance Program (RHAP) - Project Based Rental Assistance - Project Based Section 8 - Rental Housing Assistance Program- Section 236 - Housing for Persons with Disability- Section 811","14.181"
"HUD","Housing - Rental Housing Assistance Program (RHAP) - Project Based Rental Assistance - Project Based Section 8 - Rental Housing Assistance Program- Section 236 - Housing for Persons with Disability- Section 811","14.157"
"HUD","Housing - Rental Housing Assistance Program (RHAP) - Project Based Rental Assistance - Project Based Section 8 - Rental Housing Assistance Program- Section 236 - Housing for Persons with Disability- Section 811","14.187"
"HUD","Housing - Rental Housing Assistance Program (RHAP) - Project Based Rental Assistance - Project Based Section 8 - Rental Housing Assistance Program- Section 236 - Housing for Persons with Disability- Section 811","14.197"
"HUD","Housing - Rental Housing Assistance Program- Section 236","14.103"
"HUD","Housing - Section 811 Housing for Persons with Disabilities (PRAC and Capital Advance)","14.181"
"HUD","Office of Healthy Homes Lead Hazard Control - Lead Hazard Reduction","14.914"
"HUD","Office of Healthy Homes Lead Hazard Control - Lead Hazard Reduction","14.9"
"HUD","Office of Healthy Homes Lead Hazard Control - Lead Hazard Reduction","14.901"
"HUD","Office of Healthy Homes Lead Hazard Control - Lead Hazard Reduction","14.902"
"HUD","Office of Healthy Homes Lead Hazard Control - Lead Hazard Reduction","14.905"
"HUD","Office of Healthy Homes Lead Hazard Control - Lead Hazard Reduction","14.906"
"HUD","Office of Healthy Homes Lead Hazard Control - Lead Hazard Reduction","14.912"
"HUD","Office of Healthy Homes Lead Hazard Control - Lead Hazard Reduction","14.913"
"HUD","Office of Healthy Homes Lead Hazard Control - Lead Hazard Reduction","14.92"
"HUD","Office of Healthy Homes Lead Hazard Control - Lead Hazard Reduction","14.921"
"HUD","Policy Development and Research - Research and Technology","14.506"
"HUD","Policy Development and Research - Research and Technology","14.536"
"HUD","Policy Development and Research - Research and Technology","14.537"
"HUD","Public and Indian Housing - Choice Neighborhoods Initiative","14.889"
"HUD","Public and Indian Housing - Choice Neighborhoods Initiative","14.892"
"HUD","Public and Indian Housing - Choice Neighborhoods Initiative","14.85"
"HUD","Public and Indian Housing - Family Self-Sufficiency Program","14.896"
"HUD","Public and Indian Housing - Family Self-Sufficiency Program","14.895"
"HUD","Public and Indian Housing - Family Self-Sufficiency Program","14.87"
"HUD","Public and Indian Housing - Indian Community Development Block Grants","14.862"
"HUD","Public and Indian Housing - Native American Housing Block Grants","14.867"
"HUD","Public and Indian Housing - Native American Housing Block Grants","14.869"
"HUD","Public and Indian Housing - Native American Housing Block Grants","14.893"
"HUD","Public and Indian Housing - Native American Housing Block Grants","14.862"
"HUD","Public and Indian Housing - Native American Housing Block Grants","14.85"
"HUD","Public and Indian Housing - Project-Based Rental Assistance Section 8 Moderate Rehabilitation","14.856"
"HUD","Public and Indian Housing - Public Housing Capital Fund","14.88"
"HUD","Public and Indian Housing - Public Housing Capital Fund","14.888"
"HUD","Public and Indian Housing - Public Housing Capital Fund","14.872"
"HUD","Public and Indian Housing - Public Housing Capital Fund","14.895"
"HUD","Public and Indian Housing - Public Housing Capital Fund","14.87"
"HUD","Public and Indian Housing - Public Housing Capital Fund","14.85"
"HUD","Public and Indian Housing - Public Housing Operating Fund","14.85"
"HUD","Public and Indian Housing - Rental Housing Assistance Program (RHAP) - Tenant Based Rental Assistance Section 8 - Housing Certificate Fund & Tenant Based Rental Assistance","14.899"
"HUD","Public and Indian Housing - Rental Housing Assistance Program (RHAP) - Tenant Based Rental Assistance Section 8 - Housing Certificate Fund & Tenant Based Rental Assistance","14.879"
"HUD","Public and Indian Housing - Rental Housing Assistance Program (RHAP) - Tenant Based Rental Assistance Section 8 - Housing Certificate Fund & Tenant Based Rental Assistance","14.881"
"HUD","Public and Indian Housing - Rental Housing Assistance Program (RHAP) - Tenant Based Rental Assistance Section 8 - Housing Certificate Fund & Tenant Based Rental Assistance","14.856"
"HUD","Public and Indian Housing - Rental Housing Assistance Program (RHAP) - Tenant Based Rental Assistance Section 8 - Housing Certificate Fund & Tenant Based Rental Assistance","14.871"
"HUD","Salaries and Expenses","14.871"
"HUD","Salaries and Expenses","14.872"
"HUD","Housing - Green and Resilient Retrofit Program (GRRP)","14.021"
"HUD","Federal Housing Administration - Title I Claims","14.11"
"HUD","Federal Housing Administration - Title I Claims","14.162"
"HUD","Community Planning and Development - Community Project Funding - Community Project/Congressional Funding","14.251"
"HUD","Housing - College Housing Debt Service Grants","14.101"
"HUD","Housing - Manufactured Housing","14.171"
"HUD","Public and Indian Housing - Native Hawaiian Housing Block Grants","14.873"
"HUD","Public and Indian Housing - Revitalization of Severely Distressed Public Housing (HOPE VI)","14.866"
"HUD","Public and Indian Housing - Revitalization of Severely Distressed Public Housing (HOPE VI)","14.878"
"HUD","Public and Indian Housing - Revitalization of Severely Distressed Public Housing (HOPE VI)","14.892"
"HUD","Community Planning and Development - Appalachian Regional Commission (ARC) Projects","14.25"
"HUD","Community Planning and Development - Economic Development Initiative (EDI)/Brownfields Redevelopment Economic Development Initiatives (BEDI)","14.232"
"HUD","Community Planning and Development - Economic Development Initiative (EDI)/Brownfields Redevelopment Economic Development Initiatives (BEDI)","14.246"
"HUD","Community Planning and Development - Economic Development Initiative (EDI)/Brownfields Redevelopment Economic Development Initiatives (BEDI)","14.251"
"HUD","Community Planning and Development - Nehemiah Housing Opportunity Grants","14.171"
"HUD","Community Planning and Development - Neighborhood Stabilization Program","14.256"
"HUD","Community Planning and Development - Neighborhood Stabilization Program","14.218"
"HUD","Housing - Housing for the Elderly or Handicapped- DL Liquidating Acct- Section 202","14.157"
"HUD","Policy Development and Research - PDR Managed Technical Assistance Grants","14.259"
"HUD","Policy Development and Research - PDR Managed Technical Assistance Grants","14.261"
"HUD","Policy Development and Research - PDR Managed Technical Assistance Grants","14.239"
"IAF","IAF Assistance for Overseas Programs1","85.75"
"IAF","IAF Assistance for Overseas Programs2","85.751"
"IMLS","Grants to States","45.31"
"IMLS","Laura Bush 21st Century Librarian Program","45.313"
"IMLS","Museums for America","45.301"
"IMLS","National Leadership Grants for Libraries","45.312"
"IMLS","National Leadership Grants for Museums","45.312"
"IMLS","21st Century Museum Professional Program","45.032"
"IMLS","American Latino Museum Internship and Fellowship Initiative","45.031"
"IMLS","Museum Grants for African American History and Culture","45.309"
"IMLS","Museum Grants for American Latino History and Culture","45.033"
"IMLS","Native American and Native Hawaiian Library Services","45.311"
"IMLS","Native American/Native Hawaiian Museum Services Program ","45.308"
"JUFC","Japan-U.S. Friendship Commission Grants","90.3"
"LOC","Teaching with Primary Sources","42.01"
"LOC","Library of Congress Grants","42.011"
"LOC","Connecting Communities Digital Initiative","42.012"
"LOC","Of the People: Community Collections Grants","42.013"
"LOC","Affiliate Centers for the Book Programming Grants","42.014"
"LOC","Lewis-Houghton Civics and Democracy Initiative","42.015"
"MCC","MCC Foreign Assistance for Overseas Programs","85.002"
"MUSP","Morris K. Udall Fellowship Program","85.401"
"MUSP","Morris K. Udall Native American Congressional Internship Program","85.402"
"MUSP","Morris K. Udall Scholarship Program","85.4"
"NARA","National Historical Publications and Records Commission (NHPRC) Grants","89.003"
"NASA","Advanced Air Vehicles Program","43.002"
"NASA","Advanced Exploration Systems","43.003"
"NASA","Aerosciences Evaluation and Test Capabilities","43.002"
"NASA","Agency Technical Authority","43.009"
"NASA","Airspace Operations and Safety Program","43.002"
"NASA","Applied Sciences","43.001"
"NASA","Astrophysics Explorer","43.001"
"NASA","Astrophysics Research","43.001"
"NASA","Biological and Physical Sciences","43.001"
"NASA","Safety Engineering, Safety, & Operations","43.009"
"NASA","Commercial Crew Program","43.007"
"NASA","Commercial LEO Development","43.007"
"NASA","Communication Services Program","43.007"
"NASA","Cosmic Origins","43.001"
"NASA","Crew and Cargo Program","43.007"
"NASA","Discovery","43.001"
"NASA","Early Stage Innovation and Partnerships","43.012"
"NASA","Earth Science Data Systems","43.001"
"NASA","Earth Science Research","43.001"
"NASA","Earth Science Technology","43.001"
"NASA","Earth System Science Pathfinder","43.001"
"NASA","Earth Systematic Missions","43.001"
"NASA","Enhanced Use Lease Program","43.009"
"NASA","Environmental Compliance and Restoration","43.009"
"NASA","Exoplanet Exploration","43.001"
"NASA","Exploration CoF","43.009"
"NASA","Exploration Ground Systems","43.003"
"NASA","Gateway","43.003"
"NASA","Heliophysics Explorer Program","43.001"
"NASA","Heliophysics Research","43.001"
"NASA","Heliophysics Technology","43.001"
"NASA","Human Landing System","43.003"
"NASA","Human Research Program","43.007"
"NASA","Human Space Flight Operations","43.007"
"NASA","Information Technology (IT)","43.009"
"NASA","Infrastructure & Technical Capabilities","43.009"
"NASA","Institutional CoF","43.009"
"NASA","Institutions and Management","43.009"
"NASA","Integrated Aviation Systems Program","43.002"
"NASA","International Space Station","43.007"
"NASA","Launch Services","43.007"
"NASA","Living with a Star","43.001"
"NASA","Lunar Discovery and Exploration","43.001"
"NASA","Mars Exploration","43.001"
"NASA","Mars Sample Return","43.001"
"NASA","Mission Enabling Services","43.009"
"NASA","Moon and Mars Architecture","43.003"
"NASA","National Historic Preservation","43.009"
"NASA","New Frontiers","43.001"
"NASA","Orion Program","43.003"
"NASA","Outer Planets and Ocean Worlds","43.001"
"NASA","Physics of the Cosmos","43.001"
"NASA","Planetary Defense","43.001"
"NASA","Planetary Science Research","43.001"
"NASA","Radioisotope Power","43.001"
"NASA","RMB-ARMD Programmatic Reimbursables","43.009"
"NASA","RMB-SOMD Programmatic Program","43.009"
"NASA","Rocket Propulsion Test","43.007"
"NASA","Science CoF","43.009"
"NASA","STEM Engagement","43.008"
"NASA","SBIR and STTR","43.012"
"NASA","Solar Terrestrial Probes","43.001"
"NASA","Space Communications and Navigation","43.007"
"NASA","Space Launch System","43.003"
"NASA","Space Operations CoF","43.009"
"NASA","Space Weather","43.001"
"NASA","Technology Demonstration","43.012"
"NASA","Technology Maturation","43.012"
"NASA","Transformative Aero Concepts Program","43.002"
"NASA","xEVA and Human Surface Mobility Program","43.003"
"NASA","Future Systems","43.003"
"NASA","Responsive Science Initiative (RSI)","43.001"
"NASA","RMB-ESMD Programmatic Program","43.009"
"NASA","RMB-SCMD Programmatic Program","43.009"
"NASA","RMB-SSMS Institution","43.009"
"NBRC","Northern Border Regional Development","90.601"
"NCUA","Community Development Revolving Loan Fund Program for Credit Unions (CDLRF)","44.002"
"NEA","Promotion of the Arts Partnership Agreements ","45.025"
"NEA","Arts and Artifacts Indemnity Program","45.201"
"NEA","Promotion of the Arts Grants to Organizations and Individuals","45.024"
"NEH","Promotion of the Humanities Fellowships and Stipends","45.16"
"NEH","Promotion of the Humanities Office of Digital Humanities","45.169"
"NEH","Promotion of the Humanities Professional Development","45.163"
"NEH","Promotion of the Humanities Public Programs","45.164"
"NEH","Promotion of the Humanities Research","45.161"
"NEH","Promotion of the Humanities Teaching and Learning Resources and Curriculum Development","45.162"
"NEH","Promotion of the Humanities Challenge Grants","45.13"
"NEH","Promotion of the Humanities Division of Preservation and Access","45.149"
"NEH","Promotion of the Humanities Federal/State Partnership","45.129"
"NRC","U.S. Nuclear Regulatory Commission Minority Serving Institutions Program (MSIP)","77.007"
"NRC","U.S. Nuclear Regulatory Commission Office of Research Financial Assistance Program","77.009"
"NRC","U.S. Nuclear Regulatory Commission Scholarship and Fellowship Program","77.008"
"NSF","Grants and Cooperative Agreements","47.074"
"NSF","Grants and Cooperative Agreements","47.041"
"NSF","Grants and Cooperative Agreements","47.049"
"NSF","Grants and Cooperative Agreements","47.05"
"NSF","Grants and Cooperative Agreements","47.07"
"NSF","Grants and Cooperative Agreements","47.075"
"NSF","Grants and Cooperative Agreements","47.076"
"NSF","Grants and Cooperative Agreements","47.078"
"NSF","Grants and Cooperative Agreements","47.079"
"NSF","Grants and Cooperative Agreements","47.083"
"NSF","Grants and Cooperative Agreements","47.084"
"PBGC","Pension Plan Termination Insurance","86.001"
"PISC","Federal Permitting Improvement Steering Council Environmental Review Improvement Fund (ERIF) Funding Program","90.8"
"RRB","Railroad Retirement Act","57.001"
"RRB","Railroad Unemployment Insurance Act","57.006"
"SBA","504 Certified Development Loans Approvals","59.041"
"SBA","7(a) Loan Guarantees Approvals","59.012"
"SBA","7(a) Loan Guarantees Purchases","59.012"
"SBA","7(j) Technical Assistance","59.007"
"SBA","Community Navigator Pilot Program","59.077"
"SBA","Congressional Grants","59.059"
"SBA","Cybersecurity for Small Business Pilot Program","59.079"
"SBA","Disaster Assistance Loans","59.008"
"SBA","Federal and State Technology Partnership Program","59.058"
"SBA","Growth Accelerator Fund Competition","59.065"
"SBA","Lab-to-Market","59.076"
"SBA","Microloan Program","59.046"
"SBA","Native American Outreach","59.052"
"SBA","OED Resource Partners Training Portal (RPTP)","59.074"
"SBA","Paycheck Protection Program (PPP) Loan Approvals","59.073"
"SBA","Paycheck Protection Program (PPP) Loan Forgiveness","59.073"
"SBA","Paycheck Protection Program (PPP) Loan Guaranty Purchases","59.073"
"SBA","Prime Technical Assistance","59.05"
"SBA","Restaurant Revitalization Fund","59.078"
"SBA","Service Corps of Retired Executives Program (SCORE)","59.026"
"SBA","Shuttered Venue Operators Grant Program","59.075"
"SBA","Small Business Development Center (SBDC)","59.037"
"SBA","Small Business Investment Companies Advances","59.011"
"SBA","Small Business Investment Companies Purchases","59.011"
"SBA","State Trade Expansion Program","59.061"
"SBA","Surety Bond Guarantees (SBG)","59.016"
"SBA","Transition Assistance Entrepreneurship Track (Boots to Business)","59.066"
"SBA","Veterans Outreach Program","59.044"
"SBA","Women's Business Ownership Assistance","59.043"
"SBA","Economic Injury Disaster Loan Emergency Advance","59.072"
"SBA","SBA Emerging Leaders initiative","59.069"
"SBA","Regional Innovation Clusters","59.067"
"SBA","Ombudsman and Regulatory Fairness Boards ","59.053"
"SBA","HUBZone Program","59.055"
"SBA","Intermediary Loan Program","59.062"
"SBA","8(a) Business Development Program","59.006"
"SCRC","Southeast Crescent Regional Commission  - Economic and Infrastructure Development Grants","90.705"
"SSA","Old-Age and Survivors Insurance (OASI)","96.002"
"SSA","Old-Age and Survivors Insurance (OASI)","96.004"
"SSA","Supplemental Security Income (SSI)","96.006"
"SSA","Disability Insurance (DI)","96.001"
"SSA","Social Security Research and Demonstration","96.007"
"SSA","Social Security - Work Incentives Planning and Assistance Program","96.008"
"SSA","Social Security State Grants for Work Incentives Assistance to Disabled Beneficiaries","96.009"
"SSA","Analyzing Relationships between Disability, Rehabilitation, and Work","96.011"
"SSA","Interventional Cooperative Agreement Program","96.012"
"SSA","Special Benefits for Certain World War II Veterans","96.02"
"SSA","Strengthening Protections for Social Security Beneficiaries","96.013"
"STATE","Assessed Contributions","19.707"
"STATE","Assessed Contributions","19.79"
"STATE","Assessed Contributions","19.792"
"STATE","Assessed Contributions","19.973"
"STATE","Assessed Contributions","19.087"
"STATE","Assessed Contributions","19.808"
"STATE","Assessed Contributions","19.515"
"STATE","Assessed Contributions","19.878"
"STATE","Assessed Contributions","19.345"
"STATE","Aviation, Anticrime, Interdiction and Related Programs","19.705"
"STATE","Aviation, Anticrime, Interdiction and Related Programs","19.009"
"STATE","Aviation, Anticrime, Interdiction and Related Programs","19.019"
"STATE","Aviation, Anticrime, Interdiction and Related Programs","19.99"
"STATE","Aviation, Anticrime, Interdiction and Related Programs","19.703"
"STATE","Aviation, Anticrime, Interdiction and Related Programs","19.6"
"STATE","Citizens Exchange Program","19.415"
"STATE","Citizens Exchange Program","19.012"
"STATE","Citizens Exchange Program","19.015"
"STATE","Consular and Border Security Programs","19.04"
"STATE","Diplomatic and Support Programs","19.029"
"STATE","Diplomatic and Support Programs","19.3"
"STATE","Diplomatic and Support Programs","19.108"
"STATE","Diplomatic and Support Programs","19.666"
"STATE","Diplomatic and Support Programs","19.704"
"STATE","Diplomatic and Support Programs","19.801"
"STATE","Diplomatic and Support Programs","19.901"
"STATE","Diplomatic and Support Programs","19.033"
"STATE","Diplomatic and Support Programs","19.432"
"STATE","Diplomatic and Support Programs","19.441"
"STATE","Diplomatic and Support Programs","19.705"
"STATE","Diplomatic and Support Programs","19.015"
"STATE","Diplomatic and Support Programs","19.019"
"STATE","Diplomatic and Support Programs","19.022"
"STATE","Diplomatic and Support Programs","19.121"
"STATE","Diplomatic and Support Programs","19.124"
"STATE","Diplomatic and Support Programs","19.322"
"STATE","Diplomatic and Support Programs","19.8"
"STATE","Diplomatic and Support Programs","19.99"
"STATE","Diplomatic and Support Programs","19.017"
"STATE","Diplomatic and Support Programs","19.703"
"STATE","Diplomatic and Support Programs","19.878"
"STATE","Diplomatic and Support Programs","19.9"
"STATE","Diplomatic and Support Programs","19.345"
"STATE","Diplomatic and Support Programs","19.04"
"STATE","Diplomatic Programs, Diplomatic Policy and Support","19.023"
"STATE","Diplomatic Programs, Diplomatic Policy and Support","19.017"
"STATE","Diplomatic Programs, Diplomatic Policy and Support","19.345"
"STATE","Diplomatic Programs, Diplomatic Policy and Support","19.04"
"STATE","Diplomatic Programs, Other Operations Programs","19.209"
"STATE","Diplomatic Programs, Other Operations Programs","19.013"
"STATE","Diplomatic Programs, Other Operations Programs","19.205"
"STATE","Diplomatic Programs, Other Operations Programs","19.207"
"STATE","Diplomatic Programs, Other Operations Programs","19.777"
"STATE","Diplomatic Programs, Other Operations Programs","19.02"
"STATE","Diplomatic Programs, Other Operations Programs","19.036"
"STATE","Diplomatic Programs, Other Operations Programs","19.408"
"STATE","Diplomatic Programs, Other Operations Programs","19.452"
"STATE","Diplomatic Programs, Other Operations Programs","19.75"
"STATE","Diplomatic Programs, Other Operations Programs","19.011"
"STATE","Diplomatic Programs, Other Operations Programs","19.012"
"STATE","Diplomatic Programs, Other Operations Programs","19.025"
"STATE","Diplomatic Programs, Other Operations Programs","19.4"
"STATE","Diplomatic Programs, Other Operations Programs","19.432"
"STATE","Diplomatic Programs, Other Operations Programs","19.44"
"STATE","Diplomatic Programs, Other Operations Programs","19.441"
"STATE","Diplomatic Programs, Other Operations Programs","19.52"
"STATE","Diplomatic Programs, Other Operations Programs","19.015"
"STATE","Diplomatic Programs, Other Operations Programs","19.022"
"STATE","Diplomatic Programs, Other Operations Programs","19.124"
"STATE","Diplomatic Programs, Other Operations Programs","19.322"
"STATE","Diplomatic Programs, Other Operations Programs","19.421"
"STATE","Diplomatic Programs, Other Operations Programs","19.45"
"STATE","Diplomatic Programs, Other Operations Programs","19.501"
"STATE","Diplomatic Programs, Other Operations Programs","19.017"
"STATE","Diplomatic Programs, Other Operations Programs","19.021"
"STATE","Diplomatic Programs, Other Operations Programs","19.703"
"STATE","Diplomatic Programs, Other Operations Programs","19.9"
"STATE","Diplomatic Programs, Other Operations Programs","19.6"
"STATE","Diplomatic Programs, Other Operations Programs","19.345"
"STATE","Diplomatic Programs, Other Operations Programs","19.04"
"STATE","Diplomatic Programs, Other Operations Programs","19.009"
"STATE","Diplomatic Programs, Other Operations Programs","19.701"
"STATE","Diplomatic Programs, Terrorism Related","19.025"
"STATE","Diplomatic Programs, Terrorism Related","19.121"
"STATE","Diplomatic Programs, Terrorism Related","19.421"
"STATE","Diplomatic Programs, Terrorism Related","19.501"
"STATE","Diplomatic Programs, Terrorism Related","19.021"
"STATE","Diplomatic Programs, Terrorism Related","19.04"
"STATE","Economic Support Fund","19.502"
"STATE","Economic Support Fund","19.793"
"STATE","Economic Support Fund","19.027"
"STATE","Economic Support Fund","19.035"
"STATE","Economic Support Fund","19.221"
"STATE","Economic Support Fund","19.222"
"STATE","Economic Support Fund","19.303"
"STATE","Economic Support Fund","19.5"
"STATE","Economic Support Fund","19.662"
"STATE","Economic Support Fund","19.663"
"STATE","Economic Support Fund","19.665"
"STATE","Economic Support Fund","19.706"
"STATE","Economic Support Fund","19.948"
"STATE","Economic Support Fund","19.989"
"STATE","Economic Support Fund","19.108"
"STATE","Economic Support Fund","19.22"
"STATE","Economic Support Fund","19.225"
"STATE","Economic Support Fund","19.301"
"STATE","Economic Support Fund","19.601"
"STATE","Economic Support Fund","19.666"
"STATE","Economic Support Fund","19.75"
"STATE","Economic Support Fund","19.801"
"STATE","Economic Support Fund","19.979"
"STATE","Economic Support Fund","19.033"
"STATE","Economic Support Fund","19.517"
"STATE","Economic Support Fund","19.019"
"STATE","Economic Support Fund","19.121"
"STATE","Economic Support Fund","19.124"
"STATE","Economic Support Fund","19.322"
"STATE","Economic Support Fund","19.45"
"STATE","Economic Support Fund","19.501"
"STATE","Economic Support Fund","19.701"
"STATE","Economic Support Fund","19.8"
"STATE","Economic Support Fund","19.99"
"STATE","Economic Support Fund","19.017"
"STATE","Economic Support Fund","19.021"
"STATE","Economic Support Fund","19.703"
"STATE","Economic Support Fund","19.878"
"STATE","Economic Support Fund","19.9"
"STATE","Economic Support Fund","19.6"
"STATE","Economic Support Fund","19.345"
"STATE","Economic Support Fund","19.04"
"STATE","Educational Programs","19.402"
"STATE","Educational Programs","19.01"
"STATE","Educational Programs","19.02"
"STATE","Educational Programs","19.036"
"STATE","Educational Programs","19.401"
"STATE","Educational Programs","19.408"
"STATE","Educational Programs","19.415"
"STATE","Educational Programs","19.451"
"STATE","Educational Programs","19.452"
"STATE","Educational Programs","19.012"
"STATE","Educational Programs","19.025"
"STATE","Educational Programs","19.4"
"STATE","Educational Programs","19.432"
"STATE","Educational Programs","19.44"
"STATE","Educational Programs","19.441"
"STATE","Educational Programs","19.015"
"STATE","Educational Programs","19.022"
"STATE","Educational Programs","19.124"
"STATE","Educational Programs","19.421"
"STATE","Educational Programs","19.45"
"STATE","Educational Programs","19.501"
"STATE","Educational Programs","19.021"
"STATE","Educational Programs","19.9"
"STATE","Educational Programs","19.04"
"STATE","Educational Programs","19.011"
"STATE","Educational Programs","19.009"
"STATE","Embassy Operations Programs","19.301"
"STATE","Embassy Operations Programs","19.601"
"STATE","Embassy Operations Programs","19.704"
"STATE","Embassy Operations Programs","19.705"
"STATE","Embassy Operations Programs","19.421"
"STATE","Embassy Operations Programs","19.99"
"STATE","Embassy Operations Programs","19.703"
"STATE","Embassy Operations Programs","19.6"
"STATE","Embassy Operations Programs","19.345"
"STATE","Fulbright Program","19.01"
"STATE","Fulbright Program","19.401"
"STATE","Fulbright Program","19.451"
"STATE","Fulbright Program","19.011"
"STATE","Fulbright Program","19.4"
"STATE","Fulbright Program","19.44"
"STATE","Fulbright Program","19.009"
"STATE","Fulbright Program","19.022"
"STATE","Fulbright Program","19.45"
"STATE","Fulbright Program","19.021"
"STATE","Fulbright Program","19.9"
"STATE","International Cooperative Administrative Support Services","19.023"
"STATE","International Cooperative Administrative Support Services","19.024"
"STATE","International Cooperative Administrative Support Services","19.04"
"STATE","International Security and Nonproliferation Related Programs","19.334"
"STATE","International Security and Nonproliferation Related Programs","19.224"
"STATE","International Security and Nonproliferation Related Programs","19.903"
"STATE","International Security and Nonproliferation Related Programs","19.901"
"STATE","International Security and Nonproliferation Related Programs","19.033"
"STATE","International Security and Nonproliferation Related Programs","19.019"
"STATE","International Security and Nonproliferation Related Programs","19.701"
"STATE","International Security and Nonproliferation Related Programs","19.8"
"STATE","International Security Programs","19.024"
"STATE","National Endowment for Democracy","19.345"
"STATE","Overseas Programs","19.121"
"STATE","Overseas Programs","19.04"
"STATE","Peace-Keeping Operations Programs","19.026"
"STATE","Peace-Keeping Operations Programs","19.223"
"STATE","Peace-Keeping Operations Programs","19.888"
"STATE","Peace-Keeping Operations Programs","19.225"
"STATE","Peace-Keeping Operations Programs","19.979"
"STATE","Peace-Keeping Operations Programs","19.8"
"STATE","Peace-Keeping Operations Programs","19.6"
"STATE","Population Refugees and Migration Programs","19.51"
"STATE","Population Refugees and Migration Programs","19.522"
"STATE","Population Refugees and Migration Programs","19.018"
"STATE","Population Refugees and Migration Programs","19.22"
"STATE","Population Refugees and Migration Programs","19.511"
"STATE","Population Refugees and Migration Programs","19.518"
"STATE","Population Refugees and Migration Programs","19.519"
"STATE","Population Refugees and Migration Programs","19.523"
"STATE","Population Refugees and Migration Programs","19.515"
"STATE","Population Refugees and Migration Programs","19.517"
"STATE","Population Refugees and Migration Programs","19.52"
"STATE","Population Refugees and Migration Programs","19.878"
"STATE","Population Refugees and Migration Programs","19.04"
"STATE","Voluntary Contributions","19.791"
"STATE","Voluntary Contributions","19.018"
"STATE","Voluntary Contributions","19.087"
"STATE","Voluntary Contributions","19.511"
"STATE","Voluntary Contributions","19.518"
"STATE","Voluntary Contributions","19.519"
"STATE","Voluntary Contributions","19.523"
"STATE","Voluntary Contributions","19.808"
"STATE","Voluntary Contributions","19.515"
"STATE","Voluntary Contributions","19.517"
"STATE","Voluntary Contributions","19.52"
"STATE","Voluntary Contributions","19.322"
"STATE","Voluntary Contributions","19.701"
"STATE","Voluntary Contributions","19.017"
"STATE","Voluntary Contributions","19.878"
"STATE","Voluntary Contributions","19.6"
"STATE","Fishermen's Guaranty Fund","19.204"
"STATE","International Programs to Support the Freedom of Religion or Belief","19.355"
"STATE","Partnership for Regional East Africa Counterterrorism (PREACT)","19.98"
"TREASURY","Community Development Financial Institutions Fund - Capital Magnet Fund","21.011"
"TREASURY","Community Development Financial Institutions Fund - CDFI BGP Financing Fund","21.014"
"TREASURY","Community Development Financial Institutions Fund - Community Development Financial Institutions (CDFI) Program","21.02"
"TREASURY","Departmental Offices - Coronavirus Relief Fund","21.019"
"TREASURY","Community Development Financial Institutions Fund - Community Development Financial Institutions (CDFI) Program- Native Initiatives","21.012"
"TREASURY","Community Development Financial Institutions Fund - Community Development Financial Institutions (CDFI) Program- Bank Enterprise Award Program","21.021"
"TREASURY","Community Development Financial Institutions Fund - Community Development Financial Institutions (CDFI) Program- Small Dollar Loan Program","21.025"
"TREASURY","Departmental Offices- Coronavirus Relief Fund -Coronavirus State and Local Fiscal Recovery Funds","21.027"
"TREASURY","Departmental Offices - State Small Business Credit Initiative- Technical Assistance Grant Program","21.031"
"TREASURY","Departmental Offices- State Small Business Credit Initiative- Competitive Technical Assistance","21.034"
"TREASURY","Internal Revenue Service - Taxpayer Services- Exchange of Federal Information with State Agencies","21.004"
"TREASURY","Internal Revenue Service - Taxpayer Services- Tax Counseling for the Elderly","21.006"
"TREASURY","Internal Revenue Service - Taxpayer Services- Lower Income Taxpayer Clinics","21.008"
"TREASURY","Internal Revenue Service - Taxpayer Services- Volunteer Income Tax Assistance Matching Grant Program","21.009"
"TREASURY","Community Development Financial Institutions - Emergency Support Program - Rapid Response Program","21.024"
"TREASURY","Community Development Financial Institutions - Emergency Support Program - Equitable Recovery Program","21.033"
"TREASURY","Departmental Offices - Coronavirus Capital Projects Fund","21.029"
"TREASURY","Departmental Offices - Emergency Capital Investment Fund","21.03"
"TREASURY","Departmental Offices - Emergency Rental Assistance","21.023"
"TREASURY","Departmental Offices - Homeowners Assistance Fund","21.026"
"TREASURY","Departmental Offices - Local Assistance and Tribal Consistency Fund","21.032"
"TREASURY","Departmental Offices - Transportation Services Economic Relief","21.028"
"TREASURY","Departmental Offices - Treasury Forfeiture Fund- Equitable Sharing ","21.016"
"TREASURY","Fiscal Service- Gulf Coast Restoration Trust Fund- Resources and Ecosystems Sustainability, Tourist Opportunities, and Revived Economies of the Gulf Coast States","21.015"
"TREASURY","Internal Revenue Service - Additional Child Tax Credit","TC.142"
"TREASURY","Internal Revenue Service - American Opportunity Tax Credit","TC.104"
"TREASURY","Internal Revenue Service - Build American Bond Payments, Recovery Act","TC.099"
"TREASURY","Internal Revenue Service - Build American Bond Payments, Recovery Act","TC.172"
"TREASURY","Internal Revenue Service - Child and Dependent Care Tax Credit","TC.123"
"TREASURY","Internal Revenue Service - Child and Dependent Care Tax Credit","TC.142"
"TREASURY","Internal Revenue Service - Earned Income Tax Credit","TC.163"
"TREASURY","Internal Revenue Service - Earned Income Tax Credit","TC.163"
"TREASURY","Internal Revenue Service - Payment to Issuer of New Clean Renewable Energy Bonds","TC.021"
"TREASURY","Internal Revenue Service - Payment to Issuer of Qualified Energy Conservation Bond","TC.019"
"TREASURY","Internal Revenue Service - Payment to Issuer of Qualified School Construction Bonds","TC.116"
"TREASURY","Internal Revenue Service - Payment to Issuer of Qualified Zone Academy Bonds","TC.109"
"TREASURY","Internal Revenue Service - Refundable Premium Assistance Tax Credit","TC.135"
"TREASURY","Internal Revenue Service - Refundable Premium Assistance Tax Credit","TC.135"
"TREASURY","Internal Revenue Service - US Coronavirus Refundable Credits","TC.164"
"TREASURY","Community Development Financial Institutions Fund - CDFI Program Loan ","21.035"
"TREASURY","Internal Revenue Service - Advanced Manufacturing Investment Credit","TC.087"
"TREASURY","Internal Revenue Service - Elective Payment for Energy Prop and Electricity Produced","TC.022"
"TREASURY","Internal Revenue Service - Elective Payment for Energy Prop and Electricity Produced","TC.023"
"TREASURY","Internal Revenue Service - Elective Payment for Energy Prop and Electricity Produced","TC.025"
"TREASURY","Internal Revenue Service - Elective Payment for Energy Prop and Electricity Produced","TC.029"
"TREASURY","Internal Revenue Service - Elective Payment for Energy Prop and Electricity Produced","TC.030"
"TREASURY","Internal Revenue Service - Elective Payment for Energy Prop and Electricity Produced","TC.032"
"TREASURY","Internal Revenue Service - Elective Payment for Energy Prop and Electricity Produced","TC.038"
"TREASURY","Internal Revenue Service - Elective Payment for Energy Prop and Electricity Produced","TC.039"
"TREASURY","Internal Revenue Service - Elective Payment for Energy Prop and Electricity Produced","TC.046"
"TREASURY","Exclusion of benefits and allowances to armed forces personnel","TC.001"
"TREASURY","Exclusion of income earned abroad by U.S. citizens","TC.002"
"TREASURY","Exclusion of certain allowances for Federal employees abroad","TC.003"
"TREASURY","Reduced tax rate on active income of controlled foreign corporations (normal tax method)","TC.004"
"TREASURY","Deduction for foreign-derived intangible income derived from trade or business within the United States","TC.005"
"TREASURY","Interest Charge Domestic International Sales Corporations (IC-DISCs)","TC.006"
"TREASURY","Expensing of research and experimentation expenditures (normal tax method)","TC.007"
"TREASURY","Credit for increasing research activities","TC.008"
"TREASURY","Expensing of exploration and development costs, oil and gas","TC.009"
"TREASURY","Expensing of exploration and development costs, coal","TC.010"
"TREASURY","Excess of percentage over cost depletion, oil and gas","TC.011"
"TREASURY","Excess of percentage over cost depletion, coal","TC.012"
"TREASURY","Exception from passive loss limitation for working interests in oil and gas properties","TC.013"
"TREASURY","Enhanced oil recovery credit","TC.014"
"TREASURY","Marginal wells credit","TC.015"
"TREASURY","Amortize all geological and geophysical expenditures over 2 years","TC.016"
"TREASURY","Capital gains treatment of royalties on coal","TC.017"
"TREASURY","Exclusion of interest on energy facility bonds","TC.018"
"TREASURY","Exclusion of utility conservation subsidies","TC.020"
"TREASURY","Advanced nuclear power production credit","TC.024"
"TREASURY","Reduced tax rate for nuclear decommissioning funds","TC.026"
"TREASURY","Alcohol fuel credits","TC.027"
"TREASURY","Bio-Diesel and small agri-biodiesel producer tax credits","TC.028"
"TREASURY","Tax credits for clean-fuel burning vehicles and refueling property","TC.033"
"TREASURY","Allowance of deduction for certain energy efficient commercial building property","TC.034"
"TREASURY","Credit for construction of new energy efficient homes","TC.035"
"TREASURY","Credit for energy efficiency improvements to existing homes","TC.036"
"TREASURY","Credit for residential energy efficient property","TC.037"
"TREASURY","Expensing of exploration and development costs, nonfuel minerals","TC.040"
"TREASURY","Excess of percentage over cost depletion, nonfuel minerals","TC.041"
"TREASURY","Exclusion of interest on bonds for water, sewage, and hazardous waste facilities","TC.042"
"TREASURY","Capital gains treatment of certain timber income","TC.043"
"TREASURY","Expensing of multiperiod timber growing costs","TC.044"
"TREASURY","Tax incentives for preservation of historic structures","TC.045"
"TREASURY","Deduction for endangered species recovery expenditures","TC.047"
"TREASURY","Expensing of certain capital outlays","TC.048"
"TREASURY","Expensing of certain multiperiod production costs","TC.049"
"TREASURY","Treatment of loans forgiven for solvent farmers","TC.050"
"TREASURY","Capital gains treatment of certain agriculture income","TC.051"
"TREASURY","Income averaging for farmers","TC.052"
"TREASURY","Deferral of gain on sale of farm refiners","TC.053"
"TREASURY","Expensing of reforestation expenditures","TC.054"
"TREASURY","Exemption of credit union income","TC.055"
"TREASURY","Exclusion of life insurance death benefits","TC.056"
"TREASURY","Exemption or special alternative tax for small property and casualty insurance companies","TC.057"
"TREASURY","Tax exemption of insurance income earned by tax-exempt organizations","TC.058"
"TREASURY","Exclusion of interest spread of financial institutions","TC.059"
"TREASURY","Exclusion of interest on owner-occupied mortgage subsidy bonds","TC.060"
"TREASURY","Exclusion of interest on rental housing bonds","TC.061"
"TREASURY","Deductibility of mortgage interest on owner-occupied homes","TC.062"
"TREASURY","Deductibility of State and local property tax on owner-occupied homes","TC.063"
"TREASURY","Deferral of income from installment sales","TC.064"
"TREASURY","Capital gains exclusion on home sales","TC.065"
"TREASURY","Exclusion of net imputed rental income","TC.066"
"TREASURY","Exception from passive loss rules for $25,000 of rental loss","TC.067"
"TREASURY","Credit for low-income housing investments","TC.068"
"TREASURY","Accelerated depreciation on rental housing (normal tax method)","TC.069"
"TREASURY","Discharge of mortgage indebtedness","TC.070"
"TREASURY","Premiums for mortgage insurance deductible as interest","TC.071"
"TREASURY","Discharge of business indebtedness","TC.072"
"TREASURY","Exceptions from imputed interest rules","TC.073"
"TREASURY","Treatment of qualified dividends","TC.074"
"TREASURY","Capital gains (except agriculture, timber, iron ore, and coal)","TC.075"
"TREASURY","Capital gains exclusion of small corporation stock","TC.076"
"TREASURY","Step-up basis of capital gains at death","TC.077"
"TREASURY","Carryover basis of capital gains on gifts","TC.078"
"TREASURY","Ordinary income treatment of loss from small business corporation stock sale","TC.079"
"TREASURY","Deferral of capital gains from like-kind exchanges","TC.080"
"TREASURY","Depreciation of buildings other than rental housing (normal tax method)","TC.081"
"TREASURY","Accelerated depreciation of machinery and equipment (normal tax method)","TC.082"
"TREASURY","Expensing of certain small investments (normal tax method)","TC.083"
"TREASURY","Exclusion of interest on small issue bonds","TC.084"
"TREASURY","Special rules for certain film and TV production","TC.085"
"TREASURY","Allow 20-percent deduction to certain pass-through income","TC.086"
"TREASURY","Tonnage tax","TC.088"
"TREASURY","Deferral of tax on shipping companies","TC.089"
"TREASURY","Exclusion of reimbursed employee parking expenses","TC.090"
"TREASURY","Exclusion for employer-provided transit passes","TC.091"
"TREASURY","Tax credit for certain expenditures for maintaining railroad tracks","TC.092"
"TREASURY","Exclusion of interest on bonds for Highway Projects and rail-truck transfer facilities","TC.093"
"TREASURY","Exclusion of interest for airport, dock, and similar bonds","TC.094"
"TREASURY","Exemption of certain mutuals' and cooperatives' income","TC.095"
"TREASURY","Empowerment zones","TC.096"
"TREASURY","New markets tax credit","TC.097"
"TREASURY","Credit to holders of Gulf and Midwest Tax Credit Bonds .","TC.098"
"TREASURY","Tribal Economic Development Bonds","TC.100"
"TREASURY","Opportunity Zones","TC.101"
"TREASURY","Disaster employee retention credit","TC.102"
"TREASURY","Exclusion of scholarship and fellowship income (normal tax method)","TC.103"
"TREASURY","Deductibility of student-loan interest","TC.105"
"TREASURY","Qualified tuition programs (includes Education IRA)","TC.106"
"TREASURY","Exclusion of interest on student-loan bonds","TC.107"
"TREASURY","Exclusion of interest on bonds for private nonprofit educational facilities","TC.108"
"TREASURY","Exclusion of interest on savings bonds redeemed to finance educational expenses","TC.110"
"TREASURY","Parental personal exemption for students age 19 or over","TC.111"
"TREASURY","Deductibility of charitable contributions to educational institutions","TC.112"
"TREASURY","Exclusion of employer-provided educational assistance","TC.113"
"TREASURY","Special deduction for teacher expenses","TC.114"
"TREASURY","Discharge of student loan indebtedness","TC.115"
"TREASURY","Work opportunity tax credit","TC.117"
"TREASURY","Employer provided child care exclusion","TC.118"
"TREASURY","Employer-provided child care credit","TC.119"
"TREASURY","Assistance for adopted foster children","TC.120"
"TREASURY","Adoption credit and exclusion","TC.121"
"TREASURY","Exclusion of employee meals and lodging (other than military)","TC.122"
"TREASURY","Credit for disabled access expenditures","TC.124"
"TREASURY","Deductibility of charitable contributions, other than education and health","TC.125"
"TREASURY","Exclusion of certain foster care payments","TC.126"
"TREASURY","Exclusion of parsonage allowances","TC.127"
"TREASURY","Indian employment credit","TC.128"
"TREASURY","Employer-provided paid family and medical leave credit","TC.129"
"TREASURY","Exclusion of employer contributions for medical insurance premiums and medical care","TC.130"
"TREASURY","Self-employed medical insurance premiums","TC.131"
"TREASURY","Medical Savings Accounts / Health Savings Accounts","TC.132"
"TREASURY","Deductibility of medical expenses","TC.133"
"TREASURY","Exclusion of interest on hospital construction bonds","TC.134"
"TREASURY","Credit for employee health insurance expenses of small business","TC.136"
"TREASURY","Deductibility of charitable contributions to health institutions","TC.137"
"TREASURY","Tax credit for orphan drug research","TC.138"
"TREASURY","Special Blue Cross/Blue Shield tax benefits","TC.139"
"TREASURY","Distributions from retirement plans for premiums for health and long-term care insurance","TC.140"
"TREASURY","Credit for family and sick leave taken by self-employed individuals","TC.141"
"TREASURY","Other Dependent Tax Credit","TC.143"
"TREASURY","Exclusion of railroad retirement (Social Security equivalent) benefits","TC.144"
"TREASURY","Exclusion of workers' compensation benefits","TC.145"
"TREASURY","Exclusion of public assistance benefits (normal tax method)","TC.146"
"TREASURY","Exclusion of special benefits for disabled coal miners","TC.147"
"TREASURY","Exclusion of military disability pensions","TC.148"
"TREASURY","Net exclusion of pension contributions and earnings: Defined benefit employer plans","TC.149"
"TREASURY","Net exclusion of pension contributions and earnings: Defined contribution employer plans","TC.150"
"TREASURY","Net exclusion of pension contributions and earnings: Individual Retirement Accounts","TC.151"
"TREASURY","Net exclusion of pension contributions and earnings: Low and moderate income savers credit","TC.152"
"TREASURY","Net exclusion of pension contributions and earnings: Self-Employed plans","TC.153"
"TREASURY","Small employer pension plan startup credit","TC.154"
"TREASURY","Exclusion of other employee benefits: Premiums on group term life insurance","TC.155"
"TREASURY","Exclusion of other employee benefits: Premiums on accident and disability insurance","TC.156"
"TREASURY","Income of trusts to finance supplementary unemployment benefits","TC.157"
"TREASURY","Income of trusts to finance voluntary employee benefits associations","TC.158"
"TREASURY","Special Employee Stock Ownership Plan (ESOP) rules","TC.159"
"TREASURY","Additional deduction for the blind","TC.160"
"TREASURY","Additional deduction for the elderly","TC.161"
"TREASURY","Deductibility of casualty losses","TC.162"
"TREASURY","Exclusion of social security benefits: Social Security benefits for retired and disabled workers and spouses, dependents and survivors","TC.165"
"TREASURY","Exclusion of social security benefits: Credit for certain employer contributions to social security","TC.166"
"TREASURY","Exclusion of veterans death benefits and disability compensation","TC.167"
"TREASURY","Exclusion of veterans pensions","TC.168"
"TREASURY","Exclusion of GI bill benefits","TC.169"
"TREASURY","Exclusion of interest on veterans housing bonds","TC.170"
"TREASURY","Exclusion of interest on public purpose State and local bonds","TC.171"
"TREASURY","Deductibility of nonbusiness State and local taxes other than on owner-occupied homes","TC.173"
"TREASURY","Deferral of interest on U.S. savings bonds","TC.174"
"TREASURY","Internal Revenue Service - Clean Vehicle Credit","TC.031"
"USAGM","Middle East Broadcasting Networks (MBN/MN)","90.5"
"USAGM","Open Technology Fund (OTF)","90.5"
"USAGM","Radio Free Asia (RFA)","90.5"
"USAGM","Radio Free Europe (RFE/RL)","90.5"
"USAGM","Frontline Media Fund (FMF)","90.5"
"USDA","Agricultural Marketing Service (AMS) - Acer Access Development Program","10.174"
"USDA","Agricultural Marketing Service (AMS) - Dairy Business Innovation Initiatives","10.176"
"USDA","Agricultural Marketing Service (AMS) - Farmers Market and Local Food Promotion Program","10.175"
"USDA","Agricultural Marketing Service (AMS) - Federal-State Marketing Improvement Program","10.156"
"USDA","Agricultural Marketing Service (AMS) - Inspection Grading and Standardization","10.162"
"USDA","Agricultural Marketing Service (AMS) - Local Food for Schools Cooperative Agreement Program","10.185"
"USDA","Agricultural Marketing Service (AMS) - Local Food Purchase Agreements with States, Tribes, and Local Governments","10.182"
"USDA","Agricultural Marketing Service (AMS) - Local Meat Capacity Grants","10.189"
"USDA","Agricultural Marketing Service (AMS) - Market News","10.153"
"USDA","Agricultural Marketing Service (AMS) - Market Protection and Promotion","10.163"
"USDA","Agricultural Marketing Service (AMS) - Marketing  Agreements ad Orders","10.155"
"USDA","Agricultural Marketing Service (AMS) - Meat and Poultry Inspection Readiness Grants - Supplemental Funding","10.18"
"USDA","Agricultural Marketing Service (AMS) - Micro-Grants for Food Security Program","10.179"
"USDA","Agricultural Marketing Service (AMS) - Organic Market Development Grant (OMDG) Program","10.188"
"USDA","Agricultural Marketing Service (AMS) - Pandemic Market Volatlity Assistance Program","10.183"
"USDA","Agricultural Marketing Service (AMS) - Pandemic Relief Activities: Farm and Food Worker Relief Grant Program","10.181"
"USDA","Agricultural Marketing Service (AMS) - Pandemic Relief Activities: Meat and Poultry Processing Capacity - Technical Assistance Grants","10.184"
"USDA","Agricultural Marketing Service (AMS) - Perishable Agricultural Commodities Act","10.165"
"USDA","Agricultural Marketing Service (AMS) - Regional Food Business Centers","10.186"
"USDA","Agricultural Marketing Service (AMS) - Regional Food System Partnerships","10.177"
"USDA","Agricultural Marketing Service (AMS) - Resilient Food System Infrastructure Program","10.19"
"USDA","Agricultural Marketing Service (AMS) - Sheep Production and Marketing Grant Program","10.173"
"USDA","Agricultural Marketing Service (AMS) - Specialty Crop Block Grant Program - Farm Bill","10.17"
"USDA","Agricultural Marketing Service (AMS) - Transportation Services","10.167"
"USDA","Agricultural Marketing Service (AMS) - Wholesale Farmers and Alternative Market Development","10.164"
"USDA","Pandemic Assistance for Cotton Merchandisers","10.191"
"USDA","TEFAP CCC Eligible Recipient Funds","10.187"
"USDA","Dairy Margin Coverage Program","10.135"
"USDA","CNMI Nutrition Assistance","10.539"
"USDA","National School Lunch Program","10.555"
"USDA","WIC Special Supplemental Nutrition Program for Women, Infants, and Children","10.557"
"USDA","FS-02 National Forest System","10.704"
"USDA","FS-02 National Forest System","10.701"
"USDA","FS-02 National Forest System","10.705"
"USDA","FS-02 National Forest System","10.711"
"USDA","FS-02 National Forest System","10.684"
"USDA","FS-02 National Forest System","10.693"
"USDA","FS-02 National Forest System","10.683"
"USDA","FS-02 National Forest System","10.691"
"USDA","FS-02 National Forest System","10.682"
"USDA","FS-02 National Forest System","10.699"
"USDA","FS-02 National Forest System","10.708"
"USDA","FS-02 National Forest System","10.697"
"USDA","FS-02 National Forest System","10.674"
"USDA","FS-02 National Forest System","10.681"
"USDA","FS-02 National Forest System","10.718"
"USDA","FS-02 National Forest System","10.664"
"USDA","FS-02 National Forest System","10.698"
"USDA","FS-02 National Forest System","10.707"
"USDA","FS-05 State, Private, and Tribal Forestry","10.69"
"USDA","FS-05 State, Private, and Tribal Forestry","10.675"
"USDA","FS-05 State, Private, and Tribal Forestry","10.678"
"USDA","FS-05 State, Private, and Tribal Forestry","10.68"
"USDA","FS-05 State, Private, and Tribal Forestry","10.689"
"USDA","FS-05 State, Private, and Tribal Forestry","10.723"
"USDA","FS-05 State, Private, and Tribal Forestry","10.726"
"USDA","FS-05 State, Private, and Tribal Forestry","10.73"
"USDA","FS-05 State, Private, and Tribal Forestry","10.674"
"USDA","FS-05 State, Private, and Tribal Forestry","10.681"
"USDA","FS-05 State, Private, and Tribal Forestry","10.694"
"USDA","FS-05 State, Private, and Tribal Forestry","10.664"
"USDA","FS-05 State, Private, and Tribal Forestry","10.72"
"USDA","FS-05 State, Private, and Tribal Forestry","10.725"
"USDA","FS-05 State, Private, and Tribal Forestry","10.684"
"USDA","FS-05 State, Private, and Tribal Forestry","10.693"
"USDA","FS-05 State, Private, and Tribal Forestry","10.698"
"USDA","FS-05 State, Private, and Tribal Forestry","10.732"
"USDA","FS-05 State, Private, and Tribal Forestry","10.737"
"USDA","FS-05 State, Private, and Tribal Forestry","10.683"
"USDA","FS-05 State, Private, and Tribal Forestry","10.691"
"USDA","FS-05 State, Private, and Tribal Forestry","10.707"
"USDA","FS-05 State, Private, and Tribal Forestry","10.714"
"USDA","FS-05 State, Private, and Tribal Forestry","10.682"
"USDA","FS-05 State, Private, and Tribal Forestry","10.699"
"USDA","FS-03 Wildland Fire Management","10.703"
"USDA","FS-03 Wildland Fire Management","10.711"
"USDA","FS-03 Wildland Fire Management","10.698"
"USDA","FS-03 Wildland Fire Management","10.691"
"USDA","FS-03 Wildland Fire Management","10.699"
"USDA","Extension Activities","10.318"
"USDA","Extension Activities","10.328"
"USDA","Extension Activities","10.334"
"USDA","Extension Activities","10.511"
"USDA","Extension Activities","10.512"
"USDA","Extension Activities","10.513"
"USDA","Extension Activities","10.514"
"USDA","Extension Activities","10.515"
"USDA","Extension Activities","10.516"
"USDA","Extension Activities","10.518"
"USDA","Extension Activities","10.521"
"USDA","Extension Activities","10.522"
"USDA","Extension Activities","10.525"
"USDA","Extension Activities","10.52"
"USDA","Integrated Activities","10.303"
"USDA","Integrated Activities","10.304"
"USDA","Integrated Activities","10.309"
"USDA","Integrated Activities","10.329"
"USDA","Research & Education Activities","10.226"
"USDA","Research & Education Activities","10.203"
"USDA","Research & Education Activities","10.207"
"USDA","Research & Education Activities","10.21"
"USDA","Research & Education Activities","10.215"
"USDA","Research & Education Activities","10.216"
"USDA","Research & Education Activities","10.217"
"USDA","Research & Education Activities","10.22"
"USDA","Research & Education Activities","10.223"
"USDA","Research & Education Activities","10.227"
"USDA","Research & Education Activities","10.233"
"USDA","Research & Education Activities","10.245"
"USDA","Research & Education Activities","10.246"
"USDA","Research & Education Activities","10.31"
"USDA","Research & Education Activities","10.313"
"USDA","Research & Education Activities","10.319"
"USDA","Research & Education Activities","10.32"
"USDA","Research & Education Activities","10.322"
"USDA","Research & Education Activities","10.326"
"USDA","Research & Education Activities","10.33"
"USDA","Research & Education Activities","10.332"
"USDA","Research & Education Activities","10.336"
"USDA","Research & Education Activities","10.523"
"USDA","Research & Education Activities","10.524"
"USDA","Research & Education Activities","10.527"
"USDA","Water Bank Program","10.929"
"USDA","Federal Crop Insurance Corporation (FCIC)","10.45"
"USDA","Rural Business-Cooperative Service (RBCS) Grant Programs and Cooperative Agreement Programs","10.351"
"USDA","Rural Business-Cooperative Service (RBCS) Grant Programs and Cooperative Agreement Programs","10.352"
"USDA","Rural Business-Cooperative Service (RBCS) Grant Programs and Cooperative Agreement Programs","10.377"
"USDA","Rural Business-Cooperative Service (RBCS) Grant Programs and Cooperative Agreement Programs","10.381"
"USDA","Rural Business-Cooperative Service (RBCS) Grant Programs and Cooperative Agreement Programs","10.382"
"USDA","Rural Business-Cooperative Service (RBCS) Grant Programs and Cooperative Agreement Programs","10.754"
"USDA","Rural Business-Cooperative Service (RBCS) Grant Programs and Cooperative Agreement Programs","10.771"
"USDA","Rural Business-Cooperative Service (RBCS) Grant Programs and Cooperative Agreement Programs","10.854"
"USDA","Rural Business-Cooperative Service (RBCS) Grant Programs and Cooperative Agreement Programs","10.871"
"USDA","Rural Business-Cooperative Service (RBCS) Grant Programs and Cooperative Agreement Programs","10.872"
"USDA","Rural Business-Cooperative Service (RBCS) Grant Programs and Cooperative Agreement Programs","10.175"
"USDA","Rural Business-Cooperative Service (RBCS) Grant Programs and Cooperative Agreement Programs","10.782"
"USDA","Rural Business-Cooperative Service (RBCS) Grant Programs and Cooperative Agreement Programs","10.868"
"USDA","Rural Business-Cooperative Service (RBCS) Grant Programs and Cooperative Agreement Programs","10.87"
"USDA","Rural Business-Cooperative Service (RBCS) Grant Programs and Cooperative Agreement Programs","10.755"
"USDA","Rural Business-Cooperative Service (RBCS) Grant Programs and Cooperative Agreement Programs","10.782"
"USDA","Rural Business-Cooperative Service (RBCS) Guaranteed Loan Programs","10.768"
"USDA","Rural Business-Cooperative Service (RBCS) Guaranteed Loan Programs","10.768"
"USDA","Rural Business-Cooperative Service (RBCS) Guaranteed Loan Programs","10.868"
"USDA","Rural Business-Cooperative Service (RBCS) Guaranteed Loan Programs","10.865"
"USDA","Rural Business-Cooperative Service (RBCS) Payment Assistance","10.378"
"USDA","Rural Business-Cooperative Service (RBCS) Payment Assistance","10.867"
"USDA","Dairy Margin Coverage","10.127"
"USDA","FS-12 Management of National Forest Lands for Subsistence Uses","10.702"
"USDA","Livestock Forage Disaster Program","10.089"
"USDA","Research & Education Activities; Integrated Activities","10.212"
"USDA","Research & Education Activities; Integrated Activities","10.219"
"USDA","Research & Education Activities; Integrated Activities","10.212"
"USDA","Research & Education Activities; Integrated Activities","10.219"
"USDA","Wetland Mitigation Banking Program","10.933"
"USDA","FS-03 Wildland Fire Management","10.679"
"USDA","FS-03 Wildland Fire Management","10.694"
"USDA","FS-03 Wildland Fire Management","10.716"
"USDA","FS-03 Wildland Fire Management","10.722"
"USDA","FS-03 Wildland Fire Management","10.729"
"USDA","FS-03 Wildland Fire Management","10.664"
"USDA","FS-03 Wildland Fire Management","10.693"
"USDA","FS-03 Wildland Fire Management","10.724"
"USDA","FS-03 Wildland Fire Management","10.732"
"USDA","FS-03 Wildland Fire Management","10.737"
"USDA","FS-03 Wildland Fire Management","10.683"
"USDA","FS-03 Wildland Fire Management","10.707"
"USDA","FS-03 Wildland Fire Management","10.714"
"USDA","FS-03 Wildland Fire Management","10.682"
"USDA","Food and Nutrition Service (FNS) Child and Adult Care Food Program","10.558"
"USDA","Food and Nutrition Service (FNS) Child and Adult Care Food Program","10.558"
"USDA","Food and Nutrition Service (FNS) Child and Adult Care Food Program","10.558"
"USDA","FS-02 National Forest System","10.715"
"USDA","FS-02 National Forest System","10.717"
"USDA","FS-02 National Forest System","10.733"
"USDA","FS-02 National Forest System","10.735"
"USDA","FS-02 National Forest System","10.716"
"USDA","FS-02 National Forest System","10.722"
"USDA","FS-02 National Forest System","10.725"
"USDA","FS-02 National Forest System","10.729"
"USDA","FS-02 National Forest System","10.724"
"USDA","FS-02 National Forest System","10.732"
"USDA","FS-02 National Forest System","10.737"
"USDA","FS-02 National Forest System","10.714"
"USDA","FS-02 National Forest System","10.679"
"USDA","FS-05 State, Private, and Tribal Forestry","10.676"
"USDA","FS-05 State, Private, and Tribal Forestry","10.719"
"USDA","FS-05 State, Private, and Tribal Forestry","10.721"
"USDA","FS-05 State, Private, and Tribal Forestry","10.727"
"USDA","FS-05 State, Private, and Tribal Forestry","10.728"
"USDA","FS-05 State, Private, and Tribal Forestry","10.731"
"USDA","FS-05 State, Private, and Tribal Forestry","10.734"
"USDA","FS-05 State, Private, and Tribal Forestry","10.736"
"USDA","Integrated Activities","10.239"
"USDA","Integrated Activities","10.247"
"USDA","Integrated Activities","10.305"
"USDA","Integrated Activities","10.307"
"USDA","Integrated Activities","10.333"
"USDA","Outreach and Assistance for Socially Disadvantaged and Veteran Farmers and Ranchers","10.443"
"USDA","Socially Disadvantaged Farmers and Ranchers Policy Research Center","10.464"
"USDA","Watershed Protection and Flood Prevention","10.904"
"USDA","Watershed Rehabilitation Program","10.916"
"USDA","Emergency Watershed Protection Program","10.923"
"USDA","Emergency Watershed Protection Program – Disaster Relief Appropriations Act","10.927"
"USDA","Emergency Watershed Protection Program – Floodplain Easements & Disaster Relief Appropriations Act","10.928"
"USDA","Emergency Relief Program","10.964"
"USDA","Emergency Relief Program 2022","10.979"
"USDA","Emerging Markets Program","10.603"
"USDA","Foreign Market Development Cooperator Program","10.6"
"USDA","Market Access Program","10.601"
"USDA","Quality Samples Program","10.605"
"USDA","Regional Agricultural Promotion Program","10.618"
"USDA","Technical Assistance for Specialty Crops Program","10.604"
"USDA","Wildlife Services","10.028"
"USDA","Conservation Outreach, Education and Technical Assistance","10.938"
"USDA","Soil and Water Conservation","10.902"
"USDA","Agricultural Conservation Easement Program","10.931"
"USDA","Conservation Stewardship Program","10.924"
"USDA","Environmental Quality Incentives Program","10.912"
"USDA","Feral Swine Eradication and Control Pilot Program","10.934"
"USDA","Regional Conservation Partnership Program","10.932"
"USDA","Voluntary Public Access and Habitat Incentive Program","10.093"
"USDA","Emergency Livestock Relief Program","10.148"
"USDA","Emergency Livestock Relief Program 2022","10.98"
"USDA","Coronavirus Food Assistance Program 1","10.13"
"USDA","Coronavirus Food Assistance Program 2","10.132"
"USDA","Conservation Loans","10.099"
"USDA","Farm Service Agency (FSA) Boll Weevil Eradication Loan Program","10.449"
"USDA","Farm Service Agency (FSA) Emergency Loans","10.404"
"USDA","Farm Service Agency (FSA) Farm Operating Loans and Loan Guarantees","10.406"
"USDA","Farm Service Agency (FSA) Farm Ownership Loans and Loan Guarantees","10.407"
"USDA","Farm Service Agency (FSA) Indian Tribes and Tribal Corporation Loans","10.421"
"USDA","Heirs’ Property Relending Program","10.128"
"USDA","Plant and Animal Disease, Pest Control, and Animal Care","10.025"
"USDA","Plant and Animal Disease, Pest Control, and Animal Care","10.025"
"USDA","WIC Special Supplemental Nutrition Program for Women, Infants, and Children","10.557"
"USDA","WIC Special Supplemental Nutrition Program for Women, Infants, and Children","10.557"
"USDA","National School Lunch Program","10.555"
"USDA","National School Lunch Program","10.555"
"USDA","National School Lunch Program","10.555"
"USDA","National School Lunch Program","10.555"
"USDA","National School Lunch Program","10.555"
"USDA","National School Lunch Program","10.555"
"USDA","National School Lunch Program","10.555"
"USDA","Supplemental Nutrition Assistance Program","10.551"
"USDA","Rural Business-Cooperative Service (RBCS) Grant Programs and Cooperative Agreement Programs","10.383"
"USDA","Rural Business-Cooperative Service (RBCS) Grant Programs and Cooperative Agreement Programs","10.384"
"USDA","Rural Business-Cooperative Service (RBCS) Grant Programs and Cooperative Agreement Programs","10.874"
"USDA","Rural Business-Cooperative Service (RBCS) Guaranteed Loan Programs","10.38"
"USDA","Rural Business-Cooperative Service (RBCS) Guaranteed Loan Programs","10.385"
"USDA","Extension Activities","10.244"
"USDA","Extension Activities","10.311"
"USDA","Extension Activities","10.331"
"USDA","Extension Activities","10.342"
"USDA","Extension Activities","10.5"
"USDA","Extension Activities","10.517"
"USDA","Research & Education Activities","10.2"
"USDA","Research & Education Activities","10.202"
"USDA","Research & Education Activities","10.205"
"USDA","Research & Education Activities","10.221"
"USDA","Research & Education Activities","10.222"
"USDA","Research & Education Activities","10.228"
"USDA","Research & Education Activities","10.229"
"USDA","Research & Education Activities","10.23"
"USDA","Research & Education Activities","10.231"
"USDA","Research & Education Activities","10.232"
"USDA","Research & Education Activities","10.236"
"USDA","Research & Education Activities","10.237"
"USDA","Research & Education Activities","10.308"
"USDA","Research & Education Activities","10.519"
"USDA","Rural Housing Service (RHS) Multi-Family Housing Preservation and Revitalization Demo Program","10.447"
"USDA","Rural Housing Service (RHS) Multi-Family Housing Preservation and Revitalization Demo Program","10.447"
"USDA","Community Facilities Community Program Grants; Rural Community Development Initiative Grants; Community Facilities Direct Loans","10.766"
"USDA","FS-08 Permanent Appropriations","10.666"
"USDA","FS-08 Permanent Appropriations","10.665"
"USDA","Rural Housing Service (RHS) Farm Labor Housing Loans (Section 514) and Grants (Section 516)","10.495"
"USDA","Rural Housing Service (RHS) Farm Labor Housing Loans (Section 514) and Grants (Section 516)","10.405"
"USDA","Rural Housing Service (RHS) Housing Loans and Grants - Other","10.433"
"USDA","Rural Housing Service (RHS) Housing Loans and Grants - Other","10.411"
"USDA","Rural Housing Service (RHS) Housing Loans and Grants - Other","10.42"
"USDA","Rural Housing Services (RHS) Multi-Family Housing Non-Profit Transfer Technical Assistance Grants","10.494"
"USDA","Rural Utilities Service (RUS) Powering Affordable Clean Energy (PACE) Program","10.757"
"USDA","*Internal Apportionment from OSEC*","10.234"
"USDA","*Internal Apportionment from OSEC*","10.238"
"USDA","*Internal Apportionment from OSEC*","10.241"
"USDA","*Internal Apportionment from OSEC*","10.243"
"USDA","Indemnity Program","10.03"
"USDA","Agriculture Risk/Price Loss Coverage Program","10.113"
"USDA","Agriculture Risk/Price Loss Coverage Program","10.113"
"USDA","Agriculture Wool Apparel Manufacturers Trust Fund","10.616"
"USDA","Biomass Crop Assistance Program","10.087"
"USDA","Conservation Reserve Program","10.069"
"USDA","Dairy Indemnity Program","10.053"
"USDA","Emergency Assistance for Livestock, Honeybees and Farm-Raised Fish Program","10.11"
"USDA","Export Guarantee Program","10.61"
"USDA","Farm Storage Facility Loans","10.056"
"USDA","Food for Progress","10.606"
"USDA","Commodity Credit Corporation (CCC) Hazardous Waste Activities","10.125"
"USDA","Market Facilitation Program","10.123"
"USDA","Pima Agriculture Cotton Trust Fund","10.615"
"USDA","Tree Assistance Program","10.111"
"USDA","Emergency Conservation Program","10.054"
"USDA","Farm Service Agency (FSA) Emergency Forest Restoration Program","10.102"
"USDA","Commodity Credit Corporation (CCC) Livestock Forage Disaster Program","10.109"
"USDA","Livestock Indemnity Program-2014 Farm Bill","10.108"
"USDA","Commodity Loans and Loan Deficiency Payments  ","10.051"
"USDA","Noninsured Crop Disaster Assistance Program","10.451"
"USDA","Reimbursement Transportation Cost Payment Program","10.098"
"USDA","Spot Market Hog Pandemic Program (SMHPP)","10.144"
"USDA","State Mediation Grants","10.435"
"USDA","Pandemic Assistance for Timber Harvesters and Haulers (PATHH) Program","10.137"
"USDA","Pandemic Livestock Indemnity Program","10.138"
"USDA","Quality Loss Adjustment Program","10.133"
"USDA","Wildfires and Hurricanes Indemnity Program","10.12"
"USDA","Wildfires and Hurricanes Indemnity Program Plus","10.129"
"USDA","Commodity Supplemental Food Program","10.565"
"USDA","WIC Farmers' Market Nutrition Program (FMNP)","10.572"
"USDA","Food Distribution Program on Indian Reservations","10.567"
"USDA","Nutrition Assistance for Puerto Rico","10.566"
"USDA","Pandemic EBT Food Benefits","10.542"
"USDA","School Breakfast Program","10.553"
"USDA","Senior Farmers Market Nutrition Program","10.576"
"USDA","Food and Nutrition Service (FNS) Summer Food Service Program (SFSP)","10.559"
"USDA","Food and Nutrition Service (FNS) Summer Food Service Program (SFSP)","10.559"
"USDA","Supplemental Nutrition Assistance Program","10.551"
"USDA","Emergency Food Assistance Program (Food Commodities)","10.569"
"USDA","Cooperative State Food Safety & Inspection","10.475"
"USDA","Cooperative State Food Safety & Inspection","10.477"
"USDA","Cooperative State Food Safety & Inspection","10.479"
"USDA","Food for Education","10.608"
"USDA","FS-04 Capital Improvement and Maintenance","10.718"
"USDA","FS-04 Capital Improvement and Maintenance","10.705"
"USDA","FS-04 Capital Improvement and Maintenance","10.724"
"USDA","FS-04 Capital Improvement and Maintenance","10.682"
"USDA","FS-04 Capital Improvement and Maintenance","10.699"
"USDA","FS-06 Forest and Rangeland Research","10.652"
"USDA","FS-06 Forest and Rangeland Research","10.707"
"USDA","FS-06 Forest and Rangeland Research","10.684"
"USDA","FS-06 Forest and Rangeland Research","10.683"
"USDA","FS-06 Forest and Rangeland Research","10.714"
"USDA","FS-06 Forest and Rangeland Research","10.682"
"USDA","FS-09 Forest Service Trust Funds","10.691"
"USDA","FS-10 Land Acquisition","10.699"
"USDA","FS-08 Permanent Appropriations","10.706"
"USDA","FS-08 Permanent Appropriations","10.712"
"USDA","FS-07 Stewardship Contracting Product Sales","10.701"
"USDA","Community Food Projects","10.225"
"USDA","Plant Materials for Conservation","10.905"
"USDA","Snow Survey and Water Supply Forecasting","10.907"
"USDA","Soil Survey","10.903"
"USDA","Urban Agriculture and Innovative Production Grants Program (UAIP)","10.935"
"USDA","Rural Development Policy Public Service and Leadership Development Program","10.996"
"USDA","Rural Business-Cooperative Service (RBCS) Relending Programs","10.767"
"USDA","Rural Business-Cooperative Service (RBCS) Relending Programs","10.87"
"USDA","Rural Housing Service (RHS) Community Facilities Community Program Grants","10.859"
"USDA","Rural Housing Service (RHS) Community Facilities Community Program Grants","10.766"
"USDA","Rural Housing Service (RHS) Community Facilities Direct Loans","10.766"
"USDA","Rural Housing Service (RHS) Community Facilities Guaranteed Loans","10.766"
"USDA","Rural Housing Service (RHS) Housing Loans and Grants - Other","10.417"
"USDA","Rural Housing Service (RHS) Multi-Family Housing Guaranteed Loans (Section 538 Loans)","10.438"
"USDA","Rural Housing Service (RHS) Multi-Family Housing Rental Assistance Program","10.427"
"USDA","Rural Housing Service (RHS) Multi-Family Housing Rural Rental Housing Direct Loans (Section 515)","10.415"
"USDA","Rural Housing Service (RHS) Multi-Family Housing Rural Rental Housing Direct Loans (Section 515) (HIM Disasters)","10.415"
"USDA","Rural Housing Service (RHS) Rural Community Development Initiative Grants","10.446"
"USDA","Rural Housing Service (RHS) Single Family Housing Direct Loans","10.448"
"USDA","Rural Housing Service (RHS) Single Family Housing Direct Loans","10.41"
"USDA","Rural Housing Service (RHS) Single Family Housing Guaranteed Loans","10.41"
"USDA","Rural Utilities Service (RUS) Broadband Telecom Loans - Treasury Rate","10.886"
"USDA","Rural Utilities Service (RUS) Community Connect Grants","10.863"
"USDA","Rural Utilities Service (RUS) Community Connect Grants","10.855"
"USDA","Rural Utilities Service (RUS) Congressional Earmarked Funds","10.763"
"USDA","Rural Utilities Service (RUS) Congressional Earmarked Funds","10.759"
"USDA","Rural Utilities Service (RUS) Congressional Earmarked Funds","10.76"
"USDA","Rural Utilities Service (RUS) Electric Loan Programs - Direct Treasury Rate","10.85"
"USDA","Rural Utilities Service (RUS) Electric Loan Programs FFB Guaranteed Loans","10.85"
"USDA","Rural Utilities Service (RUS) Grants - Other - Electric","10.858"
"USDA","Rural Utilities Service (RUS) Grants - Other - Electric","10.859"
"USDA","Rural Utilities Service (RUS) Rural Energy Savings Program","10.751"
"USDA","Rural Utilities Service (RUS) Rural Telecommunications - Distance Learning and Telemedicine","10.855"
"USDA","Rural Utilities Service (RUS) Rural Telecommunications - Infrastructure Investment and Jobs Act","10.752"
"USDA","Rural Utilities Service (RUS) Rural Telecommunications - Infrastructure Investment and Jobs Act","10.886"
"USDA","Rural Utilities Service (RUS) Rural Telecommunications - ReConnect Program","10.752"
"USDA","Rural Utilities Service (RUS) Rural Telecommunications - ReConnect Program","10.855"
"USDA","Rural Utilities Service (RUS) Rural Telecommunications Loans - FFB Telecom Loans","10.851"
"USDA","Rural Utilities Service (RUS) Rural Telecommunications Loans - Treasury Telecom Loan","10.851"
"USDA","Rural Utilities Service (RUS) Rural Utilities Electric Program - Direct 5%","10.85"
"USDA","Rural Utilities Service (RUS) Rural Utilities Electric Program - Municipal Rate","10.85"
"USDA","Rural Utilities Service (RUS) Water and Waste Disposal Loans and Grants Section 306C","10.77"
"USDA","Rural Utilities Service (RUS) Water and Waste Disposal Loans and Grants Section 306C","10.76"
"USDA","Rural Utilities Service (RUS) Water and Waste Disposal Systems for Rural Communities Grants","10.759"
"USDA","Rural Utilities Service (RUS) Water and Waste Disposal Systems for Rural Communities Grants","10.76"
"USDA","Rural Utilities Service (RUS) Water and Waste Disposal Systems for Rural Communities Grants (HIM Disasters)","10.76"
"USDA","Rural Utilities Service (RUS) Water and Waste Disposal Systems for Rural Communities Loans","10.76"
"USDA","Rural Utilities Service (RUS) Water and Waste Guaranteed Loans","10.76"
"USDA","Rural Utilities Service (RUS) WEP Technical Assistance - Revolving","10.762"
"USDA","Rural Utilities Service (RUS) WEP Technical Assistance - Revolving","10.761"
"USDA","Rural Utilities Service (RUS) WEP Technical Assistance - Revolving","10.862"
"USDA","Rural Utilities Service (RUS) WEP Technical Assistance - Revolving","10.864"
"USDA","Rural Utilities Service (RUS) WEP Technical Assistance - Revolving","10.76"
"USDA","Emergency Grain Storage Facility Program","10.973"
"USDA","Rice Production Program","10.976"
"USDA","Healthy Forests Reserve Program (HFRP)","10.922"
"USDA","Partnerships for Climate- Smart Commodities","10.937"
"USDA","Agricultural and Food Policy Research Centers","10.291"
"USDA","Agricultural Market and Economic Research","10.29"
"USDA","Agricultural Marketing Service (AMS) - Bison Production and Marketing Grant Program","10.192"
"USDA","Agricultural Marketing Service (AMS) - Commodity Credit Corporation (CCC) Funding to Alleviate Emergency Supply Chain Disruption in the Commodity Supplemental Food Program (CSFP)","10.194"
"USDA","Agricultural Marketing Service (AMS) - Commodity Credit Corporation (CCC) Funding to Alleviate Emergency Supply Chain Disruption in the Food Distribution Program on Indian Reservation","10.193"
"USDA","Assisting Specialty Crop Exports","10.621"
"USDA","Bill Emerson National Hunger Fellows and Mickey Leland International Hunger Fellows Programs","10.593"
"USDA","Borlaug Executive Leadership Program","10.776"
"USDA","Child Nutrition Discretionary Grants Limited Availability","10.579"
"USDA","Child Nutrition-Technology Innovation Grant","10.541"
"USDA","Cochran Fellowship Program","10.962"
"USDA","Commodity Credit Corporation (CCC) Bill Emerson Humanitarian Trust Program","10.079"
"USDA","Commodity Credit Corporation (CCC) Cotton Transition Assistance Program","10.114"
"USDA","Commodity Credit Corporation (CCC) Oriental Fruit Fly Program","10.134"
"USDA","Commodity Credit Corporation (CCC) The Margin Protection Program","10.116"
"USDA","Commodity Credit Corporation (CCC) Trade Mitigation Program (TMP/FPD)","10.178"
"USDA","Coronavirus Food Assistance Program (CFAP) Training Grants","10.536"
"USDA","Cotton and Wool Apparel Program","10.149"
"USDA","Emergency Food Assistance Program (Administrative Costs)","10.568"
"USDA","Emergency Livestock Relief Program 2023 and 2024","10.986"
"USDA","Emergency Relief Program Outreach Education and Technical Assistance","10.975"
"USDA","Faculty Exchange Program","10.613"
"USDA","Farm Service Agency (FSA) 220 Block Grants","10.967"
"USDA","Farm Service Agency (FSA) Commodity Container Assistance Program","10.966"
"USDA","Farm Service Agency (FSA) Commodity Storage Assistance Program","10.981"
"USDA","Farm Service Agency (FSA) Conservation Reserve Program Transition Incentive Program: Outreach, Technical Assistance, and Research Agreements","10.969"
"USDA","Farm Service Agency (FSA) Discrimination Financial Assistance Program","10.984"
"USDA","Farm Service Agency (FSA) DSA COVID Relief Program","10.974"
"USDA","Farm Service Agency (FSA) Emergency Commodity Assistance Program","10.121"
"USDA","Farm Service Agency (FSA) Farm Labor Stabilization and Protection Pilot Grant Program","10.978"
"USDA","Farm Service Agency (FSA) Farm Loan Borrower Relief Program","10.97"
"USDA","Farm Service Agency (FSA) Farm Service Agency Taxpayer Outreach Education and Technical Assistance (American Rescue Plan Assistance)","10.146"
"USDA","Farm Service Agency (FSA) Food Safety Certification for Specialty Crops Program","10.142"
"USDA","Farm Service Agency (FSA) Grassland Reserve Program (previously a NRCS program)","10.92"
"USDA","Farm Service Agency (FSA) Increasing Land, Capital, and Market Access Program","10.968"
"USDA","Farm Service Agency (FSA) Milk Loss Program","10.965"
"USDA","Farm Service Agency (FSA) Organic and Transitional Education and Certification Program","10.139"
"USDA","Farm Service Agency (FSA) Organic Certification Cost Share Programs","10.171"
"USDA","Farm Service Agency (FSA) Organic Dairy Marketing Assistance Program","10.977"
"USDA","Farm Service Agency (FSA) Outreach Education and Technical Assistance","10.147"
"USDA","Farm Service Agency (FSA) Outreach Education and Technical Assistance for Disaster Assistance Programs","10.983"
"USDA","Farm Service Agency (FSA) Pandemic Assistance Revenue Program","10.143"
"USDA","Farm Service Agency (FSA) Seafood Trade Relief Program (STRP)","10.131"
"USDA","Farm Service Agency (FSA) Testing, Mitigation, and Relief for Agricultural Contamination by Per- and Polyfluoroalkyl Substances","10.982"
"USDA","Farm Service Agency (FSA) Texas 1944 Water Treaty Grant","10.126"
"USDA","Farm Service Agency (FSA) Urban Agriculture and Urban County Committee Outreach, Technical Assistance, and Education","10.971"
"USDA","Farm to School Grant Program","10.575"
"USDA","Farm to School State Formula Grant","10.645"
"USDA","Farmer’s Market Supplemental Nutrition Assistance Program Support Grants","10.545"
"USDA","Food and Nutrition Service (FNS) Food Safety Grants","10.585"
"USDA","Food Distribution Program on Indian Reservations (FDPIR) Nutrition Paraprofessional Training","10.529"
"USDA","Food Distribution Program on Indian Reservations Nutrition Education Grants ","10.594"
"USDA","Food for Opportunity","10.622"
"USDA","Food Loss and Waste Reduction","10.292"
"USDA","Fresh Fruit and Vegetable Program","10.582"
"USDA","Hazardous Waste Management","10.125"
"USDA","International Agricultural Education Fellowship Program","10.619"
"USDA","Marketing Assistance for Specialty Crops","10.096"
"USDA","Minority-Serving Institutions Partnership","10.466"
"USDA","National Food Service Management Institute Administration and Staffing Grant","10.587"
"USDA","Natural Resources Conservation Service (NRCS) Agricultural Management Assistance","10.917"
"USDA","Natural Resources Conservation Service (NRCS) Agricultural Water Enhancement Program","10.925"
"USDA","Natural Resources Conservation Service (NRCS) Composting and Food Waste Reduction Cooperative Agreement Program","10.93"
"USDA","Natural Resources Conservation Service (NRCS) Conservation Security Program ","10.921"
"USDA","Natural Resources Conservation Service (NRCS) Farm and Ranch Lands Protection Program","10.913"
"USDA","Natural Resources Conservation Service (NRCS) Gulf Coast Ecosystem Restoration Council Comprehensive Plan Component Program","10.936"
"USDA","Natural Resources Conservation Service (NRCS) Office of Urban Agriculture and Innovative Production","10.94"
"USDA","Natural Resources Conservation Service (NRCS) People’s Garden Initiative Cooperative Agreements Program","10.939"
"USDA","Natural Resources Conservation Service (NRCS) Wetlands Reserve Program ","10.072"
"USDA","Natural Resources Conservation Service (NRCS) Wildlife Habitat Incentive Program","10.914"
"USDA","Norman E. Borlaug International Agricultural Science and Technology Fellowship","10.777"
"USDA","Organic Dairy Product Promotion","10.195"
"USDA","Pandemic EBT Administrative Costs","10.649"
"USDA","Participant Research Innovation Laboratory for Enhancing WIC Services","10.54"
"USDA","PL-480 Market Development and Technical Assistance","10.617"
"USDA","Price Loss Coverage","10.112"
"USDA","Risk Management Education Partnerships","10.46"
"USDA","Rural Business and Cooperative Services (RBCS) Biobased Market Development and Access Grant Program (BDAP)","10.376"
"USDA","Rural Business Investment Program","10.86"
"USDA","Rural Development Cooperative Agreement Program","10.89"
"USDA","Rural Utilities Service (RUS) New Empowering Rural America (New ERA) Program","10.758"
"USDA","Salaries & Expenses","10.001"
"USDA","Salaries & Expenses","10.7"
"USDA","Salaries & Expenses","10.25"
"USDA","Salaries & Expenses","10.253"
"USDA","Salaries & Expenses","10.255"
"USDA","Salaries & Expenses","10.95"
"USDA","Salaries & Expenses","10.951"
"USDA","School Nutrition Training Grants","10.532"
"USDA","Scientific Cooperation and Research","10.961"
"USDA","Scientific Cooperation Exchange Program with China","10.614"
"USDA","Scientific Exchanges Program","10.62"
"USDA","SNAP Fraud Framework Implementation Grant","10.535"
"USDA","SNAP Partnership Grant","10.577"
"USDA","SNAP-Ed Toolkit","10.533"
"USDA","Special Milk Program for Children","10.556"
"USDA","State Administrative Expenses for Child Nutrition","10.56"
"USDA","State Administrative Matching Grants for the Supplemental Nutrition Assistance Program","10.561"
"USDA","State Agency: Farm to School Program Training and Curricula","10.531"
"USDA","Student Internship Programs","10.467"
"USDA","Sugar Storage Facility Loans","10.094"
"USDA","Summer Electronic Benefit Transfer Program for Children","10.646"
"USDA","Summer Food Service Program for Children","10.559"
"USDA","Supplemental Nutrition Assistance Program (SNAP) Employment and Training (E&T) Data and Technical Assistance Grants","10.537"
"USDA","Supplemental Nutrition Assistance Program, Process and Technology Improvement Grants","10.58"
"USDA","Team Nutrition Grants","10.574"
"USDA","Technical Agricultural Assistance","10.96"
"USDA","Technical Assistance to Cooperatives","10.35"
"USDA","Tribal Agriculture Technical Assistance","10.048"
"USDA","Tribal Food Sovereignty","10.047"
"USDA","Tribal Youth & Workforce Development","10.049"
"USDA","U.S. Codex Office Support for International Activities","10.997"
"USDA","USDA Local and Regional Food Aid Procurement Program","10.612"
"USDA","USDA WIC Telehealth Evaluation Collaborative","10.528"
"USDA","Water-Saving Commodities Grant","10.097"
"USDA","WIC Grants to States (WGS)","10.578"
"USIP","Priority Grant Competition","91.005"
"VA","Automobile Adaptive Equipment","64.1"
"VA","Civilian Health and Medical Program of the VA (CHAMPVA)","64.039"
"VA","Clothing Allowance","64.109"
"VA","Compensation","64.109"
"VA","Dependency and Indemnity Compensation","64.11"
"VA","Education Service (Chapter 1606)","64.032"
"VA","Education Service (Chapter 33)","64.124"
"VA","Education Service (Chapter 33)","64.028"
"VA","Education Service Survivor and Dependents Education Assistance (Chapter 35)","64.124"
"VA","Education Service Survivor and Dependents Education Assistance (Chapter 35)","64.117"
"VA","National Veterans Sports Programs & Special Events","64.034"
"VA","National Veterans Sports Programs & Special Events","64.037"
"VA","Grants (Construction of State Extended Care Facilities)","64.005"
"VA","Grants (Construction of State Extended Care Facilities)","64.005"
"VA","Grants (Support Services for Veteran Families)","64.033"
"VA","Healthcare for Homeless Veterans","64.056"
"VA","Loan Guaranty (Direct Loans)","64.118"
"VA","Loan Guaranty (Loan Administration)","64.114"
"VA","Loan Guaranty (Loan Production)","64.114"
"VA","National Cemetery Administration (NCA) Burial","64.204"
"VA","National Cemetery Administration (NCA) Burial","64.201"
"VA","National Cemetery Administration (NCA) Burial","64.202"
"VA","National Cemetery Administration (NCA) Burial","64.203"
"VA","National Cemetery Administration (NCA) Burial","64.205"
"VA","National Cemetery Administration (NCA) Burial","64.206"
"VA","National Service Life Insurance","64.031"
"VA","Pension","64.105"
"VA","Service-Disabled Veterans Insurance","64.031"
"VA","Servicemembers' Group Life Insurance","64.031"
"VA","Specially Adaptive Housing","64.106"
"VA","State Home Per Diem","64.014"
"VA","State Home Per Diem","64.015"
"VA","State Home Per Diem","64.026"
"VA","State Home Per Diem","64.053"
"VA","Veteran Readiness and Employment","64.125"
"VA","Veteran Readiness and Employment","64.116"
"VA","Veterans Benefits Administration (VBA) Burial","64.101"
"VA","Veterans Benefits Administration (VBA) General Operating Expense","64.058"
"VA","Veterans Benefits Administration (VBA) General Operating Expense","64.058"
"VA","Veterans Benefits Administration (VBA) Spina Bifida (Chapter 18)","64.127"
"VA","Veterans Benefits Administration (VBA) Spina Bifida (Chapter 18)","64.128"
"VA","Veterans Insurance and Indemnities","64.031"
"VA","Veterans Reopened Insurance","64.031"
"VA","Veterans Special Life Insurance","64.031"
"VA","Education Service (Chapter 1607)","64.032"
"VA","Grants (Highly Rural Transportation)","64.035"
"VA","Grants (Suicide Prevention Grant Program)","64.057"
"VA","Grants (Suicide Prevention Grant Program)","64.055"
"VA","Housing Program Fund","64.118"
"VA","Housing Program Fund","64.114"
"VA","Native American Direct Loan (NADL) Program","64.126"
"VA","Post Vietnam Era Education","64.12"
"VA","SAH Tech Grants","64.051"
"VA","The Filipino Veteran Equity Compensation","64.104"
"VA","The Filipino Veteran Equity Compensation","64.109"
"VA","United States Government Life Insurance","64.031"
"VA","Veteran Rapid Retraining Assistance Program (VRRAP)","64.124"
"VA","Veteran Rapid Retraining Assistance Program (VRRAP)","64.13"
"VA","Veterans Affairs Life Insurance","64.031"
"VA","Veterans Benefits Administration (VBA) Automobile Grants","64.1"
"VA","VRE Loan Program Fund","64.116"
"VA","Grants (Homeless Per Diem)","64.024"
"VA","Medical and Prosthetic Research","64.054"
"VA","Medical and Prosthetic Research","64.054"
"VA","Montgomery GI Bill (Chapter 30)","64.124"
"VA","Montgomery GI Bill (Chapter 30)","64.124"