"Agency","Last_Risk_Assessment","Program_Name"
"VA","2021",""
"EPA","2023","[Water Infrastructure Finance and Innovation Act Program (WIFIA)]"
"NASA","2023","21st Century Space Launch Complex"
"USAID","2021","A01 Counter-Terrorism"
"USAID","2021","A04 Counter-Narcotics"
"USAID","2021","A05 Transnational Crime"
"USAID","2024","A06 Conflict Mitigation and Reconciliation"
"USAID","2024","A07 Rule of Law and Human Rights"
"USAID","2024","A08 Good Governance"
"USAID","2021","A09 Political Competition and Consensus-Building"
"USAID","2024","A10 Civil Society"
"USAID","2024","A11 Health"
"USAID","2024","A12 Education"
"USAID","2022","A13 Social and Economic Services and Protection for Vulnerable Populations"
"USAID","2021","A14 Macroeconomic Foundation for Growth"
"USAID","2024","A15 Trade and Investment"
"USAID","2022","A16 Financial Sector"
"USAID","2024","A17 Infrastructure"
"USAID","2024","A18 Agriculture"
"USAID","2024","A19 Private Sector Competitiveness"
"USAID","2021","A20 Economic Opportunity"
"USAID","2024","A21 Environment"
"USAID","2024","A22 Protection, Assistance and Solutions"
"USAID","2024","A26 Program Design and Learning"
"USAID","2024","A27 Administration and Oversight"
"DOI","2025","Abandoned Mine Reclamation Fund, Office of Surface Mining Reclamation and Enforcement"
"DOI","2022","Abandoned Mine Reclamation Fund, Office of Surface Mining Reclamation and Enforcement, Interior - Federal Regulatory and Reclamation Programs for Oklahoma - 22XS501520, 23XS501520"
"GSA","2024","Acquisition Services Fund - Operating"
"GSA","2025","Acquisition Workforce Training"
"VA","2025","Activities with Other Federal Agencies"
"HHS","2024","Administration for Children and Families (ACF) - Adoption and Legal Guardianship Incentive Payments Program"
"HHS","2024","Administration for Children and Families (ACF) - Adoption Assistance"
"HHS","2024","Administration for Children and Families (ACF) - Adoption Opportunities"
"HHS","2025","Administration for Children and Families (ACF) - Affordable Care Act (ACA) Personal Responsibility Education Program"
"HHS","2025","Administration for Children and Families (ACF) - Assistance for Torture Victims"
"HHS","2025","Administration for Children and Families (ACF) - Basic Center Grant"
"HHS","2025","Administration for Children and Families (ACF) - Chafee Education and Training Vouchers Program (ETV)"
"HHS","2023","Administration for Children and Families (ACF) - Child Abuse and Neglect Discretionary Activities"
"HHS","2023","Administration for Children and Families (ACF) - Child Abuse and Neglect State Grants"
"HHS","2025","Administration for Children and Families (ACF) - Child Care Disaster Relief"
"HHS","2022","Administration for Children and Families (ACF) - Child Care Stabilization Grants (American Rescue Plan)"
"HHS","2023","Administration for Children and Families (ACF) - Child Support Services"
"HHS","2023","Administration for Children and Families (ACF) - Child Support Services Research"
"HHS","2023","Administration for Children and Families (ACF) - Child Welfare Research Training or Demonstration"
"HHS","2023","Administration for Children and Families (ACF) - Children's Justice Grants to States"
"HHS","2024","Administration for Children and Families (ACF) - Community Services Block Grant"
"HHS","2024","Administration for Children and Families (ACF) - Community Services Block Grant Discretionary Awards"
"HHS","2023","Administration for Children and Families (ACF) - Community-Based Child Abuse Prevention Grants"
"HHS","2024","Administration for Children and Families (ACF) - Congressional Directives"
"HHS","2025","Administration for Children and Families (ACF) - Education and Prevention Grants to Reduce Sexual Abuse of Runaway, Homeless and Street Youth"
"HHS","2024","Administration for Children and Families (ACF) - Enhance Safety of Children Affected by Substance Abuse"
"HHS","2023","Administration for Children and Families (ACF) - Every Student Succeeds Act/Preschool Development Grants"
"HHS","2024","Administration for Children and Families (ACF) - Family Violence Prevention and Services/Discretionary"
"HHS","2024","Administration for Children and Families (ACF) - Family Violence Prevention and Services/Domestic Violence Shelter and Supportive Services"
"HHS","2024","Administration for Children and Families (ACF) - Family Violence Prevention and Services/State Domestic Violence Coalitions"
"HHS","2021","Administration for Children and Families (ACF) - Foster Care Title IV-E"
"HHS","2024","Administration for Children and Families (ACF) - Grants to States for Access and Visitation Programs"
"HHS","2024","Administration for Children and Families (ACF) - Guardianship Assistance"
"HHS","2021","Administration for Children and Families (ACF) - Head Start"
"HHS","2024","Administration for Children and Families (ACF) - Healthy Marriage Promotion and Responsible Fatherhood Grants"
"HHS","2025","Administration for Children and Families (ACF) - John H. Chafee Foster Care Program for Successful Transition to Adulthood"
"HHS","2022","Administration for Children and Families (ACF) - Low Income Household Water Assistance Program"
"HHS","2024","Administration for Children and Families (ACF) - Low-Income Home Energy Assistance"
"HHS","2023","Administration for Children and Families (ACF) - MaryLee Allen Promoting Safe and Stable Families Program"
"HHS","2023","Administration for Children and Families (ACF) - Native American Programs"
"HHS","2025","Administration for Children and Families (ACF) - Payments to Territories - Adults"
"HHS","2024","Administration for Children and Families (ACF) - Promote the Survival and Continuing Vitality of Native American Languages"
"HHS","2025","Administration for Children and Families (ACF) - Refugee and Entrant Assistance Discretionary Grants"
"HHS","2025","Administration for Children and Families (ACF) - Refugee and Entrant Assistance State/Replacement Designee Administered Programs"
"HHS","2025","Administration for Children and Families (ACF) - Refugee and Entrant Assistance Voluntary Agency Programs"
"HHS","2024","Administration for Children and Families (ACF) - Refugee and Entrant Assistance Wilson/Fish Program"
"HHS","2024","Administration for Children and Families (ACF) - Services to Victims of a Severe Form of Trafficking"
"HHS","2025","Administration for Children and Families (ACF) - Sexual Risk Avoidance Education"
"HHS","2023","Administration for Children and Families (ACF) - Social Services Block Grant"
"HHS","2023","Administration for Children and Families (ACF) - Social Services Research and Demonstration"
"HHS","2023","Administration for Children and Families (ACF) - State Court Improvement Program"
"HHS","2024","Administration for Children and Families (ACF) - Stephanie Tubbs Jones Child Welfare Services Program"
"HHS","2023","Administration for Children and Families (ACF) - Title IV-E Kinship Navigator Program"
"HHS","2023","Administration for Children and Families (ACF) - Title IV-E Prevention Program"
"HHS","2025","Administration for Children and Families (ACF) - Title V Sexual Risk Avoidance Education Program (Discretionary Grants)"
"HHS","2025","Administration for Children and Families (ACF) - Title V State Sexual Risk Avoidance Education (Title V State SRAE) Program"
"HHS","2025","Administration for Children and Families (ACF) - Transitional Living for Homeless Youth"
"HHS","2024","Administration for Children and Families (ACF) - Tribal Maternal, Infant, and Early Childhood Home Visiting"
"HHS","2024","Administration for Children and Families (ACF) - Unaccompanied Alien Children Program"
"HHS","2025","Administration for Community Living (ACL) - Alzheimers Programs"
"HHS","2024","Administration for Community Living (ACL) - Assistive Technology Programs"
"HHS","2023","Administration for Community Living (ACL) - Developmental Disabilities (DD) Council Formula Program"
"HHS","2024","Administration for Community Living (ACL) - Independent Living Programs"
"HHS","2023","Administration for Community Living (ACL) - Nutrition Services Incentive Program (NSIP) Formula Program"
"HHS","2023","Administration for Community Living (ACL) - State Aging Formula Programs"
"HHS","2025","Administration for Community Living (ACL) - Tribal Aging Formula Program"
"HHS","2024","Administration for Strategic Preparedness and Response (ASPR) - Community Mitigation & Recovery"
"HHS","2025","Administration for Strategic Preparedness and Response (ASPR) - Contract Management and Acquisitions"
"HHS","2025","Administration for Strategic Preparedness and Response (ASPR) - Finance"
"HHS","2023","Administration for Strategic Preparedness and Response (ASPR) - Health Care Readiness"
"HHS","2025","Administration for Strategic Preparedness and Response (ASPR) - Infectious Disease Response"
"HHS","2024","Administration for Strategic Preparedness and Response (ASPR) - Logistics"
"HHS","2024","Administration for Strategic Preparedness and Response (ASPR) - Management and Business Operations"
"HHS","2025","Administration for Strategic Preparedness and Response (ASPR) - Management Operations"
"HHS","2025","Administration for Strategic Preparedness and Response (ASPR) - Medical Countermeasures Program"
"HHS","2025","Administration for Strategic Preparedness and Response (ASPR) - Medical Countermeasures Program Support Services"
"HHS","2024","Administration for Strategic Preparedness and Response (ASPR) - National Disaster Medical System"
"HHS","2024","Administration for Strategic Preparedness and Response (ASPR) - National Readiness and Response"
"HHS","2025","Administration for Strategic Preparedness and Response (ASPR) - Office of Critical Medical Equipment"
"HHS","2025","Administration for Strategic Preparedness and Response (ASPR) - Office of Defense Production Act and Emergency Response Authorities"
"HHS","2025","Administration for Strategic Preparedness and Response (ASPR) - Office of Enabling Innovation and Technologies"
"HHS","2023","Administration for Strategic Preparedness and Response (ASPR) - Office of Security, Vetting, and Protection"
"HHS","2025","Administration for Strategic Preparedness and Response (ASPR) - Office of Supply Chain Optimization"
"HHS","2025","Administration for Strategic Preparedness and Response (ASPR) - Office of Testing and Diagnostics"
"HHS","2025","Administration for Strategic Preparedness and Response (ASPR) - Planning and Operational Coordination"
"HHS","2024","Administration for Strategic Preparedness and Response (ASPR) - Regional Response"
"HHS","2024","Administration for Strategic Preparedness and Response (ASPR) - Response Logistics"
"HHS","2025","Administration for Strategic Preparedness and Response (ASPR) - Supply, Production, and Distribution"
"NEH","2025","Administration-General Fund"
"MCC","2023","Administrative Expenses - Millennium Challenge Corporation"
"NEH","2024","Administrative Funds (210)"
"NLRB","2025","Administrative Law Judges"
"NARA","2023","Administrative Overhead"
"SSA","2025","Administrative Payments - Social Security Administration"
"DOJ","2025","Administrative, Technology, and Other"
"ED","2025","Adult Education - Basic Grants to States"
"NASA","2023","Advanced Air Vehicles Program"
"NASA","2023","Advanced Cislunar and Surface Capabilities"
"NASA","2023","Advanced Exploration Systems"
"NASA","2023","Aerosciences Evaluation and Test Capabilities"
"HHS","2024","Agency for Healthcare Research and Quality (AHRQ) - Medical Expenditure Panel Survey"
"HHS","2025","Agency for Healthcare Research and Quality (AHRQ) - Program Support"
"HHS","2023","Agency for Healthcare Research and Quality (AHRQ) - Research on Health Costs, Quality, and Outcomes"
"NASA","2023","Agency Management"
"NARA","2023","Agency Services"
"NASA","2023","Agency Technical Authority"
"DOI","2024","Aging Infrastructure Account, Bureau of Reclamation, Interior"
"USDA","2024","Agricultural Marketing Service (AMS) - Acer Access Development Program"
"USDA","2021","Agricultural Marketing Service (AMS) - Farmers Market and Local Food Promotion Program"
"USDA","2024","Agricultural Marketing Service (AMS) Commodity Purchase Program"
"USDA","2024","Agricultural Marketing Service (AMS) Salaries and Expenses"
"USDA","2025","Agricultural Research Service (ARS) Hurricane Harvey - Buildings and Facilities"
"USDA","2023","Agriculture Research Service (ARS) Buildings and Facilities"
"USDA","2025","Agriculture Wool Apparel Manufacturers Trust Fund"
"NASA","2023","Airspace Operations and Safety Program"
"ED","2025","Alaska Native Educational Programs"
"VA","2024","Alcohol and Drug Treatment Rehabilitation"
"TREASURY","2023","Alcohol and Tobacco Tax and Trade Bureau - Internal Revenue Collection Puerto Rico"
"TREASURY","2024","Alcohol and Tobacco Tax and Trade Bureau - Salaries and Expenses"
"STATE","2025","American Compensation"
"ED","2025","American History and Civics Education"
"ED","2024","American Indian Vocational Rehabilitation Services"
"ED","2025","American Printing House for the Blind"
"CNCS","2025","AmeriCorps National Civilian Community Corps (NCCC)"
"CNCS","2022","AmeriCorps State and National"
"CNCS","2025","AmeriCorps State Service Commission Grants"
"CNCS","2025","AmeriCorps Volunteers in Service to America (VISTA)"
"USDA","2024","Animal and Plant Health Inspection Service (APHIS) Trust Funds"
"NASA","2023","Applied Sciences"
"NEA","2025","Arts and Artifacts Indemnity Program"
"ED","2025","Arts in Education"
"STATE","2025","Assessed Contributions"
"DOI","2025","Assistance to Territories, Insular Affairs, Interior"
"GSA","2024","Assisted Acquisition Services (AAS)"
"NASA","2023","Astrophysics Explorer"
"NASA","2023","Astrophysics Research"
"GSA","2025","Audit Contracts And Contract Administration"
"VA","2023","Automobile Adaptive Equipment"
"STATE","2025","Aviation, Anticrime, Interdiction and Related Programs"
"PBGC","2024","Benefit Payments"
"DOE","2025","Benefits - Payroll"
"DOE","2025","Benefits - Travel"
"NASA","2023","Biological and Physical Sciences"
"NLRB","2025","Board Adjudication"
"GSA","2024","Building Operations"
"DOC","2024","Bureau of Economic Analysis (BEA)"
"TREASURY","2025","Bureau of Engraving and Printing - Bureau of Engraving and Printing Fund"
"DOC","2023","Bureau of Industry and Security (BIS)"
"DOC","2023","Bureau of Industry and Security (BIS) - Dual Use Export Administration and Enforcement"
"DOC","2024","Bureau of Industry and Security (BIS)-Dual Use Export Administration and Enforcement"
"DOL","2025","Bureau of Labor Statistics - Compensation and Working Conditions"
"DOL","2023","Bureau of Labor Statistics - Executive Direction and Staff Services"
"DOL","2025","Bureau of Labor Statistics - Labor Force Statistics"
"DOL","2023","Bureau of Labor Statistics - Prices and Cost of Living"
"DOL","2023","Bureau of Labor Statistics - Productivity and Technology"
"DOL","2023","Bureau of Labor Statistics- Headquarters Relocation"
"DOI","2025","California Bay-Delta Restoration, Bureau of Reclamation, Interior"
"DOI","2022","California Water Security and Environmental Enhancement"
"STATE","2025","Capital and Real Property Acquisitions Programs"
"ED","2025","Career and Technical Education - Basic Grants to States"
"ED","2025","Career and Technical Education - Grants to Native Americans and Alaska Natives"
"VA","2024","Caregiver Support"
"NLRB","2025","Case Handling"
"EXIM","2023","Cash-control Disbursements"
"HHS","2021","CDC Office of Operations"
"DOC","2023","Census Bureau"
"DOC","2024","Census Bureau - Current Demographic Statistics"
"DOC","2024","Census Bureau - Current Economic Statistics"
"DOC","2024","Census Bureau - Decennial Census"
"DOC","2023","Census Bureau - Enterprise Data Capture and Dissemination System (EDCADS) - Census Personnel and Employment Check Systems"
"DOC","2023","Census Bureau - Enterprise Data Capture and Dissemination System (EDCADS) - Data Ingest and Collection for the Enterprise"
"DOC","2023","Census Bureau - Enterprise Data Capture and Dissemination System (EDCADS) - Enterprise Data Lake"
"DOC","2022","Census Bureau - Enterprise Data Capture and Dissemination System (EDCADS) - Enterprise Dissemination Services"
"DOC","2024","Census Bureau - Enterprise Data Caputre and Dissemination System (EDCADS)- Enterprise Dissemination Services"
"DOC","2023","Census Bureau - Enterprise Data Collection and Dissemination System (EDCADS) - Administrative Records Research and Integration"
"DOC","2024","Census Bureau - Geographic Support"
"DOC","2024","Census Bureau - Periodic Economic Statistics"
"DOC","2025","Census Bureau - State Children's Health Insurance Program"
"DOC","2022","Census Bureau - Survey of Program Dynamics"
"DOC","2025","Census Bureau - Working Capital Fund"
"DOI","2025","Centennial Challenge, National Park Service, Interior"
"NASA","2021","Center Engineering Safety & Operations"
"NASA","2023","Center Management and Operations"
"HHS","2023","Centers for Disease Control and Prevention (CDC) - Global Health Center"
"HHS","2025","Centers for Disease Control and Prevention (CDC) - National Center for Chronic Disease Prevention and Health Promotion"
"HHS","2025","Centers for Disease Control and Prevention (CDC) - National Center for Emerging and Zoonotic Infectious Diseases"
"HHS","2024","Centers for Disease Control and Prevention (CDC) - National Center for Environmental Health/Agency for Toxic Substances and Disease Registry (ATSDR)"
"HHS","2024","Centers for Disease Control and Prevention (CDC) - National Center for Health Statistics"
"HHS","2024","Centers for Disease Control and Prevention (CDC) - National Center for HIV, Viral Hepatitis, STD, and TB Prevention"
"HHS","2024","Centers for Disease Control and Prevention (CDC) - National Center for Immunization and Respiratory Diseases"
"HHS","2024","Centers for Disease Control and Prevention (CDC) - National Center for Injury Prevention and Control"
"HHS","2025","Centers for Disease Control and Prevention (CDC) - National Center for State, Tribal, Local, and Territorial Public Health Infrastructure and Workforce"
"HHS","2024","Centers for Disease Control and Prevention (CDC) - National Center on Birth Defects and Developmental Disabilities"
"HHS","2023","Centers for Disease Control and Prevention (CDC) - National Institute for Occupational Safety and Health"
"HHS","2025","Centers for Disease Control and Prevention (CDC) - Office of Policy, Performance, and Evaluation"
"HHS","2025","Centers for Disease Control and Prevention (CDC) - Office of Public Health Data, Surveillance, and Technology"
"HHS","2025","Centers for Disease Control and Prevention (CDC) - Office of Readiness and Response"
"HHS","2024","Centers for Disease Control and Prevention (CDC) - Office of Science"
"HHS","2025","Centers for Disease Control and Prevention (CDC) - Office of the Chief Operating Officer"
"HHS","2021","Centers for Disease Control and Prevention (CDC) Office of Readiness and Response"
"HHS","2023","Centers for Medicare & Medicaid Services (CMS) - ACO REACH (Medicare Part A)"
"HHS","2023","Centers for Medicare & Medicaid Services (CMS) - ACO REACH (Medicare Part B)"
"HHS","2025","Centers for Medicare & Medicaid Services (CMS) - ACO REACH Model"
"HHS","2025","Centers for Medicare & Medicaid Services (CMS) - Administration (Innovation)"
"HHS","2025","Centers for Medicare & Medicaid Services (CMS) - Basic Health Program"
"HHS","2025","Centers for Medicare & Medicaid Services (CMS) - Building Innovation Pipeline"
"HHS","2025","Centers for Medicare & Medicaid Services (CMS) - Bundled Payments for Care Improvement Advanced Model"
"HHS","2024","Centers for Medicare & Medicaid Services (CMS) - Consolidated Appropriations Act of 2021 Implementation Fund"
"HHS","2024","Centers for Medicare & Medicaid Services (CMS) - ESRD Networks"
"HHS","2024","Centers for Medicare & Medicaid Services (CMS) - Exchange Program Integrity"
"HHS","2025","Centers for Medicare & Medicaid Services (CMS) - Federal Administration (Medicare Fee-for-Service)"
"HHS","2024","Centers for Medicare & Medicaid Services (CMS) - Federal Exchange Operations"
"HHS","2025","Centers for Medicare & Medicaid Services (CMS) - Financial Alignment Initiative for Medicare-Medicaid Enrollees"
"HHS","2024","Centers for Medicare & Medicaid Services (CMS) - Home Health Service Prior Authorization"
"HHS","2025","Centers for Medicare & Medicaid Services (CMS) - Inflation Reduction Act Implementation Fund"
"HHS","2025","Centers for Medicare & Medicaid Services (CMS) - Integrated Care for Kids Model"
"HHS","2025","Centers for Medicare & Medicaid Services (CMS) - Kidney Care Choices (Benefits)"
"HHS","2025","Centers for Medicare & Medicaid Services (CMS) - Kidney Care Choices Model"
"HHS","2023","Centers for Medicare & Medicaid Services (CMS) - Maryland Total Cost of Care (Benefits)"
"HHS","2024","Centers for Medicare & Medicaid Services (CMS) - Medicaid Adult Quality Measures"
"HHS","2025","Centers for Medicare & Medicaid Services (CMS) - Medicaid Integrity Program"
"HHS","2025","Centers for Medicare & Medicaid Services (CMS) - Medicaid Program Integrity"
"HHS","2024","Centers for Medicare & Medicaid Services (CMS) - Medicare Operations Anomaly"
"HHS","2025","Centers for Medicare & Medicaid Services (CMS) - Medicare Program Integrity"
"HHS","2025","Centers for Medicare & Medicaid Services (CMS) - Medicare Shared Savings (Hospital Insurance)"
"HHS","2025","Centers for Medicare & Medicaid Services (CMS) - Medicare Shared Savings (Supplementary Medical Insurance)"
"HHS","2025","Centers for Medicare & Medicaid Services (CMS) - Medicare-Medicaid Coordination"
"HHS","2025","Centers for Medicare & Medicaid Services (CMS) - Money Follows the Person Demonstration"
"HHS","2024","Centers for Medicare & Medicaid Services (CMS) - Navigator Grants"
"HHS","2025","Centers for Medicare & Medicaid Services (CMS) - Part D Redesign Implementation"
"HHS","2022","Centers for Medicare & Medicaid Services (CMS) - Primary Care First Model Options"
"HHS","2024","Centers for Medicare & Medicaid Services (CMS) - Private Insurance Innovation Waivers"
"HHS","2025","Centers for Medicare & Medicaid Services (CMS) - Program Management: Penalty Mail"
"HHS","2024","Centers for Medicare & Medicaid Services (CMS) - Program Operations (Medicare Fee-for-Service)"
"HHS","2024","Centers for Medicare & Medicaid Services (CMS) - Quality Improvement Organizations - Administration"
"HHS","2024","Centers for Medicare & Medicaid Services (CMS) - Quality Improvement Organizations - Beneficiary and Family Centered Care"
"HHS","2024","Centers for Medicare & Medicaid Services (CMS) - Quality Improvement Organizations - Clinical Quality Improvement"
"HHS","2024","Centers for Medicare & Medicaid Services (CMS) - Quality Improvement Organizations - SNF Infection Control Support"
"HHS","2024","Centers for Medicare & Medicaid Services (CMS) - Quality Improvement Organizations - Support Contracts"
"HHS","2024","Centers for Medicare & Medicaid Services (CMS) - Quality Measure Endorsement"
"HHS","2024","Centers for Medicare & Medicaid Services (CMS) - Research (Medicare Fee-for-Service)"
"HHS","2025","Centers for Medicare & Medicaid Services (CMS) - State Grants And Demonstration: Penalty Mail"
"HHS","2024","Centers for Medicare & Medicaid Services (CMS) - Survey and Certification (Grants to States for Medicaid)"
"HHS","2024","Centers for Medicare & Medicaid Services (CMS) - Survey and Certification (Medicare Fee-for-Service)"
"HHS","2024","Centers for Medicare & Medicaid Services (CMS) - Temporary High Risk Health Insurance Pool Program"
"HHS","2021","Centers for Medicare & Medicaid Services (CMS) Medicare Fee-for-Service (FFS) - Accelerated and Advance Payment Program"
"HHS","2021","Centers for Medicare & Medicaid Services (CMS) Quality Activities  (Medicare Fee-for-Service)"
"DOI","2022","Central Utah Project Completion Account - Recovery Act, Bureau of Reclamation, Interior"
"DOI","2025","Central Valley Project Restoration Fund, Bureau of Reclamation"
"TVA","2024","Charge Card Program - Tennessee Valley Authority "
"ED","2025","Charter Schools"
"ED","2025","Child Care Access Means Parents in School"
"DOI","2025","Child Care Entitlement to States, Administration for Children and Families, Health and Human Services"
"DOI","2022","Child Care Entitlement to States, Administration for Children and Families, Health and Human Services for Bureau of Indian Affairs, Interior"
"STATE","2025","Citizens Exchange Program"
"VA","2023","Civilian Health and Medical Program of the VA (CHAMPVA)"
"DOW","2025","Civilian Pay – Department of Air Force (DAF)"
"DOW","2024","Civilian Pay – Navy"
"FLRA","2025","Claims and/or Vouchers"
"EPA","2025","Clean School Bus Program - Grants and Rebates"
"EPA","2023","Clean Water State Revolving Fund"
"VA","2025","Clothing Allowance"
"USDA","2025","CNMI Nutrition Assistance"
"DOI","2022","Colorado River Basin Act of 1968"
"DOI","2025","Colorado River Dam Fund, Boulder Canyon Project, Bureau of Reclamation"
"DOI","2022","Colorado River Dam Fund, Boulder Canyon Project, Bureau of Reclamation, Interior"
"NRC","2024","Commercial"
"NASA","2023","Commercial Crew Program"
"NASA","2023","Commercial LEO Development"
"DOW","2025","Commercial Pay - U.S. Army Corps of Engineers (USACE)"
"DOW","2025","Commercial Pay – Enterprise Business System (EBS)"
"DOW","2025","Commercial Pay – Financial Accounting and Budgetary System (FABS)"
"DOW","2025","Commercial Pay – General Fund Enterprise Business System (GFEBS)"
"DOW","2025","Commercial Pay – Integrated Accounts Payable System (IAPS)"
"DOW","2025","Commercial Pay – ONEPAY"
"DOW","2025","Commercial Pay – Standard Automated Voucher Examination System (SAVES)"
"DOW","2025","Commercial Pay – Transportation Financial Management System (TFMS)"
"EPA","2023","Commodities - Environmental Protection Agency"
"USDA","2023","Commodity Credit Corporation (CCC) Administrative Contracts"
"USDA","2021","Commodity Credit Corporation (CCC) Coronavirus Food Assistance Program (CFAP)"
"USDA","2023","Commodity Credit Corporation (CCC) Economic Adjustment Assistance for Upland Cotton (EAAP)"
"USDA","2023","Commodity Credit Corporation (CCC) Marketing Assistance Loan (MAL)"
"USDA","2025","Commodity Credit Corporation (CCC) Public Law 480"
"USDA","2022","Commodity Credit Corporation Seafood Trade Relief Program (STRP)"
"USDA","2023","Commodity Supplemental Food Program"
"NASA","2023","Communication Services Program"
"TREASURY","2024","Community Development Financial Institutions - Emergency Support Program - Equitable Recovery Program"
"TREASURY","2023","Community Development Financial Institutions - Emergency Support Program - Non Federal Financial Assistance Related Payments"
"TREASURY","2025","Community Development Financial Institutions Fund - Capital Magnet Fund"
"TREASURY","2025","Community Development Financial Institutions Fund - Capital Magnet Fund - Non Financial Assistance Related Payments"
"TREASURY","2024","Community Development Financial Institutions Fund - CDFI BGP Financing Fund - Non Financial Assistance Related Payments"
"TREASURY","2022","Community Development Financial Institutions Fund - Community Development Financial Institutions (CDFI) Equity Investment Dividend"
"TREASURY","2025","Community Development Financial Institutions Fund - Community Development Financial Institutions (CDFI) Program"
"TREASURY","2025","Community Development Financial Institutions Fund - Community Development Financial Institutions (CDFI) Program- Bank Enterprise Award Program"
"TREASURY","2025","Community Development Financial Institutions Fund - Community Development Financial Institutions (CDFI) Program- Native Initiatives"
"TREASURY","2025","Community Development Financial Institutions Fund - Community Development Financial Institutions (CDFI) Program- Non-Federal Financial Assistance Payments"
"TREASURY","2025","Community Development Financial Institutions Fund - Community Development Financial Institutions (CDFI) Program- Small Dollar Loan Program"
"USDA","2025","Community Food Projects"
"SBA","2022","Community Navigator Pilot Program"
"HUD","2023","Community Planning and Development - Capacity Building"
"HUD","2025","Community Planning and Development - Community Development Block Grant – Disaster Recovery"
"HUD","2023","Community Planning and Development - Community Development Block Grant – DRAA-Sandy"
"HUD","2024","Community Planning and Development - Community Development Block Grants (CDBG) - CDBG Insular Areas - CDBG Entitlement - CDBG Non-Entitlement"
"HUD","2024","Community Planning and Development - Community Project Funding - Community Project/Congressional Funding"
"HUD","2025","Community Planning and Development - HOME Investments Partnership Program"
"HUD","2023","Community Planning and Development - Homeless Assistance Grants"
"HUD","2025","Community Planning and Development - Housing Opportunities for Persons with AIDS"
"HUD","2024","Community Planning and Development - Housing Trust Fund"
"HUD","2023","Community Planning and Development - Neighborhood Stabilization Program"
"HUD","2025","Community Planning and Development - Project Based Section 8 - Renewal of Expiring Sec. 8 Mod Rehab SRO"
"HUD","2025","Community Planning and Development - Public Laws 115-123, 115-56, and 115-72"
"HUD","2024","Community Planning and Development - Self-Help Homeownership Opportunity Program (SHOP)"
"MCC","2023","Compact Assistance"
"MCC","2023","Compact Development Funding"
"DOI","2025","Compact of Free Association, Insular Affairs, Interior"
"VA","2025","Compensated Work Therapy"
"VA","2024","Compensation"
"ED","2025","Comprehensive Centers"
"ED","2025","Comprehensive Literacy Development"
"SBA","2023","Congressional Grants"
"USDA","2024","Conservation Loans"
"USDA","2025","Conservation Outreach, Education and Technical Assistance"
"USDA","2025","Conservation Reserve Program"
"ED","2025","Consolidated Grant to the Outlying Areas"
"STATE","2025","Construction"
"GSA","2024","Construction and Acquisition of Facilities"
"EPA","2025","Construction Grants for Wastewater Treatment Works"
"DOI","2025","Construction, Bureau of Indian Affairs and Bureau of Indian Education, Interior"
"DOI","2025","Construction, National Park Service, Interior"
"DOI","2023","Construction, National Park Service, Interior - Disaster Supplement 22XP10395H, 23XP10395H"
"DOI","2025","Construction, United States Fish and Wildlife Service"
"DOI","2022","Construction, United States Fish and Wildlife Service, Interior - DISASTER SUPPLEMENTAL APPROP 23XF1612CE"
"STATE","2025","Consular and Border Security Programs"
"STATE","2025","Consular Information Technology and Security"
"FLRA","2025","Contract Payments and/or Invoices"
"DOI","2025","Contract Support Costs, Bureau of Indian Affairs and Bureau of Indian Education, Interior"
"PBGC","2025","Contractor Payments"
"EPA","2023","Contracts - Environmental Protection Agency"
"NSF","2024","Contracts and Individual Payments"
"ED","2024","Contractual Services"
"DOI","2025","Contribution for Annuity Benefits, National Park Service, Interior"
"DOI","2025","Cooperative Endangered Species Conservation Fund, from Land and Water Conservation Fund, U.S. Fish and Wildlife Service"
"DOI","2022","Cooperative Endangered Species Conservation Fund, from Land and Water Conservation Fund, U.S. Fish and Wildlife Service, Interior"
"DOI","2025","Cooperative Endangered Species Conservation Fund, United States Fish and Wildlife Service"
"NASA","2023","Cosmic Origins"
"DHS","2024","Countering Weapons of Mass Destruction Office - Federal Assistance"
"DHS","2025","Countering Weapons of Mass Destruction Office - Homeland Security Biowatch Program"
"DHS","2024","Countering Weapons of Mass Destruction Office - National Nuclear Forensics Expertise Development Program"
"DHS","2024","Countering Weapons of Mass Destruction Office - Operations & Support"
"DHS","2022","Countering Weapons of Mass Destruction Office - Procurement, Construction, and Improvement"
"DHS","2021","Countering Weapons of Mass Destruction Office - Research & Development"
"DHS","2025","Countering Weapons of Mass Destruction Office - Securing the Cities Program"
"VA","2023","COVID-19 Office of Information & Technology"
"FCC","2023","COVID-19 Telehealth"
"VA","2022","COVID-19 VA Wide Payroll"
"VA","2023","COVID-19 Veterans Benefits Administration (VBA) General Operating Expense"
"VA","2025","COVID-19 Veterans Health Administration (VHA) Supplemental Disbursements"
"SBA","2021","COVID-Economic Injury Disaster Loan (EIDL)"
"ED","2025","Credit Enhancement for Charter School Facilities"
"ED","2025","Credit Programs"
"NASA","2023","Crew and Cargo Program"
"DHS","2025","Cybersecurity and Infrastructure Security Agency - All Other"
"DHS","2025","Cybersecurity and Infrastructure Security Agency - Joint Cyber Defense Collaborative"
"DHS","2025","Cybersecurity and Infrastructure Security Agency - Payroll"
"DHS","2022","Cybersecurity and Infrastructure Security Agency - Stakeholder Engagement"
"USDA","2023","Dairy Margin Coverage"
"ED","2025","DC Opportunity Scholarship Program"
"DFC","2025","Debt Financing Program "
"USDA","2023","Department Administration (DA) Agriculture Buildings and Facilities"
"DOL","2024","Department of Labor - Departmental Management"
"DOL","2024","Department of Labor - Office of Inspector General"
"TREASURY","2021","Departmental Offices - Air Carrier Worker Support"
"TREASURY","2023","Departmental Offices - Contributions of the International Monetary Fund Facilities and Trust Funds "
"TREASURY","2025","Departmental Offices - Coronavirus Capital Projects Fund"
"TREASURY","2025","Departmental Offices - Cybersecurity Enhancement Account"
"TREASURY","2021","Departmental Offices - Economic Stabilization Direct Loan Financing"
"TREASURY","2022","Departmental Offices - Economic Stabilization Program"
"TREASURY","2023","Departmental Offices - Emergency Capital Investment Fund"
"TREASURY","2022","Departmental Offices - Emergency Rental Assistance"
"TREASURY","2021","Departmental Offices - Exchange Stabilization Fund"
"TREASURY","2025","Departmental Offices - Federal Research Fund"
"TREASURY","2024","Departmental Offices - Homeowners Assistance Fund"
"TREASURY","2023","Departmental Offices - International Affairs Technical Assistance"
"TREASURY","2024","Departmental Offices - Local Assistance and Tribal Consistency Fund"
"TREASURY","2025","Departmental Offices - Office of Terrorism and Financial Intelligence"
"TREASURY","2022","Departmental Offices - Pandemic Relief for Aviation Workers"
"TREASURY","2025","Departmental Offices - Salaries and Expenses"
"TREASURY","2023","Departmental Offices - State Small Business Credit Initiative- Technical Assistance Grant Program"
"TREASURY","2022","Departmental Offices - Transportation Services Economic Relief"
"TREASURY","2024","Departmental Offices - Treasury Forfeiture Fund- Equitable Sharing"
"TREASURY","2022","Departmental Offices- Coronavirus Relief Fund -Coronavirus State and Local Fiscal Recovery Funds"
"DOI","2025","Departmental Operations, Land and Water Conservation Fund, Departmental Offices, Interior"
"DOI","2025","Departmental Operations, Office of the Secretary, Interior"
"DOI","2025","Departmental Operations, Office of the Secretary, Interior, Bureau of Land Management, Interior"
"DOI","2025","Departmental Operations, Office of the Secretary, Interior, U.S. Fish and Wildlife Service, Interior"
"DOI","2022","Departmental Operations, Office of the Secretary, National Park Service, Interior"
"DOI","2022","Departmental Operations, Office of the Secretary, U.S. Fish and Wildlife Service, Interior"
"DOI","2022","Departmental Operations, Office of the Secretary, U.S. Geological Survey, Interior"
"VA","2023","Dependency and Indemnity Compensation"
"STATE","2025","Diplomatic and Support Programs"
"STATE","2025","Diplomatic Programs"
"STATE","2025","Diplomatic Programs, Diplomatic Policy and Support"
"STATE","2025","Diplomatic Programs, Other Operations Programs"
"STATE","2025","Diplomatic Programs, Terrorism Related"
"ED","2022","Disability Innovation Fund (DIF)"
"GSA","2024","Disaster Emergency Funds"
"ED","2025","Disaster Recovery Assistance for Education"
"EPA","2021","Disaster Relief - Hurricane Sandy Fund (Sandy)"
"NASA","2023","Disaster Relief Appropriation"
"NASA","2023","Discovery"
"SEC","2025","Disgorgement & Penalty Distributions"
"TREASURY","2025","District of Columbia (DC) Pensions - DC Federal Pension Fund"
"TREASURY","2025","District of Columbia Pensions - DC Judicial Retirement & Survivors Annuity Fund"
"USAGM","2023","Domestic Payroll"
"DOI","2025","Donations, National Park Service"
"DOI","2022","Donations, National Park Service, Interior"
"USAID","2024","DR.1 Democracy, Human Rights and Governance/Rule of Law (ROL)"
"USAID","2024","DR.2 Democracy, Human Rights and Governance/Good Governance"
"USAID","2024","DR.3 Democracy, Human Rights and Governance/Political Competition and Consensus-Building"
"USAID","2024","DR.4 Democracy, Human Rights and Governance/Civil Society"
"USAID","2024","DR.5 Democracy, Human Rights and Governance/Independent Media and Free Flow of Information"
"USAID","2024","DR.6 Democracy, Human Rights and Governance/Human Rights"
"EPA","2025","Drinking Water State Revolving Fund"
"MCC","2023","Due Diligence"
"NASA","2023","Early Stage Innovation and Partnerships"
"NASA","2023","Earth Science Data Systems"
"NASA","2023","Earth Science Research"
"NASA","2023","Earth Science Technology"
"NASA","2023","Earth System Science Pathfinder"
"NASA","2023","Earth Systematic Missions"
"DOC","2021","Economic Development Administration (EDA)"
"DOC","2025","Economic Development Administration (EDA) - Grants"
"DOC","2021","Economic Development Administration (EDA) - Salaries and Expenses"
"DOC","2024","Economic Development Adminsitration (EDA) - Salaries and Expenses "
"STATE","2025","Economic Support Fund"
"VA","2021","Education (Reporting Fees)"
"DOI","2025","Education Construction, Bureau of Indian Affairs and Bureau of Indian Education, Interior"
"ED","2025","Education for Homeless Children and Youth"
"ED","2025","Education Innovation and Research (formerly Investing in Innovation (i3) Fund)"
"ED","2025","Education Research, Development and Dissemination"
"VA","2024","Education Service (Chapter 1606)"
"VA","2024","Education Service (Chapter 33)"
"VA","2023","Education Service (State Approving Agencies)"
"VA","2025","Education Service Survivor and Dependents Education Assistance (Chapter 35)"
"ED","2021","Education Stabilization Fund"
"STATE","2025","Educational Programs"
"USAID","2024","EG.1 Economic Growth/Macroeconomic Foundation for Growth"
"USAID","2024","EG.2 Economic Growth/Trade and Investment"
"USAID","2024","EG.3 Economic Growth/Agriculture"
"USAID","2024","EG.4 Economic Growth/Financial Sector"
"USAID","2024","EG.5 Economic Growth/Private Sector Productivity"
"USAID","2024","EG.6 Economic Growth/Workforce Development"
"USAID","2024","EG.7 Economic Growth/Modern Energy Services"
"USAID","2022","EG.8 Economic Growth/Information and Communications Technology Services"
"EAC","2023","Election Security Grants"
"STATE","2025","Embassy Operations Programs"
"USDA","2023","Emergency Assistance for Livestock, Honeybees and Farm-Raised Fish Program"
"ED","2022","Emergency Assistance to Institutions of Higher Education"
"OPM","2022","Emergency Federal Employee Leave Fund"
"USDA","2024","Emergency Food Assistance Program (Food Commodities)"
"USDA","2024","Emergency Grain Storage Facility Program"
"USDA","2023","Emergency Relief Program"
"USDA","2023","Emergency Watershed Protection Program"
"USDA","2024","Emerging Markets Program"
"NRC","2024","Employee"
"DOL","2024","Employee Benefits Security Administration"
"GSA","2023","Employee Payments"
"RRB","2023","Employee Payments – Railroad Retirement Board"
"DOL","2024","Employment & Training Administration - Adult Employment and Training Activities"
"DOL","2024","Employment & Training Administration - Apprenticeship"
"DOL","2025","Employment & Training Administration - Community Projects"
"DOL","2024","Employment & Training Administration - Community Service Employment for Older Americans"
"DOL","2024","Employment & Training Administration - Dislocated Worker Employment and Training Activities - Formula"
"DOL","2025","Employment & Training Administration - Dislocated Worker Employment and Training Activities - National Reserves Demos"
"DOL","2025","Employment & Training Administration - Employment Service"
"DOL","2025","Employment & Training Administration - H-1B Job Training Grants"
"DOL","2025","Employment & Training Administration - Indian and Native American Program"
"DOL","2025","Employment & Training Administration - Job Corps"
"DOL","2024","Employment & Training Administration - Migrant and Seasonal Farmworker"
"DOL","2025","Employment & Training Administration - Permanent Labor Certification for Foreign Workers"
"DOL","2024","Employment & Training Administration - Reintegration of Ex-Offenders"
"DOL","2025","Employment & Training Administration - Temporary Labor Certification for Foreign Workers"
"DOL","2025","Employment & Training Administration - Trade Adjustment Assistance Federal Unemployment Benefits and Allowances"
"DOL","2024","Employment & Training Administration - Unemployment Insurance - Federal Pandemic Emergency Unemployment Compensation"
"DOL","2025","Employment & Training Administration - WIOA Dislocated Worker National Reserve Technical Assistance and Training"
"DOL","2025","Employment & Training Administration - WIOA National Dislocated Worker Grants / WIA National Emergency Grants"
"DOL","2025","Employment & Training Administration - Work Opportunity Tax Credit Program (WOTC)"
"DOL","2024","Employment & Training Administration - Youth Activities"
"DOL","2024","Employment & Training Administration - YouthBuild"
"DOL","2021","Employment and Training Administration – Unemployment Insurance – Federal Pandemic Emergency Unemployment Compensation"
"DOL","2021","Employment and Training Administration – Unemployment Insurance – Federal Pandemic Unemployment Assistance"
"DOI","2025","Energy Community Revitalization Program, Department-Wide Programs, Interior"
"DOI","2025","Energy Community Revitalization Program, Department-Wide Programs, Interior, Bureau of Land Management, Interior"
"DOI","2025","Energy Community Revitalization Program, Department-Wide Programs, Interior, Bureau of Safety and Environmental Enforcement, Interior"
"ED","2025","English Language Acquisition State Grants"
"NASA","2023","Enhanced Use Lease Program"
"EPA","2025","Environmental and Climate Justice Community Change Grants Program"
"NASA","2023","Environmental Compliance and Restoration"
"EPA","2025","Environmental Justice Collaborative Problem- Solving Cooperative Agreement Program"
"EPA","2025","Environmental Justice Government-to-Government (EJG2G) Program"
"EPA","2025","Environmental Justice Small Grant Program"
"EPA","2025","Environmental Justice Thriving Communities Grantmaking Program (EJ TCGM)"
"VA","2023","Equal Access to Justice Act"
"VA","2025","Equipment"
"DFC","2025","Equity Program"
"USAID","2024","ES.1 Education and Social Services/Basic Education"
"USAID","2024","ES.2 Education and Social Services/Higher Education"
"USAID","2024","ES.3 Education and Social Services//Social Policies, Regulations, and Systems"
"USAID","2024","ES.4 Education and Social Services/Social Services"
"USAID","2024","ES.5 Education and Social Services/Social Assistance"
"NASA","2023","Exoplanet Exploration"
"NASA","2023","Exploration CoF"
"NASA","2023","Exploration Ground Systems"
"NASA","2024","Exploration Operations"
"USDA","2024","Extension Activities"
"VA","2023","Facility Maintenance and Operations"
"HUD","2023","Fair Housing and Equal Opportunity - Fair Housing Assistance Program"
"HUD","2023","Fair Housing and Equal Opportunity - Fair Housing Initiatives Program"
"USDA","2025","Farm Service Agency (FSA) Discrimination Financial Assistance Program"
"USDA","2023","Farm Service Agency (FSA) Emergency Forest Restoration Program"
"USDA","2024","Farm Service Agency (FSA) Salaries and Expenses"
"USDA","2023","Farm Storage Facility Loans"
"FCC","2023","FCC Affordable Connectivity Program (ACP)"
"FCC","2023","FCC Emergency Connectivity Fund (ECF)"
"FCC","2025","FCC Secured & Trusted Communications Network Reimbursement Program (STCNRP)"
"DOI","2025","Federal Aid to Wildlife Restoration, United States Fish and Wildlife Service"
"DOI","2022","Federal Aid-Highways (Liquidation of Contract Authorization) DOT, U.S. Fish and Wildlife Service, Interior"
"DOI","2022","Federal Aid-Highways (Liquidation of Contract Authorization), Bureau of Indian Affairs, Interior"
"DOI","2022","Federal Aid-Highways (Liquidation of Contract Authorization), National Park Service, Interior"
"DOT","2022","Federal Aviation Administration Airport Concessionaire Relief"
"DOT","2023","Federal Aviation Administration Airport Response Grant Program"
"DOT","2023","Federal Aviation Administration Facilities and Equipment"
"DOT","2023","Federal Aviation Administration Franchise Fund"
"DOT","2025","Federal Aviation Administration Grants-in-Aid for Airports"
"DOT","2023","Federal Aviation Administration Operations"
"DOT","2023","Federal Aviation Administration Research, Engineering and Development"
"GSA","2024","Federal Citizen Services Fund"
"FCC","2023","Federal Communications Commission Operating Expenses"
"FEC","2024","Federal Election Campaign Act (FECA)"
"DHS","2022","Federal Emergency Management Agency (FEMA) - Disaster Direct Loan Program"
"DHS","2022","Federal Emergency Management Agency (FEMA) - Federal Insurance & Mitigation Administration: Non-Claims"
"DHS","2024","Federal Emergency Management Agency (FEMA) - FRM Risk Map"
"DHS","2022","Federal Emergency Management Agency (FEMA) - Lost Wages"
"DHS","2025","Federal Emergency Management Agency - Assistance to Firefighter Grants"
"DHS","2025","Federal Emergency Management Agency - Assistance to Firefighter Grants: Staffing for Adequate Fire and Emergency Response Program"
"DHS","2025","Federal Emergency Management Agency - Building Resilient Infrastructure and Communities Grants"
"DHS","2024","Federal Emergency Management Agency - Commercial Bill of Lading"
"DHS","2025","Federal Emergency Management Agency - Disaster Case Management"
"DHS","2025","Federal Emergency Management Agency - Disaster Direct Loan Program"
"DHS","2025","Federal Emergency Management Agency - Disaster Relief Fund: Individuals and Households Program"
"DHS","2024","Federal Emergency Management Agency - Emergency Food & Shelter Program"
"DHS","2025","Federal Emergency Management Agency - Emergency Management Performance Grants"
"DHS","2025","Federal Emergency Management Agency - Federal Insurance & Mitigation Administration: Claims and Non-Claims"
"DHS","2025","Federal Emergency Management Agency - Federal Insurance & Mitigation Administration: Grants"
"DHS","2025","Federal Emergency Management Agency - Flood Hazard Map and Risk Analysis Program"
"DHS","2023","Federal Emergency Management Agency - Funeral Assistance"
"DHS","2025","Federal Emergency Management Agency - Hazard Mitigation Grant Program"
"DHS","2025","Federal Emergency Management Agency - Hazard Mitigation Grant Program - Disaster Supplemental Funds"
"DHS","2025","Federal Emergency Management Agency - Hermit's Peak"
"DHS","2025","Federal Emergency Management Agency - Homeland Security Grant Program"
"DHS","2025","Federal Emergency Management Agency - Infrastructure Investment and Jobs Act Grant Program"
"DHS","2023","Federal Emergency Management Agency - Intercity Bus Security Grants"
"DHS","2025","Federal Emergency Management Agency - Nonprofit Security Grant Program"
"DHS","2025","Federal Emergency Management Agency - Payroll"
"DHS","2025","Federal Emergency Management Agency - Payroll - Disaster Supplemental Funds"
"DHS","2025","Federal Emergency Management Agency - Port Security Grant Program"
"DHS","2024","Federal Emergency Management Agency - Pre-Disaster Mitigation"
"DHS","2025","Federal Emergency Management Agency - Preparedness: Tribal Cybersecurity Grant Program"
"DHS","2025","Federal Emergency Management Agency - Public Assistance"
"DHS","2024","Federal Emergency Management Agency - Purchase Card"
"DHS","2024","Federal Emergency Management Agency - Training Grants"
"DHS","2021","Federal Emergency Management Agency - Transit Security Grant Program"
"DHS","2025","Federal Emergency Management Agency - Travel"
"DHS","2025","Federal Emergency Management Agency - Urban Search and Rescue"
"DHS","2025","Federal Emergency Management Agency - Vendor Pay"
"DHS","2025","Federal Emergency Management Agency - Vendor Pay - Disaster Supplemental Funds"
"DHS","2022","Federal Emergency Management Agency – United States Fire Administration"
"FLRA","2025","Federal Employee Payments, including Payroll"
"OPM","2022","Federal Employees Health Benefits"
"OPM","2023","Federal Employees Health Benefits - Community Rated Carriers"
"OPM","2023","Federal Employees’ Group Life Insurance (FEGLI)"
"ED","2023","Federal Family Education Loan (FFEL)"
"DOT","2023","Federal Highway Administration Other Grant Programs and Cooperative Agreements"
"DOT","2023","Federal Highway Administration Research Programs"
"DOT","2023","Federal Highway Administration Salaries and Expenses"
"HUD","2025","Federal Housing Administration - Home Equity Conversion Mortgage (HECM) Claims"
"HUD","2025","Federal Housing Administration - Home Equity Conversion Mortgage (HECM) Notes"
"HUD","2025","Federal Housing Administration - Multi-Family Insurance Claims (MFIC)"
"HUD","2024","Federal Housing Administration - Multi-Family Notes"
"HUD","2021","Federal Housing Administration - Multi-Family Premium Refunds"
"HUD","2023","Federal Housing Administration - Other Disbursements"
"HUD","2024","Federal Housing Administration - Single Family Claims"
"HUD","2023","Federal Housing Administration - Single Family Property (Single Family Acquired Asset Management System) (SAMS)"
"DHS","2025","Federal Law Enforcement Training Centers - Law Enforcement Training"
"DHS","2025","Federal Law Enforcement Training Centers - Mission Support"
"DOT","2023","Federal Motor Carrier Safety Administration Motor Carrier Safety Grants"
"DOT","2023","Federal Motor Carrier Safety Administration Operations and Programs"
"ED","2023","Federal Perkins Loan (Perkins)"
"DOT","2025","Federal Railroad Administration Grants to National Railroad Passenger Corporation"
"DOT","2023","Federal Railroad Administration High-Speed Intercity Passenger Rail"
"DOT","2023","Federal Railroad Administration Other Grant Programs"
"DOT","2023","Federal Railroad Administration Railroad Research and Development"
"DOT","2023","Federal Railroad Administration Safety and Operations"
"ED","2023","Federal Supplemental Educational Opportunity Grant (FSEOG)"
"DOT","2023","Federal Transit Administration Administrative Expenses"
"DOT","2023","Federal Transit Administration Capital Investment Grants"
"DOT","2024","Federal Transit Administration Emergency Relief Program"
"DOT","2025","Federal Transit Administration Formula Grants"
"DOT","2023","Federal Transit Administration Transit Infrastructure Grants"
"DOT","2021","Federal Transit Administration Transit Infrastructure Grants - COVID Relief Funds"
"DOT","2025","Federal Transit Administration Washington Metro"
"DOI","2025","Federal Trust Programs, Bureau of Trust Funds Administration, Interior"
"ED","2023","Federal Work-Study"
"DOI","2025","Federal-Aid Highways (Liquidation of Contract Authorization), Federal Highway Administration, Transportation, Bureau of Indian Affairs"
"DOI","2025","Federal-Aid Highways (Liquidation of Contract Authorization), Federal Highway Administration, Transportation, National Park Service"
"DOI","2025","Federal-Aid Highways (Liquidation of Contract Authorization), Federal Highway Administration, Transportation, U.S. Fish and Wildlife Service"
"SEC","2025","Filing Fee deposit refunds"
"DOE","2025","Financial Assistance Awards"
"EPA","2025","Financial Assistance For Community Support Activities To Address Environmental Justice Issues"
"TREASURY","2023","Financial Crimes Enforcement Network - Salaries and Expenses"
"TREASURY","2024","Fiscal Serivce  Gulf Coast Restoration Trust Fund"
"TREASURY","2024","Fiscal Service - American Indian & Alaskan Native"
"TREASURY","2025","Fiscal Service - Check Forgery Insurance Fund"
"TREASURY","2025","Fiscal Service - Claims for Contract Disputes"
"TREASURY","2025","Fiscal Service - Corporation for Public Broadcasting"
"TREASURY","2023","Fiscal Service - DC Water & Sewer"
"TREASURY","2022","Fiscal Service - Debt Collection"
"TREASURY","2025","Fiscal Service - Debt Collection Special Fund"
"TREASURY","2025","Fiscal Service - Emergency Planning & Security"
"TREASURY","2023","Fiscal Service - Federal Reserve Bank Reimbursement Fund"
"TREASURY","2025","Fiscal Service - Financial Agent Services"
"TREASURY","2025","Fiscal Service - Fiscal Service Administrative Salaries and Expenses"
"TREASURY","2021","Fiscal Service - Guam World War II Claims Fund"
"TREASURY","2024","Fiscal Service - Interest on the Public Debt (indefinite)"
"TREASURY","2024","Fiscal Service - Interest on Uninvested Funds"
"TREASURY","2025","Fiscal Service - Judgements, Court of Claims"
"TREASURY","2022","Fiscal Service - Judgements, U.S. Courts"
"TREASURY","2025","Fiscal Service - Payment to Legal Services Corporation"
"TREASURY","2025","Fiscal Service - Payment to Resolution Funds Corporation"
"TREASURY","2024","Fiscal Service - Refund Money Erroneously Received"
"TREASURY","2023","Fiscal Service - Reimbursements to Federal Reserve Banks"
"TREASURY","2025","Fiscal Service - Resident Tuition Sup"
"TREASURY","2025","Fiscal Service - Travel Promotion Fund, Corp for Travel Promotion"
"TREASURY","2024","Fiscal Service- Restitution of Foregone Interest"
"HHS","2025","Food and Drug Administration (FDA) - Animal Drugs and Feed"
"HHS","2025","Food and Drug Administration (FDA) - Buildings and Facilities"
"HHS","2023","Food and Drug Administration (FDA) - Center for Biologics"
"HHS","2024","Food and Drug Administration (FDA) - Center for Devices and Radiological Health"
"HHS","2025","Food and Drug Administration (FDA) - Coronavirus Emergency Funding Supplemental"
"HHS","2023","Food and Drug Administration (FDA) - CURES Activities"
"HHS","2024","Food and Drug Administration (FDA) - FDA HCFAC Wedge Fund"
"HHS","2023","Food and Drug Administration (FDA) - Foods"
"HHS","2024","Food and Drug Administration (FDA) - GSA Rental Payments"
"HHS","2023","Food and Drug Administration (FDA) - Human Drugs"
"HHS","2025","Food and Drug Administration (FDA) - National Center for Toxicological Research"
"HHS","2023","Food and Drug Administration (FDA) - Opioids - International Mail Facilities (IMF)"
"HHS","2025","Food and Drug Administration (FDA) - Other Headquarters Activities"
"HHS","2024","Food and Drug Administration (FDA) - Other Rent and Rent Related Activities"
"HHS","2025","Food and Drug Administration (FDA) - Payment to FDA Innovation"
"HHS","2023","Food and Drug Administration (FDA) - Reimbursable Program - Federal Sources"
"HHS","2024","Food and Drug Administration (FDA) - Revolving Fund for Certification and Other Services (Reimbursable)"
"HHS","2025","Food and Drug Administration (FDA) - User Fees (Non General Fund)"
"HHS","2024","Food and Drug Administration (FDA) - Working Capital Fund"
"USDA","2024","Food Distribution Program on Indian Reservations"
"USDA","2023","Food for Education"
"USDA","2025","Food for Progress"
"USDA","2024","Food Safety and Inspection Service (FSIS) Salaries and Expenses"
"USDA","2024","Foreign Agriculture Service (FAS) Salaries and Expenses"
"STATE","2025","Foreign Locally Employed Staff Compensation"
"VA","2023","Foreign Medical Program"
"STATE","2025","Foreign Service Annuities"
"DOI","2025","Forest Ecosystems Health and Recovery, Bureau of Land Management"
"VA","2023","Franchise Fund"
"USDA","2025","FS-03 Wildland Fire Management"
"USDA","2025","FS-04 Capital Improvement and Maintenance"
"USDA","2025","FS-04 Disaster Supplemental- Capital Improvement and Maintenance"
"USDA","2023","FS-05 State, Private, and Tribal Forestry"
"USDA","2024","FS-06 Forest and Rangeland Research"
"USDA","2024","FS-07 Stewardship Contracting Product Sales"
"USDA","2024","FS-08 Permanent Appropriations"
"USDA","2025","FS-09 Forest Service Trust Funds"
"USDA","2023","FS-10 Land Acquisition"
"USDA","2024","FS-11 Working Capital Fund"
"USDA","2025","FS-12 Management of National Forest Lands for Subsistence Uses"
"USDA","2025","FS-13 Range Betterment Fund"
"USDA","2023","FS-14 Operations"
"STATE","2025","Fulbright Program"
"ED","2024","Fund for the Improvement of Postsecondary Education"
"DOI","2022","Funds Reserved, Oregon and California Grant Lands, Bureau of Land Management, Interior"
"ED","2025","Gaining Early Awareness and Readiness for Undergraduate Programs"
"ED","2024","Gallaudet University"
"NASA","2023","Gateway"
"VA","2024","General Post Fund"
"HUD","2021","Ginnie Mae - Contractor Payments"
"HUD","2024","Ginnie Mae - Master Sub-Servicer Default Activity"
"HUD","2024","Ginnie Mae - Other Contractual Services"
"HUD","2021","Ginnie Mae - Pass Through Assistance Program (PTAP)"
"DOI","2024","Good Neighbor Authority"
"GSA","2024","Government-wide Policy"
"GSA","2024","Government-wide Policy (Reimbursable)"
"ED","2025","Graduate Assistance in Areas of National Need"
"VA","2023","Grants (Construction of State Extended Care Facilities)"
"VA","2024","Grants (Homeless Per Diem)"
"VA","2025","Grants (Suicide Prevention Grant Program)"
"VA","2024","Grants (Support Services for Veteran Families)"
"NSF","2024","Grants and Cooperative Agreements"
"NEA","2024","Grants for Arts Projects"
"ED","2025","Grants for State Assessments and Related Activities"
"IMLS","2025","Grants to States"
"EPA","2025","Greenhouse Gas Reduction Fund: Clean Communities Investment Accelerator"
"EPA","2025","Greenhouse Gas Reduction Fund: National Clean Investment Fund"
"EPA","2025","Greenhouse Gas Reduction Fund: Solar for All"
"SBA","2024","Growth Accelerator Fund Competition"
"DOI","2025","Guaranteed Loan Financing Account, Bureau of Indian Affairs, Interior"
"GCRC","2025","Gulf Coast Ecosystem Restoration Council Comprehensive Plan Component Program"
"GCRC","2025","Gulf Coast Ecosystem Restoration Council Oil Spill Impact Program"
"USAID","2024","HA.1 Humanitarian Assistance/Protection, Assistance and Solutions"
"USAID","2024","HA.2 Humanitarian Assistance/Disaster Readiness"
"USAID","2024","HA.3 Humanitarian Assistance/Migration Management"
"ED","2023","Health Education Assistance Loan (HEAL)"
"HHS","2025","Health Resources and Services Administration (HRSA) - Claims Processing (HRSA)"
"HHS","2025","Health Resources and Services Administration (HRSA) - Compensation Claims for Post-FY 1989 Injuries"
"HHS","2025","Health Resources and Services Administration (HRSA) - Countermeasures (Admin Expense)"
"HHS","2024","Health Resources and Services Administration (HRSA) - Health Care Systems"
"HHS","2025","Health Resources and Services Administration (HRSA) - Health Workforce"
"HHS","2025","Health Resources and Services Administration (HRSA) - Health Workforce (Mandatory)"
"HHS","2023","Health Resources and Services Administration (HRSA) - Maternal & Child Health (Discretionary)"
"HHS","2023","Health Resources and Services Administration (HRSA) - Maternal & Child Health (Mandatory)"
"HHS","2023","Health Resources and Services Administration (HRSA) - Maternal, Infant, and Early Childhood Home Visiting Programs"
"HHS","2024","Health Resources and Services Administration (HRSA) - Primary Health Care"
"HHS","2024","Health Resources and Services Administration (HRSA) - Primary Health Care Health Centers and Free Clinics"
"HHS","2024","Health Resources and Services Administration (HRSA) - Program Management"
"HHS","2021","Health Resources and Services Administration (HRSA) - Provider Relief Fund General and Targeted"
"HHS","2021","Health Resources and Services Administration (HRSA) - Provider Relief Fund Uninsured"
"HHS","2025","Health Resources and Services Administration (HRSA) - Reimbursable"
"HHS","2024","Health Resources and Services Administration (HRSA) - Rural Health"
"HHS","2024","Health Resources and Services Administration (HRSA) - Ryan White HIV/AIDS"
"VA","2023","Healthcare for Homeless Veterans"
"ED","2025","Helen Keller National Center for Youths and Adults Who Are Deaf-Blind"
"NASA","2023","Heliophysics Explorer Program"
"NASA","2023","Heliophysics Research"
"NASA","2023","Heliophysics Technology"
"DOI","2022","Helium Fund, Bureau of Land Management, Interior"
"ED","2024","Higher Education Institutional Aid"
"DOI","2025","Highway Infrastructure Programs, Federal Highway Administration, Transportation, Bureau of Indian Affairs, Interior"
"DOI","2025","Highway Infrastructure Programs, Federal Highway Administration, Transportation, National Park Service, Interior"
"DOI","2024","Historic Preservation Fund Grants-In-Aid"
"DOI","2025","Historic Preservation Fund, National Park Service"
"DOI","2025","Historic Preservation Fund, National Park Service, Interior"
"USAID","2024","HL.1 Health/HIV/AIDS"
"USAID","2021","HL.3 Health/Malaria"
"USAID","2024","HL.4 Health/Pandemic Influenza and Other Emerging Threats (PIOET)"
"USAID","2024","HL.5 Health/Other Public Health Threats"
"USAID","2024","HL.6 Health/Maternal and Child Health"
"USAID","2024","HL.7 Health/Family Planning and Reproductive Health"
"USAID","2024","HL.8 Health/Water Supply and Sanitation"
"USAID","2024","HL.9 Health/Nutrition"
"HUD","2024","Housing - Housing Counseling Assistance"
"HUD","2024","Housing - Housing for Special Populations- Capital Advance portion of expenditures, Section 202"
"HUD","2024","Housing - Rental Housing Assistance Program- Section 236"
"HUD","2023","Housing - Section 811 Housing for Persons with Disabilities (PRAC and Capital Advance)"
"ED","2025","Howard University"
"NASA","2023","Human Landing System"
"NASA","2023","Human Research"
"NASA","2023","Human Research Program"
"NASA","2023","Human Space Flight Operations"
"ED","2022","Immediate Aid To Restart School Operations (RESTART)"
"DHS","2023","Immigration and Customs Enforcement - Coronavirus Aid, Relief, and Economic Security Act Funds"
"DHS","2023","Immigration and Customs Enforcement - Enforcement and Removal Operations"
"DHS","2023","Immigration and Customs Enforcement - Fleet Card"
"DHS","2024","Immigration and Customs Enforcement - Homeland Security Investigations"
"DHS","2025","Immigration and Customs Enforcement - Management"
"DHS","2025","Immigration and Customs Enforcement - Office of the Assistant Secretary"
"DHS","2023","Immigration and Customs Enforcement - Payroll"
"DHS","2024","Immigration and Customs Enforcement - Procurement, Construction, and Improvements - Disaster Supplemental Funds"
"DHS","2023","Immigration and Customs Enforcement - Purchase Card"
"DHS","2025","Immigration and Customs Enforcement - Servicewide Agreements"
"DHS","2023","Immigration and Customs Enforcement - Travel"
"ED","2024","Impact Aid"
"ED","2021","Impact Aid Facilities Maintenance"
"USDA","2024","Indemnity Program"
"ED","2025","Indian Education - Special Programs for Indian Children"
"ED","2025","Indian Education Grants to Local Educational Agencies"
"DOI","2022","Indian Guaranteed Loan Program Account, Bureau of Indian Affairs and Bureau of Indian Education, Interior"
"HHS","2023","Indian Health Service (IHS) -  Purchased/Referred Care (Clinical Services)"
"HHS","2025","Indian Health Service (IHS) - Community Health Representatives (Preventive Health)"
"HHS","2024","Indian Health Service (IHS) - Contract Support Costs"
"HHS","2024","Indian Health Service (IHS) - Dental Services (Clinical Services)"
"HHS","2025","Indian Health Service (IHS) - Direct Operations"
"HHS","2025","Indian Health Service (IHS) - Electronic Health Record System (Clinical Services)"
"HHS","2025","Indian Health Service (IHS) - Health Education (Preventive Health)"
"HHS","2024","Indian Health Service (IHS) - Hospitals and Health Clinics (Clinical Services)"
"HHS","2025","Indian Health Service (IHS) - Indian Health Care Improvement Fund (Clinical Services)"
"HHS","2025","Indian Health Service (IHS) - Indian Health Facilities (Preventive Health)"
"HHS","2025","Indian Health Service (IHS) - Indian Health Professions"
"HHS","2025","Indian Health Service (IHS) - Indian Health Services (Reimbursable)"
"HHS","2024","Indian Health Service (IHS) - Public Health Nursing (Preventive Health)"
"HHS","2024","Indian Health Service (IHS) - Sanitation and Health Facilities"
"HHS","2024","Indian Health Service (IHS) - Section 105(l) Leases"
"HHS","2024","Indian Health Service (IHS) - Urban Health"
"HHS","2022","Indian Health Service (IHS) Clinical Services - Testing, Tracing, Containment, Mitigation, and Related Activities (Transfer from Public Health Emergency and Social Services Emergency Fund) - Disaster Relief"
"HHS","2021","Indian Health Service (IHS) Testing, Contact Tracing, Monitoring, and Mitigation - Disaster Relief"
"VA","2023","Indian Health Services/Tribal Health Program"
"DOI","2025","Indian Land and Water Claim Settlements and Miscellaneous Payments to Indians, Bureau of Indian Affairs and Bureau of Indian Education, Interior"
"GSA","2025","Inflation Reduction Act"
"NASA","2023","Information Technology (IT)"
"GSA","2024","Information Technology Category"
"STATE","2022","Information Technology Central Fund"
"HUD","2023","Information Technology Fund - Other Contractual Services"
"NASA","2023","Infrastructure & Technical Capabilities"
"GSA","2024","Infrastructure Investment and Jobs Act"
"ED","2024","Innovative Approaches to Literacy; Promise Neighborhoods; Full-Service Community Schools; and Congressionally Directed Spending for Elementary and Secondary Education Community Projects"
"NASA","2023","Inspector General"
"NASA","2023","Institutional CoF"
"NASA","2023","Institutions and Management"
"DFC","2025","Insurance Program"
"USDA","2024","Integrated Activities"
"NASA","2023","Integrated Aviation Systems Program"
"GSA","2024","Integrated Award Environment"
"DOI","2025","Interior Franchise Fund, Departmental Management"
"DOI","2022","Interior Franchise Fund, Departmental Management, Interior"
"TREASURY","2025","Internal Revenue Service - Advanced Manufacturing Investment Credit"
"TREASURY","2025","Internal Revenue Service - Build American Bond Payments, Recovery Act"
"TREASURY","2024","Internal Revenue Service - Business Systems Modernization"
"TREASURY","2023","Internal Revenue Service - Child and Dependent Care Tax Credit"
"TREASURY","2025","Internal Revenue Service - Clean Vehicle Credit"
"TREASURY","2025","Internal Revenue Service - Credit for Previously Owned Clean Vehicles"
"TREASURY","2025","Internal Revenue Service - Elective Payment for Energy Prop and Electricity Produced"
"TREASURY","2025","Internal Revenue Service - Energy Security"
"TREASURY","2022","Internal Revenue Service - Healthcare Credit Exceeds Liability"
"TREASURY","2024","Internal Revenue Service - Informant Reimbursement"
"TREASURY","2024","Internal Revenue Service - Operations Support"
"TREASURY","2025","Internal Revenue Service - Payment to Issuer of New Clean Renewable Energy Bonds"
"TREASURY","2025","Internal Revenue Service - Payment to Issuer of Qualified Energy Conservation Bond"
"TREASURY","2025","Internal Revenue Service - Payment to Issuer of Qualified School Construction Bonds"
"TREASURY","2024","Internal Revenue Service - Payment to Issuer of Qualified Zone Academy Bonds"
"TREASURY","2024","Internal Revenue Service - Private Collection Agent Program"
"TREASURY","2024","Internal Revenue Service - Refund - Corporations"
"TREASURY","2024","Internal Revenue Service - Refund Collection - Interest"
"TREASURY","2024","Internal Revenue Service - Special Compliance Personnel Program Account"
"TREASURY","2024","Internal Revenue Service - Tax Law Enforcement"
"TREASURY","2024","Internal Revenue Service - Taxpayer Services- Exchange of Federal Information with State Agencies"
"TREASURY","2021","Internal Revenue Service - Taxpayer Services- Volunteer Income Tax Assistance Matching Grant Program"
"TREASURY","2021","Internal Revenue Service - US Coronavirus Payments"
"TREASURY","2021","Internal Revenue Service - US Coronavirus Refundable Credits"
"DOC","2023","Internation Trade Administration (ITA)"
"DOC","2024","Internation Trade Administration (ITA) - Enforcement and Compliance"
"DOC","2024","Internation Trade Administration (ITA) - Executive Direction and Administration"
"USAGM","2024","International Broadcasting Bureau (IBB)"
"STATE","2025","International Cooperative Administrative Support Services"
"DOL","2024","International Labor Affairs Bureau"
"STATE","2025","International Security and Nonproliferation Related Programs"
"STATE","2025","International Security Programs"
"NASA","2023","International Space Station"
"DOC","2023","International Trade Administration (ITA) - Enforcement and Compliance"
"DOC","2021","International Trade Administration (ITA) - Executive Direction and Administration"
"DOC","2025","International Trade Administration (ITA) - Global Markets"
"DOC","2024","International Trade Administration (ITA) - Industry and Analysis"
"ED","2023","Iraq and Afghanistan Service Grant (IASG)"
"NASA","2022","James Webb Space Telescope"
"ED","2025","Javits Gifted and Talented Students Education"
"DOI","2025","Land Acquisition and State Assistance, National Park Service"
"DOI","2025","Land Acquisition, Bureau of Land Management"
"DOI","2022","Land Acquisition, Bureau of Land Management, Interior"
"DOI","2025","Land Acquisition, United States Fish and Wildlife Service"
"DOI","2025","Land and Resources Management Trust Fund, Bureau of Land Management"
"DOI","2022","Land and Resources Management Trust Fund, Bureau of Land Management, Interior"
"VA","2025","Land and Structures"
"NASA","2023","Launch Services"
"IMLS","2025","Laura Bush 21st Century Librarian Program"
"DOJ","2025","Law Enforcement"
"NEA","2024","Leadership"
"STATE","2025","Leaseholds and Functional Programs"
"NARA","2023","Legislative Archives, Presidential Libraries, and Museum Services"
"DOJ","2025","Litigation"
"USDA","2023","Livestock Indemnity Program-2014 Farm Bill"
"NASA","2023","Living with a Star"
"VA","2023","Loan Guaranty (Direct Loans)"
"VA","2024","Loan Guaranty (Loan Administration)"
"VA","2024","Loan Guaranty (Loan Production)"
"VA","2024","Loan Guaranty (Property Management)"
"DOE","2024","Loans"
"EXIM","2023","Long-term Authorizations"
"DOI","2025","Low Income Home Energy Assistance, Administration for Children and Families, Health and Human Services"
"DOI","2025","Lower Colorado River Basin Development Fund, Bureau of Reclamation"
"NASA","2023","Lunar Discovery and Exploration"
"ED","2024","Magnet Schools Assistance"
"DHS","2025","Management Directorate - Federal Protective Service"
"DHS","2025","Management Directorate - Management & Administration"
"DOI","2024","Management of Lands and Resources, Bureau of Land Management, Interior - IRA"
"DOI","2023","Management of Lands and Resources, Bureau of Land Management, Interior - IRA 221L1109H3, 221L1109H4, 223L1109AF, 226L1109H5, 234L1109AF, 23XL1109A1, 23XL1109HF"
"DOT","2023","Maritime Administration Approval Workflow Contract Payments"
"DOT","2023","Maritime Administration Assistance Programs"
"DOT","2023","Maritime Administration Electronic Invoicing System Ship Manager Payments"
"DOT","2023","Maritime Administration Federal Ship Financing Program Contracts"
"DOT","2023","Maritime Administration Personnel Compensation and Benefits"
"DOT","2023","Maritime Administration Port Infrastructure Development"
"DOT","2023","Maritime Administration Student Incentive Program"
"USDA","2022","Market Facilitation Program"
"NASA","2023","Mars Exploration"
"NASA","2023","Mars Sample Return"
"VA","2025","Medical and Prosthetic Research"
"EXIM","2023","Medium-term Authorizations"
"MSPB","2023","Merit System Protection Board - Salaries and Expenses"
"USAGM","2024","Middle East Broadcasting Networks (MBN/MN)"
"ED","2025","Migrant Education College Assistance Migrant Program"
"ED","2025","Migrant Education High School Equivalency Program"
"ED","2025","Migrant Education State Grant Program"
"DOI","2022","Migratory Bird Conservation Account, U.S. Fish and Wildlife Service, Interior"
"DOI","2025","Migratory Bird Conservation Account, United States Fish and Wildlife Service"
"DOW","2023","Military Health Benefits – Administrative"
"DOW","2024","Military Health Benefits – TRICARE East Region Program (East)"
"DOW","2024","Military Health Benefits – TRICARE Medicare Eligible Program (TMEP)"
"DOW","2024","Military Health Benefits – TRICARE Overseas Program (TOP)"
"DOW","2024","Military Health Benefits – TRICARE Pharmacy Program (TPharm)"
"DOW","2024","Military Health Benefits – TRICARE West Region Program (West)"
"DOW","2025","Military Pay Army – Active Duty"
"DOW","2025","Military Pay Army – Reserve"
"DOW","2025","Military Pay Department of Air Force (DAF) – Active Duty"
"DOW","2025","Military Pay Department of Air Force (DAF) – Air National Guard"
"DOW","2025","Military Pay Department of Air Force (DAF) – Reserve"
"DOW","2024","Military Pay Marie Corps – Reserve"
"DOW","2024","Military Pay Marine Corps – Active Duty"
"DOW","2024","Military Pay Navy – Active Duty"
"DOW","2024","Military Pay Navy – Reserve"
"DOW","2025","Military Retirement – Annuitant Pay"
"DOW","2025","Military Retirement – Combat Related Special Compensation"
"DOW","2025","Military Retirement – Retired Pay"
"DOL","2025","Mine Safety and Health Administration"
"DOL","2022","Mine Safety and Health Administration - Safety and Health Cooperative Grants"
"DOC","2024","Miniority Business Development Agency (MBDA) - Minority Business Development and Advocacy "
"DOC","2023","Minority Business Development Agency (MBDA)"
"DOC","2023","Minority Business Development Agency (MBDA) - Minority Business Development and Advocacy"
"DOC","2023","Minority Business Development Agency (MBDA) - Minority Business Development Grants"
"ED","2025","Minority Science and Engineering Improvement"
"PCLOB","2025","Mission Activities"
"NASA","2023","Mission Enabling Services"
"NLRB","2025","Mission Support"
"VA","2024","Montgomery GI Bill (Chapter 30)"
"NASA","2023","Moon and Mars Architecture"
"MUSP","2025","Morris K. Udall Fellowship Program"
"MUSP","2025","Morris K. Udall Native American Congressional Internship Program"
"MUSP","2025","Morris K. Udall Scholarship Program"
"PBGC","2025","Multiemployer Financial Assistance Payments"
"PBGC","2025","Multiemployer Special Financial Assistance Payments"
"DOI","2025","Multinational Species Conservation Fund, United States Fish and Wildlife Service"
"GSA","2024","Multiyear 2021-2025 ARP"
"IMLS","2025","Museums for America"
"VA","2025","National Cemetery Administration (NCA) Burial"
"STATE","2025","National Endowment for Democracy"
"DOI","2024","National Fire Plan-Wildland Urban Interface Community Fire Assistance"
"DOT","2023","National Highway Traffic Safety Administration"
"DOT","2023","National Highway Traffic Safety Administration Highway Traffic Safety Grants"
"NASA","2023","National Historic Preservation"
"DOI","2025","National Indian Gaming Commission, Gaming Activity Fees"
"DOI","2022","National Indian Gaming Commission, Gaming Activity Fees, Interior"
"DOC","2023","National Institute of Standards and Technology (NIST)"
"DOC","2022","National Institute of Standards and Technology (NIST) - Contracts/Purchase Orders"
"DOC","2024","National Institute of Standards and Technology (NIST) - Grants"
"DOC","2021","National Institute of Standards and Technology (NIST) - Interagency Agreements/Other/Miscellaneous"
"DOC","2025","National Institute of Standards and Technology (NIST) - IPACs/Other/Miscellaneous"
"DOC","2025","National Institute of Standards and Technology (NIST) - Other Transaction Agreements"
"DOC","2025","National Institute of Standards and Technology (NIST) - Payments to Employees"
"DOC","2025","National Institute of Standards and Technology (NIST) - Purchase Card"
"DOC","2024","National Institute of Standards and Technology (NIST) - Purchase Cards"
"DOC","2024","National Institute of Standards and Technology (NIST)- Contracts/Purchase Orders"
"DOC","2024","National Institute of Standards and Technology (NIST)- IPACs/Other/Miscellaneous"
"DOC","2024","National Institute of Standards and Technology (NIST)- Payments to Employees"
"HHS","2024","National Institutes of Health (NIH) - Advanced Research Projects Agency for Health"
"HHS","2023","National Institutes of Health (NIH) - Buildings and Facilities"
"HHS","2025","National Institutes of Health (NIH) - Center for Information Technology"
"HHS","2025","National Institutes of Health (NIH) - Eunice K. Shriver National Institute of Child Health and Human Development"
"HHS","2025","National Institutes of Health (NIH) - Fogarty International Center"
"HHS","2023","National Institutes of Health (NIH) - National Cancer Institute"
"HHS","2023","National Institutes of Health (NIH) - National Cancer Institute Frederick National Laboratory for Cancer Research/Federally Funded Research and Development Centers"
"HHS","2024","National Institutes of Health (NIH) - National Center for Advancing Translational Sciences"
"HHS","2024","National Institutes of Health (NIH) - National Center for Complementary and Integrative Health"
"HHS","2024","National Institutes of Health (NIH) - National Eye Institute"
"HHS","2023","National Institutes of Health (NIH) - National Heart, Lung, and Blood Institute"
"HHS","2023","National Institutes of Health (NIH) - National Human Genome Research Institute"
"HHS","2025","National Institutes of Health (NIH) - National Institute of Allergy and Infectious Diseases"
"HHS","2024","National Institutes of Health (NIH) - National Institute of Arthritis and Musculoskeletal and Skin Diseases"
"HHS","2025","National Institutes of Health (NIH) - National Institute of Biomedical Imaging and Bioengineering"
"HHS","2024","National Institutes of Health (NIH) - National Institute of Dental and Craniofacial Research"
"HHS","2025","National Institutes of Health (NIH) - National Institute of Diabetes and Digestive and Kidney Diseases"
"HHS","2023","National Institutes of Health (NIH) - National Institute of Environmental Health Sciences"
"HHS","2025","National Institutes of Health (NIH) - National Institute of General Medical Sciences"
"HHS","2025","National Institutes of Health (NIH) - National Institute of Mental Health"
"HHS","2024","National Institutes of Health (NIH) - National Institute of Neurological Disorders and Stroke"
"HHS","2023","National Institutes of Health (NIH) - National Institute on Aging"
"HHS","2023","National Institutes of Health (NIH) - National Institute on Alcohol Abuse and Alcoholism"
"HHS","2023","National Institutes of Health (NIH) - National Institute on Deafness and Communication Disorders"
"HHS","2024","National Institutes of Health (NIH) - National Institute on Drug Abuse"
"HHS","2023","National Institutes of Health (NIH) - National Institute on Minority Health and Health Disparities"
"HHS","2024","National Institutes of Health (NIH) - National Institute on Nursing Research"
"HHS","2024","National Institutes of Health (NIH) - National Library of Medicine"
"HHS","2025","National Institutes of Health (NIH) - NIH Clinical Center"
"HHS","2025","National Institutes of Health (NIH) - NIH Purchase Card Program"
"HHS","2025","National Institutes of Health (NIH) - Office of the Director"
"HHS","2022","National Institutes of Health (NIH) National Institute of Allergy and Infectious Diseases (NIAID)"
"HHS","2022","National Institutes of Health (NIH) Rapid Acceleration of Diagnostics"
"HHS","2021","National Institutes of Health (NIH) Small Business Innovation Research"
"NLRB","2023","National Labor Relations Board"
"IMLS","2025","National Leadership Grants for Libraries"
"IMLS","2024","National Leadership Grants for Museums"
"DOC","2023","National Oceanic and Atmospheric Administration (NOAA)"
"DOC","2024","National Oceanic and Atmospheric Administration (NOAA) - Grants"
"DOC","2024","National Oceanic and Atmospheric Administration (NOAA) - Labor and Payments to Employees"
"DOC","2023","National Oceanic and Atmospheric Administration (NOAA) - Loans, IPACs, Other"
"DOC","2024","National Oceanic and Atmospheric Administration (NOAA) - Purchase Orders and Contracts"
"DOI","2025","National Parks and Public Land Legacy Restoration Fund, Department-Wide Programs, Bureau of Indian Affairs, Interior"
"DOI","2024","National Parks and Public Land Legacy Restoration Fund, Department-Wide Programs, Bureau of Land Management, Interior - GAOA"
"DOI","2025","National Parks and Public Land Legacy Restoration Fund, Department-Wide Programs, Interior"
"DOI","2023","National Parks and Public Land Legacy Restoration Fund, Department-Wide Programs, Interior - GAOA 1414X5715.011"
"DOI","2023","National Parks and Public Land Legacy Restoration Fund, Department-Wide Programs, Interior - GAOA XXXP571550"
"DOI","2022","National Parks and Public Land Legacy Restoration Fund, Department-Wide Programs, National Park Service, Interior"
"DOI","2025","National Parks and Public Land Legacy Restoration Fund, Department-Wide Programs, U.S. Fish and Wildlife Services, Interior"
"DOI","2025","National Recreation and Preservation, National Park Service, Interior"
"ED","2025","National Resource Centers Program for Foreign Language and Area Studies or Foreign Language and International Studies Program and Foreign Language and Area Studies Fellowship Program"
"VA","2024","National Service Life Insurance"
"CNCS","2025","National Service Trust"
"DOC","2023","National Technical Information Service (NTIS)"
"DOC","2025","National Technical Information Service (NTIS) - (Collect and Disseminate Technical Information - Clearinghouse Program)"
"ED","2025","National Technical Institute for the Deaf"
"DOC","2023","National Telecommunications and Information Administration (NTIA)"
"DOC","2023","National Telecommunications and Information Administration (NTIA) - Broadband Equity, Access, and Deployment Program"
"DOC","2025","National Telecommunications and Information Administration (NTIA) - Broadband Infrastructure Program & Tribal Broadband Connectivity Program"
"DOC","2022","National Telecommunications and Information Administration (NTIA) - Broadband Technology Opportunities Program"
"DOC","2024","National Telecommunications and Information Administration (NTIA) - Connecting Minority Communities Pilot Program"
"DOC","2025","National Telecommunications and Information Administration (NTIA) - Digital Equity Program"
"DOC","2021","National Telecommunications and Information Administration (NTIA) - Digital Television Transition and Public Safety Fund, excluding TV Converter Box Coupon Program and Public Safety Interoperable Communications"
"DOC","2025","National Telecommunications and Information Administration (NTIA) - Domestic and International Policies and Advanced Communications Research; Spectrum Management; Public Safety Communications"
"DOC","2025","National Telecommunications and Information Administration (NTIA) - First Responder Network Authority"
"DOC","2024","National Telecommunications and Information Administration (NTIA) - Middle Mile Program"
"DOC","2023","National Telecommunications and Information Administration (NTIA) - Non-FirstNet Activity included in a) Public Safety Trust Fund; and b) Network Construction Fund"
"DOC","2021","National Telecommunications and Information Administration (NTIA) - Public Telecommunications Facilities Program"
"DOC","2025","National Telecommunications and Information Administration (NTIA) - Public Wireless Supply Chain Innovation Fund"
"VA","2023","National Veterans Sports Programs & Special Events"
"DOI","2022","National Wildlife Refuge Fund, U.S. Fish and Wildlife Service, Interior"
"ED","2025","Native Hawaiian Education"
"DOI","2025","Natural Resource Damage Assessment and Restoration Fund, Office of the Secretary"
"DOI","2025","Natural Resource Damage Assessment and Restoration Fund, Office of the Secretary, National Park Service, Interior"
"DOI","2025","Natural Resource Damage Assessment and Restoration Fund, Office of the Secretary, U.S. Fish and Wildlife Service, Interior"
"DOI","2022","Natural Resource Damage Assessment and Restoration Fund, U.S. Fish and Wildlife Service, Interior"
"DOI","2022","Natural Resource Damage Assessment Fund, Natural Resource Damage Assessment and Restoration, Interior"
"NASA","2023","New Frontiers"
"CPSC","2025","Nicholas and Zachary Burt Memorial Carbon Monoxide Poisoning Prevention Grants"
"VA","2025","Non-Medical Contracts and Agreements"
"CPSC","2024","Non-Payroll"
"CPSC","2025","Non-Payroll – CPSC, Non-grants"
"DOI","2025","North American Wetlands Conservation Fund, United States Fish and Wildlife Service"
"DOC","2021","NTIA - Information Infrastructure Grants"
"USDA","2023","Nutrition Assistance for Puerto Rico"
"DOL","2023","Occupational Safety and Health Administration - State Programs"
"DOI","2025","Ocean Energy Management, Bureau of Ocean Energy Management, Interior"
"DOI","2022","Ocean Energy Management, Bureau of Ocean Energy Management, Interior - IRA 226M19175D"
"USAID","2023","OE Operating Expense"
"SBA","2022","OED Resource Partners Training Portal (RPTP)"
"VA","2024","Off-Station Provider Services"
"VA","2024","Office of Acquisition, Logistics and Construction (Major/Minor Construction)"
"USDA","2023","Office of Civil Rights (OCR) Salaries and Expenses"
"DOL","2024","Office of Disability Employment Policy"
"DOL","2024","Office of Federal Contract Compliance Programs"
"TREASURY","2024","Office of Financial Stability - Home Affordable Modification Program"
"TREASURY","2024","Office of Financial Stability - Salaries and Expenses"
"OGE","2025","Office of Government Ethics-Salaries and Expenses"
"HUD","2024","Office of Healthy Homes Lead Hazard Control - Lead Hazard Reduction"
"CNCS","2025","Office of Human Capital (Payroll)"
"VA","2024","Office of Information & Technology"
"DOC","2024","Office of Inspector General (OIG) - Department of Commerce "
"USDA","2023","Office of Inspector General (OIG) Disaster Related Appropriations"
"DHS","2024","Office of Inspector General - Audits, Inspections, & Investigations"
"VA","2025","Office of Inspector General - Department of Veterans Affairs"
"HUD","2023","Office of Inspector General - Other Contractual Services"
"DOT","2023","Office of Inspector General Salaries and Expenses"
"DHS","2025","Office of Intelligence, Analysis, and Situational Awareness - Analysis and Operations"
"TREASURY","2025","Office of International Assistance - Clean Tech Fund Loans Financing Acct"
"TREASURY","2025","Office of International Assistance - Contribution to African Development Bank"
"TREASURY","2023","Office of International Assistance - Contribution to African Development Fund"
"TREASURY","2023","Office of International Assistance - Contribution to European Bank for Reconstruction"
"TREASURY","2025","Office of International Assistance - Contribution to International Bank Reconstruction"
"TREASURY","2023","Office of International Assistance - Contribution to International Development Association"
"TREASURY","2025","Office of International Assistance - Contribution to Multilat INV Guar"
"TREASURY","2025","Office of International Assistance - Contribution to the Asian Development Fund"
"TREASURY","2024","Office of International Assistance - Economic Support Fund"
"TREASURY","2023","Office of International Assistance - Global Environment Facility"
"TREASURY","2023","Office of International Assistance - Global Food Security"
"TREASURY","2021","Office of International Assistance - Global Food Security Fund"
"TREASURY","2023","Office of International Assistance - International Fund for Agriculture Development"
"DOL","2025","Office of Labor-Management Standards"
"DOI","2025","Office of Natural Resources Revenue, Department-Wide Programs, Interior"
"CNCS","2025","Office of Procurement Services"
"GSA","2024","Office of Products and Programs"
"HHS","2024","Office of the Assistant Secretary for Health (OASH) - Family Planning"
"HHS","2024","Office of the Assistant Secretary for Health (OASH) - Minority HIV/AIDS Fund"
"HHS","2025","Office of the Assistant Secretary for Health (OASH) - Office of Research Integrity"
"HHS","2024","Office of the Assistant Secretary for Health (OASH) - Office on Women's Health"
"HHS","2025","Office of the Assistant Secretary for Health (OASH) - Teen Pregnancy Prevention"
"USDA","2023","Office of the Chief Economist (OCE) Salaries and Expenses"
"USDA","2023","Office of the Chief Information Officer (OCIO) Salaries and Expenses"
"HUD","2022","Office of the Chief Procurement Officer - Payments to Federal Contractors - Transformation Initiative"
"TREASURY","2023","Office of the Comptroller of the Currency - Assessment Funds"
"NARA","2023","Office of the Inspector General"
"USDA","2023","Office of the Inspector General (OIG) Salaries and Expenses"
"TREASURY","2023","Office of the Inspector General - Salaries and Expenses"
"HHS","2023","Office of the National Coordinator for Health Information Technology (ONC) Public Health Informatics & Technology (PHIT) Workforce Development Program"
"HHS","2023","Office of the National Coordinator for Health Information Technology (ONC) The ONC IIS HIE COVID-19 Data Management"
"DOC","2023","Office of the Secretary (OS)"
"DOC","2024","Office of the Secretary (OS) - Departmental Management"
"USDA","2023","Office of the Secretary (OSEC) Salaries and Expenses"
"DOT","2022","Office of the Secretary Aviation Manufacturing Jobs Protection Program"
"DOT","2023","Office of the Secretary Grant Programs"
"DOT","2023","Office of the Secretary Grant Programs - Allocation and Administered Accounts"
"DOT","2023","Office of the Secretary Loan Programs"
"DOT","2023","Office of the Secretary Salaries and Expenses"
"DOL","2022","Office of Workers' Compensation - Coal Mine Workers' Compensation"
"DOL","2023","Office of Workers' Compensation - Energy Employees Occupational Illness Compensation"
"DOL","2022","Office of Workers' Compensation - Longshore and Harbor Workers Compensation"
"DOI","2025","Offshore Safety and Environmental Enforcement, Bureau of Safety and Environmental Enforcement, Interior"
"DOI","2022","Offshore Safety and Environmental Enforcement, Bureau of Safety and Environmental Enforcement, Interior - 234E1700D2"
"DOI","2025","Oil Spill Research, Bureau of Safety and Environmental Enforcement, Interior"
"USAGM","2023","Open Technology Fund (OTF)"
"GSA","2024","Operating Expenses (Direct)"
"DOI","2025","Operation and Maintenance of Quarters, National Park Service"
"DOI","2022","Operation and Maintenance of Quarters, National Park Service, Interior"
"DOI","2025","Operation and Maintenance, Indian Irrigation Systems, Bureau of Indian Affairs (T)"
"DOI","2023","Operation and Maintenance, Indian Irrigation Systems, Bureau of Indian Affairs (T), Interior - BIL 5240-A000"
"DOI","2025","Operation of Indian Education Programs, Bureau of Indian Education, Interior"
"DOI","2025","Operation of Indian Programs, Bureau of Indian Affairs and Bureau of Indian Education, Interior"
"DOI","2022","Operation of Indian Programs, Bureau of Indian Affairs and Bureau of Indian Education, Interior - BIL 221A2100S1, 221A2100S3"
"DOI","2025","Operation of the National Park System, National Park Service, Interior"
"DOI","2022","Operation of the National Park System, National Park Service, Interior - IRA 20P10361B, 221P10361C, 221P10361D, 226P10361E"
"PCLOB","2025","Operational Activities"
"CFTC","2025","Operations and Administration"
"DOI","2025","Oregon and California Grant Lands, Bureau of Land Management"
"DOI","2022","Oregon and California Grant Lands, Bureau of Land Management, Interior"
"NASA","2023","Orion Program"
"OSC","2023","OSC- Investigation and Prosecution of Reprisals for Whistle Blowing"
"DOE","2025","Other"
"VA","2024","Other Contracts, Services, Agreements, and Miscellaneous"
"DOI","2022","Outer Continental Shelf Revenues, Land and Water Conservation Fund (LWCF) Share from Certain Leases, National Park Service, Interior"
"DOI","2025","Outer Continental Shelf Revenues, LWCF Share from Certain Leases, National Park Service"
"NASA","2023","Outer Planets and Ocean Worlds"
"STATE","2025","Overseas Programs"
"DOI","2022","Pacific Northwest and Hawaiian Islands Arts"
"USDA","2022","Pandemic Livestock Indemnity Program"
"DOI","2025","Park Buildings Lease and Maintenance Fund, National Park Service"
"DOI","2022","Park Concession Franchise Fees, National Park Service, Interior"
"DOI","2025","Park Concessions Franchise Fees, National Park Service"
"NEA","2024","Partnership Agreements (State and Regional)"
"USDA","2024","Partnerships for Climate- Smart Commodities"
"EEOC","2024","Pay and Benefits"
"DOI","2025","Payment to States for the Child Care and Development Block Grant, Administration for Children and Families, Health and Human Services"
"DOI","2022","Payment to States for the Child Care and Development Block Grant, Administration for Children and Families, Health and Human Services, Bureau of Indian Affairs, Interior"
"DOI","2025","Payment to the United States Territories, Fiscal Assistance, Insular Affairs, Interior"
"DOI","2025","Payments for Tribal Leases, Bureau of Indian Affairs, Interior"
"DOI","2025","Payments in Lieu of Coal Fee Receipts, Office of Surface Mining Reclamation and Enforcement"
"DOI","2025","Payments in Lieu of Taxes, Departmental Management, Interior"
"DOI","2025","Payments to Counties, Oregon and California Grant Lands, Bureau of Land Management"
"NSF","2024","Payments to Employees"
"PBGC","2023","Payments to Federal Employees"
"DOI","2025","Payments to State and County from Clark County, Nevada Land Sales, Bureau of Land Management"
"DOI","2022","Payments to States in Lieu of Coal Fee Receipts, Office of Surface Mining Reclamation and Enforcement, Interior"
"FTC","2024","Payroll "
"NRC","2024","Payroll"
"SSS","2025","Payroll"
"CPSC","2025","Payroll - CPSC"
"EPA","2023","Payroll - Environmental Protection Agency"
"FERC","2024","Payroll - Federal Energy Regulatory Commission"
"OPM","2024","Payroll - Office of Personnel Management"
"TVA","2024","Payroll Program - Tennessee Valley Authority "
"STATE","2025","Peace-Keeping Operations Programs"
"DOI","2025","Permit Processing Fund, Bureau of Land Management"
"DOI","2022","Permit Processing Fund, Bureau of Land Management, Interior"
"ED","2025","Personnel Compensation and Benefits"
"VA","2025","Pharmacy (Consolidated Mail Outpatient Pharmacies)"
"VA","2025","Pharmacy (Medical Facilities)"
"STATE","2022","Physical Security Programs"
"NASA","2023","Physics of the Cosmos"
"USDA","2025","Pima Agriculture Cotton Trust Fund"
"DOT","2023","Pipeline and Hazardous Materials Safety Administration Payments"
"NASA","2023","Planetary Defense"
"NASA","2023","Planetary Science Research"
"USDA","2024","Plant and Animal Disease, Pest Control, and Animal Care"
"USDA","2023","Plant Materials for Conservation"
"USAID","2024","PO.1 Program Development and Oversight/Program Design and Learning"
"USAID","2024","PO.2 Program Development and Oversight/Administration and Oversight"
"USAID","2024","PO.3 Program Development and Oversight/Evaluation"
"DOI","2025","Policy and Administration, Bureau of Reclamation, Interior"
"HUD","2025","Policy Development and Research - PDR Managed Technical Assistance Grants"
"HUD","2023","Policy Development and Research - Research and Technology"
"STATE","2025","Population Refugees and Migration Programs"
"STATE","2025","Post-Assignment Travel"
"DOI","2025","Power Systems, Indian Irrigation Projects, Bureau of Indian Affairs"
"DOI","2023","Power Systems, Indian Irrigation Projects, Bureau of Indian Affairs, Interior - BIL 5648-A000"
"PBGC","2024","Premium Refunds"
"DOJ","2025","Prisons and Detention"
"VA","2025","Professional Services Contracts"
"ED","2025","Program of Protection and Advocacy of Individual Rights"
"STATE","2025","Project Construction - Major Rehabilitation"
"DFC","2025","Project Development Finance"
"NEA","2025","Promotion of the Arts Grants to Organizations and Individuals"
"NEA","2025","Promotion of the Arts Partnership Agreements"
"NEH","2025","Promotion of the Humanities Challenge Grants"
"NEH","2025","Promotion of the Humanities Division of Preservation and Access"
"NEH","2025","Promotion of the Humanities Federal/State Partnership"
"NEH","2024","Promotion of the Humanities Fellowships and Stipends"
"NEH","2025","Promotion of the Humanities Public Programs"
"NEH","2025","Promotion of the Humanities Research"
"VA","2025","Prosthetics"
"USAID","2024","PS.1 Peace and Security/Counter-Terrorism"
"USAID","2024","PS.3 Peace and Security/Counter-Narcotics"
"USAID","2024","PS.4 Peace and Security/Transnational Threats and Crime"
"USAID","2024","PS.5 Peace and Security/Trafficking in Persons"
"USAID","2024","PS.6 Peace and Security/Conflict Mitigation and Stabilization"
"HUD","2023","Public and Indian Housing - Choice Neighborhoods Initiative"
"HUD","2024","Public and Indian Housing - Family Self-Sufficiency Program"
"HUD","2025","Public and Indian Housing - Indian Community Development Block Grants"
"HUD","2023","Public and Indian Housing - Native American Housing Block Grants"
"HUD","2023","Public and Indian Housing - Native Hawaiian Housing and Indian Home Loan Guarantee - Section 184 Program Account"
"HUD","2025","Public and Indian Housing - Native Hawaiian Housing Block Grants"
"HUD","2022","Public and Indian Housing - Project-Based Rental Assistance Section 8 Moderate Rehabilitation"
"HUD","2025","Public and Indian Housing - Public Housing Capital Fund"
"HUD","2023","Public and Indian Housing - Public Housing Operating Fund"
"FLRA","2025","Purchase Card"
"GSA","2023","Purchase Cards"
"EPA","2023","Purchase Cards - Environmental Protection Agency"
"NSF","2024","Purchase Cards - National Science Foundation"
"OPM","2022","Purchase Cards - Office of Personnel Management"
"USAGM","2023","Radio Free Asia (RFA)"
"USAGM","2024","Radio Free Europe (RFE/RL)"
"NASA","2023","Radioisotope Power"
"STB","2025","Rail Carriers"
"RRB","2023","Railroad Retirement Act"
"RRB","2025","Railroad Unemployment Insurance Act"
"ED","2022","Randolph-Sheppard - Financial Relief and Restoration Payments"
"ED","2025","Ready-To-Learn Television"
"DOI","2021","Reclamation Trust Funds, Bureau of Reclamation, Interior"
"DOI","2025","Reclamation Water Settlements Fund, Bureau of Reclamation, Interior"
"DOI","2025","Recreation Enhancement Fee Program, Bureau of Land Management"
"DOI","2022","Recreation Enhancement Fee Program, Bureau of Land Management, Interior"
"DOI","2025","Recreation Enhancement Fee Program, National Park Service"
"DOI","2022","Recreation Enhancement Fee Program, National Park Service, Interior"
"DOI","2025","Regulation and Technology, Office of Surface Mining Reclamation and Enforcement"
"DOI","2022","Regulation and Technology, Office of Surface Mining Reclamation and Enforcement, Interior - Federal Regulatory and Reclamation Programs for Oklahoma - 223S180110, 234S180110"
"ED","2024","Rehabilitation Long-Term Training"
"ED","2025","Rehabilitation Services Client Assistance Program"
"ED","2025","Rehabilitation Services Independent Living Services for Older Individuals Who are Blind"
"ED","2025","Rehabilitation Services Vocational Rehabilitation Grants to States"
"NASA","2023","Reimbursable (RMB) Exploration Systems Mission Directorate (ESMD) Programmatic Reimbursables"
"NASA","2023","Reimbursable (RMB) Science Mission Directorate (SCMD) Programmatic Reimbursables"
"NASA","2023","Reimbursable (RMB) Small Spacecraft Mission Service (SSMS) Institutional Reimbursables"
"NASA","2023","Reimbursable (RMB) Space Operations Mission Directorate (SOMD) Programmatic Reimbursables"
"NASA","2024","Reimbursable (RMB) Space Tech Programmatic Reimbursables"
"GSA","2024","Rental of Space"
"EEOC","2025","Rental Payments to GSA"
"GSA","2024","Repairs and Alterations"
"USDA","2024","Research & Education Activities"
"ED","2025","Research in Special Education"
"USDA","2025","Research, Education, and Economics (REE) Salaries and Expenses"
"DOI","2025","Resource Management, United States Fish and Wildlife Service"
"DOI","2024","Resource Management, United States Fish and Wildlife Service, Interior - BIL"
"DOI","2022","Resource Management, United States Fish and Wildlife Service, Interior - BIL 23XF1611WF, 23XF1611BC, 23XF1611BL"
"DOI","2024","Resource Management, United States Fish and Wildlife Service, Interior - IRA"
"NASA","2025","Responsive Science Initiative (RSI)"
"SBA","2022","Restaurant Revitalization Fund"
"USDA","2024","Rice Production Program"
"NASA","2023","RMB-ARMD Programmatic Reimbursables"
"NASA","2023","Rocket Propulsion Test"
"USDA","2023","Rural Business-Cooperative Service (RBCS) Grant Programs and Cooperative Agreement Programs"
"USDA","2024","Rural Business-Cooperative Service (RBCS) Guaranteed Loan Programs"
"USDA","2025","Rural Business-Cooperative Service (RBCS) Payment Assistance"
"USDA","2023","Rural Business-Cooperative Service (RBCS) Relending Programs"
"USDA","2025","Rural Development (RD) Salaries and Expenses"
"USDA","2025","Rural Development (RD) Salaries and Expenses (9002 BBMP)"
"USDA","2023","Rural Development Policy Public Service and Leadership Development Program"
"ED","2025","Rural Education"
"USDA","2025","Rural Housing Service (RHS) Community Facilities Community Program Grants"
"USDA","2024","Rural Housing Service (RHS) Community Facilities Direct Loans"
"USDA","2023","Rural Housing Service (RHS) Farm Labor Housing Loans (Section 514) and Grants (Section 516)"
"USDA","2023","Rural Housing Service (RHS) Housing Loans and Grants - Other"
"USDA","2024","Rural Housing Service (RHS) Multi-Family Housing Preservation and Revitalization Demo Program"
"USDA","2025","Rural Housing Service (RHS) Multi-Family Housing Rental Assistance Program"
"USDA","2023","Rural Housing Service (RHS) Multi-Family Housing Rural Rental Housing Direct Loans (Section 515)"
"USDA","2025","Rural Housing Service (RHS) Multi-Family Housing Rural Rental Housing Direct Loans (Section 515) (HIM Disasters)"
"USDA","2025","Rural Housing Service (RHS) Single Family Housing Direct Loans"
"USDA","2024","Rural Housing Service (RHS) Single Family Housing Guaranteed Loans"
"USDA","2023","Rural Utilities Service (RUS) Broadband Telecom Loans - Treasury Rate"
"USDA","2023","Rural Utilities Service (RUS) Community Connect Grants"
"USDA","2024","Rural Utilities Service (RUS) Congressional Earmarked Funds"
"USDA","2023","Rural Utilities Service (RUS) Electric Loan Programs - Direct Treasury Rate"
"USDA","2025","Rural Utilities Service (RUS) Electric Loan Programs FFB Guaranteed Loans"
"USDA","2022","Rural Utilities Service (RUS) Grants - Other - Electric"
"USDA","2023","Rural Utilities Service (RUS) Rural Energy Savings Program"
"USDA","2023","Rural Utilities Service (RUS) Rural Telecommunications - Distance Learning and Telemedicine"
"USDA","2023","Rural Utilities Service (RUS) Rural Telecommunications - Infrastructure Investment and Jobs Act"
"USDA","2024","Rural Utilities Service (RUS) Rural Telecommunications - ReConnect Program"
"USDA","2023","Rural Utilities Service (RUS) Rural Telecommunications Loans - FFB Telecom Loans"
"USDA","2023","Rural Utilities Service (RUS) Rural Telecommunications Loans - Treasury Telecom Loan"
"USDA","2025","Rural Utilities Service (RUS) Water and Waste Disposal Loans and Grants Section 306C"
"USDA","2023","Rural Utilities Service (RUS) Water and Waste Disposal Systems for Rural Communities Grants"
"USDA","2025","Rural Utilities Service (RUS) Water and Waste Disposal Systems for Rural Communities Loans"
"USDA","2024","Rural Utilities Service (RUS) WEP Technical Assistance - Revolving"
"NASA","2023","Safety Engineering, Safety, & Operations"
"SEC","2025","Salaries & Benefits"
"HUD","2023","Salaries and Expenses"
"MSPB","2025","Salaries and Expenses"
"DNFSB","2023","Salaries and Expenses (Direct)"
"USITC","2025","Salaries and expenses - US International Trade Commission"
"DOI","2025","Salaries and Expenses, Office of the Inspector General, Interior"
"DOI","2025","Salaries and Expenses, Office of the Solicitor, Interior"
"GSA","2024","Sale of Federal Surplus Personal Property"
"HHS","2021","SAMHSA Mental Health"
"HHS","2021","SAMHSA Substance Abuse Treatment"
"DOI","2023","San Gabriel Basin Restoration Fund, Department of the Interior, Bureau of Reclamation, Interior"
"SBA","2022","SBA Administrative Contracts"
"SBA","2022","SBA Administrative Payroll"
"SBA","2022","SBA Administrative Travel"
"NASA","2023","SBIR and STTR"
"ED","2022","School Improvement Grants"
"ED","2024","School Safely National Activities"
"DHS","2025","Science and Technology Directorate - Centers of Excellence"
"DHS","2023","Science and Technology Directorate - Operations & Support"
"DHS","2025","Science and Technology Directorate - Procurement"
"DHS","2023","Science and Technology Directorate - Research, Testing, Evaluation, and Demonstration of Technologies"
"NASA","2025","Science CoF"
"SBA","2024","Section 1112 Payments for SBA’s business loan programs"
"STATE","2025","Security - Afghanistan, Pakistan"
"DOI","2022","Selis-Qlispe Ksanka Settlement Trust Fund"
"DOI","2025","Selis-Qlispe Ksanka Settlement Trust Fund, Bureau of Indian Affairs and Bureau of Indian Education, Interior"
"USDA","2025","Senior Farmers Market Nutrition Program"
"DOI","2025","Service Charges, Deposits and Forfeitures, Bureau of Land Management"
"DOI","2022","Service Charges, Deposits and Forfeitures, Bureau of Land Management, Interior"
"VA","2025","Service-Disabled Veterans Insurance"
"VA","2024","Servicemembers' Group Life Insurance"
"EPA","2024","Settlements - Environmental Protection Agency"
"VA","2025","Shared Services"
"EXIM","2023","Short-term Authorizations"
"SBA","2022","Shuttered Venue Operators Grant Program"
"SBA","2022","Small Business Development Center (SBDC)"
"SBA","2022","Small Business Investment Companies Advances"
"USDA","2022","Snow Survey and Water Supply Forecasting"
"SSA","2025","Social Security - Work Incentives Planning and Assistance Program"
"SSA","2021","Social Security State Grants for Work Incentives Assistance to Disabled Beneficiaries"
"USDA","2022","Soil and Water Conservation"
"USDA","2023","Soil Survey"
"NASA","2023","Solar Terrestrial Probes"
"DOI","2025","Southern Nevada Public Land Management, Bureau of Land Management"
"NASA","2023","Space Communications and Navigation"
"NASA","2023","Space Launch System"
"NASA","2023","Space Operations CoF"
"NASA","2023","Space Weather"
"ED","2025","Special Education - Personnel Development to Improve Services and Results for Children with Disabilities"
"ED","2025","Special Education - Special Olympics Education Programs"
"ED","2025","Special Education - State Personnel Development"
"ED","2025","Special Education Educational Technology Media, and Materials for Individuals with Disabilities"
"ED","2025","Special Education Grants to States"
"ED","2025","Special Education Parent Information Centers"
"ED","2025","Special Education Preschool Grants"
"ED","2025","Special Education Technical Assistance and Dissemination to Improve Services and Results for Children with Disabilities"
"ED","2025","Special Education Technical Assistance on State Data Collection"
"ED","2024","Special Education-Grants for Infants and Families"
"TREASURY","2022","Special Inspector General for Troubled Asset Relief Program"
"USDA","2025","Special Milk Program for Children"
"GSA","2024","Special Services and Improvements"
"VA","2023","Specially Adaptive Housing"
"VA","2025","Spina Bifida Health Care"
"DOI","2025","Sport Fish Restoration Account, United States Fish and Wildlife Service"
"DOI","2025","State and Tribal Wildlife Grants, U.S. Fish and Wildlife Service"
"VA","2025","State Home Per Diem"
"SBA","2022","State Trade Expansion Program"
"DOI","2022","State Wildlife Grants"
"DOJ","2025","State, Local, Tribal, and Other Assistance"
"ED","2025","Statewide Family Engagement Centers"
"ED","2025","Statewide Longitudinal Data Systems"
"VA","2025","Station 101 Accounting"
"NASA","2023","STEM Engagement"
"ED","2025","Strengthening Minority-Serving Institutions"
"SSA","2025","Strengthening Protections for Social Security Beneficiaries"
"ED","2025","Student Support and Academic Enrichment Program"
"HHS","2025","Substance Abuse and Mental Health Services Administration (SAMHSA) - Certified Community Behavioral Health Clinics"
"HHS","2025","Substance Abuse and Mental Health Services Administration (SAMHSA) - Children's Mental Health Services"
"HHS","2025","Substance Abuse and Mental Health Services Administration (SAMHSA) - Projects for Assistance in Transition from Homelessness"
"HHS","2025","Substance Abuse and Mental Health Services Administration (SAMHSA) - Protection and Advocacy for Individuals with Mental Illness"
"HHS","2023","Substance Abuse and Mental Health Services Administration (SAMHSA) Alcohol and Substance Abuse Prevention"
"HHS","2022","Substance Abuse and Mental Health Services Administration (SAMHSA) Congressional Directive Spending Projects"
"HHS","2022","Substance Abuse and Mental Health Services Administration (SAMHSA) National Suicide Prevention Lifeline Expansion"
"USDA","2025","Summer Electronic Benefit Transfer Program for Children"
"DOI","2025","Supplemental Payments to UMWA Health Plans, Office of Surface Mining Reclamation and Enforcement"
"DOI","2022","Supplemental Payments to United Mine Workers of America (UMWA) Health Plans, Office of Surface Mining Reclamation and Enforcement, Interior"
"SEC","2022","Supplemental Retirement - Securities and Exchange Commission"
"TVA","2025","Supply Chain "
"VA","2025","Supply Fund"
"ED","2025","Supported Employment Services for Individuals with the Most Significant Disabilities"
"ED","2025","Supporting Effective Educator Development Program"
"ED","2025","Supporting Effective Instruction State Grants (formerly Improving Teacher Quality State Grants)"
"DOI","2025","Surveys, Investigations, and Research, Geological Survey, Interior"
"DOI","2023","Surveys, Investigations, and Research, Geological Survey, Interior - BIL 224G0804ID, 22XG0804ID, 235G0804ID"
"ED","2025","Teacher and School Leader Incentive Grants (formerly the Teacher Incentive Fund)"
"ED","2023","Teacher Education Assistance for College and Higher Education Grant (TEACH)"
"ED","2025","Teacher Quality Partnership Grants"
"EPA","2025","Technical Assistance for Treatment Works (Clean Water Act [CWA] Section 104(b)(8))"
"NASA","2023","Technology Demonstration"
"NASA","2023","Technology Maturation"
"GSA","2024","Technology Transformation Service"
"USAGM","2023","Technology, Services and Innovation (TSI)"
"FCC","2022","Telecommunications Relay Service"
"DOI","2025","Temporary Assistance for Needy Families, Administration for Children and Families, Health and Human Services"
"DOI","2022","Temporary Assistance for Needy Families, Interior"
"STATE","2025","Temporary Duty Travel"
"TREASURY","2024","The Mint - United States Mint Public Enterprise Fund"
"CNCS","2025","The Retired and Senior Volunteer Program (RSVP)"
"CNCS","2025","The Senior Companion Program (SCP)"
"MCC","2023","Threshold Programs"
"ED","2025","Title I Grants to Local Educational Agencies"
"ED","2025","Title I State Agency Program for Neglected and Delinquent Children and Youth"
"DOI","2022","Training and Employment Services, Employment and Training Administration, Interior"
"DOI","2025","Training and Employment Services, Employment and Training Administration, Labor"
"NASA","2023","Transformative Aero Concepts Program"
"ED","2025","Transition Programs for Students with Intellectual Disabilities into Higher Education"
"VA","2023","Transportation of Things"
"DHS","2022","Transportation Security Administration (TSA) - Operations & Support: Other Operations and Enforcement - Disaster Supplemental Funds"
"DHS","2022","Transportation Security Administration (TSA) - Payroll, Compensation, & Benefits - Disaster Supplemental Funds"
"DHS","2025","Transportation Security Administration - Operations & Support: Aviation Screening Operations"
"DHS","2025","Transportation Security Administration - Operations & Support: Mission Support"
"DHS","2025","Transportation Security Administration - Operations & Support: Other Operations and Enforcement"
"DHS","2025","Transportation Security Administration - Payroll, Compensation, & Benefits"
"DHS","2025","Transportation Security Administration - Procurement, Construction, and Improvements: Aviation Screening Infrastructure"
"DHS","2025","Transportation Security Administration - Research & Development"
"DOI","2022","Transportation Systems Fund, National Park Service, Interior"
"EEOC","2025","Travel"
"EPA","2023","Travel - Environmental Protection Agency"
"FLRA","2025","Travel Card"
"GSA","2024","Travel Cards"
"DOW","2023","Travel Pay - U.S. Army Corps of Engineers (USACE)"
"DOW","2024","Travel Pay Department of Air Force (DAF) - Reserve Travel System (RTS)"
"DOW","2024","Travel Pay Marine Corps - MARINE CORPS TOTAL FORCE SYSTEM (MCTFS)"
"SEC","2025","Travel Payments"
"GSA","2024","Travel, Transportation, and Logistics Categories"
"TREASURY","2023","Treasury Inspector General for Tax Administration"
"USDA","2024","Tree Assistance Program"
"ED","2024","Tribally Controlled Postsecondary Career and Technical Institutions"
"ED","2025","TRIO Educational Opportunity Centers"
"ED","2025","TRIO McNair Post-Baccalaureate Achievement"
"ED","2025","TRIO Student Support Services"
"ED","2025","TRIO Talent Search"
"ED","2025","TRIO Upward Bound"
"DOI","2022","Trust Land Consolidation Fund, Bureau of Trust Funds Administration, Interior"
"FCC","2023","TV Broadcasting Relocation Fund"
"ED","2024","Twenty-First Century Community Learning Centers"
"DHS","2024","U.S. Citizenship and Immigration Services (USCIS) - Administration"
"DHS","2021","U.S. Citizenship and Immigration Services (USCIS) - Employment Status Verifications (E-Verify) Three Year"
"DHS","2024","U.S. Citizenship and Immigration Services (USCIS) - Information Customer Services"
"DHS","2024","U.S. Citizenship and Immigration Services (USCIS) - Systemic Alien Verification for Entitlements (SAVE)"
"DHS","2021","U.S. Customs and Border Protection (CBP) - Miscellaneous"
"NRC","2024","U.S. Nuclear Regulatory Commission Minority Serving Institutions Program (MSIP)"
"DOC","2023","U.S. Patent and Trademark Office"
"DOC","2023","U.S. Patent and Trademark Office (USPTO) - Patents and Trademarks"
"DHS","2025","United States Citizenship and Immigration Services - Adjudication Services"
"DHS","2025","United States Citizenship and Immigration Services - Application Processing"
"DHS","2024","United States Citizenship and Immigration Services - Citizenship and Integration: Education and Training"
"DHS","2025","United States Citizenship and Immigration Services - Citizenship and Integration: Integration Training Academy"
"DHS","2025","United States Citizenship and Immigration Services - Employment Status Verifications (E-Verify)"
"DHS","2024","United States Citizenship and Immigration Services - Immigrant Examinations Fee Account"
"DHS","2025","United States Citizenship and Immigration Services - Operation Allies Welcome Airport Assistance Grant"
"DHS","2025","United States Coast Guard - Aviation Logistics Command"
"DHS","2024","United States Coast Guard - Coast Guard Boat Safety"
"DHS","2024","United States Coast Guard - Maritime Oil Spill Program"
"DHS","2024","United States Coast Guard - Operations & Support"
"DHS","2025","United States Coast Guard - Operations & Support - Disaster Supplemental Funds"
"DHS","2025","United States Coast Guard - Payroll: Civilian"
"DHS","2024","United States Coast Guard - Payroll: Military"
"DHS","2023","United States Coast Guard - Procurement, Construction, & Improvement"
"DHS","2024","United States Coast Guard - Procurements, Construction, and Improvement - Disaster Supplemental Funds"
"DHS","2025","United States Coast Guard - Research & Development"
"DHS","2025","United States Coast Guard - Retired Pay"
"DHS","2025","United States Coast Guard - Supply Fund"
"DHS","2023","United States Coast Guard - Surface Forces Logistics Command"
"DHS","2025","United States Coast Guard - Yard Fund"
"DHS","2023","United States Customs and Border Protection - Border Security Fencing"
"DHS","2023","United States Customs and Border Protection - Operations and Support"
"DHS","2023","United States Customs and Border Protection - PR and VI Programs"
"DHS","2024","United States Customs and Border Protection - Procurement, Construction, and Improvements"
"DHS","2022","United States Customs and Border Protection - Procurement, Construction, and Improvements - Disaster Supplemental Funds"
"DHS","2024","United States Customs and Border Protection - Refund and Drawback"
"DHS","2025","United States Secret Service - Contribution for Annuity Benefits"
"DHS","2025","United States Secret Service - Field Operations"
"DHS","2025","United States Secret Service - Procurement, Construction, & Improvement"
"DHS","2025","United States Secret Service - Protection"
"DHS","2025","United States Secret Service - Training"
"FCC","2023","Universal Service Administrative Company (USAC) - Administrative Costs"
"FCC","2021","Universal Service Fund - High Cost Legacy"
"FCC","2025","Universal Service Fund - High Cost Modernized"
"FCC","2025","Universal Service Fund - Rural Health Care"
"DOI","2022","Upper Colorado and San Juan River Basins Endangered Fish Recovery"
"DOI","2025","Upper Colorado River Basin Fund, Bureau of Reclamation"
"DOI","2022","Utah Navajo Settlement Trust Fund - Infrastructure Investment and Jobs Act, Bureau of Indian Affairs, Interior"
"DOI","2021","Utah Reclamation Mitigation and Conservation Account, Bureau of Reclamation, Interior"
"DOI","2025","Utah Reclamation Mitigation and Conservation Account, Interior"
"VA","2025","VA Wide Payroll"
"VA","2025","VA Wide Travel"
"FTC","2024","Vendor Contract "
"EEOC","2025","Vendor Payments"
"SEC","2025","Vendor Payments"
"OPM","2024","Vendor Payments - Office of Personnel Management"
"RRB","2023","Vendor Payments – Railroad Retirement Board"
"FERC","2024","Vendor/Contract - Federal Energy Regulatory Commission"
"DOE","2025","Vendors/Contracts"
"VA","2025","Veteran Rapid Retraining Assistance Program (VRRAP)"
"VA","2024","Veteran Readiness and Employment"
"VA","2025","Veterans Benefits Administration (VBA) Burial"
"VA","2024","Veterans Benefits Administration (VBA) General Operating Expense"
"VA","2025","Veterans Benefits Administration (VBA) Spina Bifida (Chapter 18)"
"DOL","2025","Veterans Employment Training Service - Federal Administration & Uniformed Services Employment and Reemployment Rights Act (USERRA) Enforcement"
"DOL","2024","Veterans Employment Training Service - Homeless Veterans' Reintegration Program"
"DOL","2023","Veterans Employment Training Service - Jobs for Veterans State Grants"
"DOL","2024","Veterans Employment Training Service - Transition Assistance Program Employment Workshop"
"VA","2023","Veterans Health Administration (VHA) Disaster Relief Funding"
"VA","2021","Veterans Health Administration (VHA) Disaster Relief Funding (Hurricane Sandy)"
"VA","2023","Veterans Health Administration (VHA) Information Technology Services"
"VA","2024","Veterans Health Administration (VHA) Insurance Claims and Interest Expense"
"VA","2025","Veterans Insurance and Indemnities"
"SBA","2022","Veterans Outreach Program"
"VA","2021","Veterans Reopened Insurance"
"VA","2024","Veterans Special Life Insurance"
"CPSC","2025","Virginia Graeme Baker Pool and Spa Safety Grants"
"USAGM","2022","Voice of America (VOA)"
"STATE","2025","Voluntary Contributions"
"USDA","2024","Voluntary Public Access and Habitat Incentive Program"
"PC","2024","Volunteer Service"
"DOL","2023","Wage and Hour Division"
"DOI","2025","Water and Related Resources, Bureau of Reclamation, Interior"
"DOI","2023","Water and Related Resources, Bureau of Reclamation, Interior - BIL 22XR06801A, 22XR06801B, 22XR06801F, 22XR06801H, 22XR06801J, 22XR06801K, 22XR06801L, 22XR06801M, 22XR06801N, 22XR06801P, 22XR06801Q, 22XR06801S, 22XR06801T, 22XR06801U, 22XR06801W, 22XR0680Z"
"DOI","2023","Water and Related Resources, Bureau of Reclamation, Interior - IRA 226R068081"
"USDA","2024","Watershed Protection and Flood Prevention"
"USDA","2021","Watershed Rehabilitation Program"
"STATE","2022","Western Hemisphere Travel Initiative"
"CFTC","2025","Whistleblower Payments"
"SEC","2025","Whistleblower Payments"
"DOI","2022","White Mountain Apache Fund Settlement Fund, Bureau of Indian Affairs, Interior"
"USDA","2023","WIC Farmers' Market Nutrition Program (FMNP)"
"DOI","2022","Wildfire Management, Bureau of Land Management, Interior"
"DOI","2022","Wildfire Management, National Park Service, Interior"
"EPA","2023","Wildfire Smoke Preparedness in Community Buildings Grant Program"
"DOI","2025","Wildland Fire Management, Department-Wide Programs, Interior"
"DOI","2023","Wildland Fire Management, Department-Wide Programs, Interior - BIL 20XP11258C; 21XP11258C; 22XP1125D1, DS, 8C; 23XP1125D1, DS, 8C"
"DOI","2023","Wildland Fire Management, Department-Wide Programs, Interior - BIL 22XA1125BI, 23XA1125BI"
"DOI","2023","Wildland Fire Management, Department-Wide Programs, Interior - BIL 22XL1125DI, 23XL1125DI"
"DOI","2025","Wildland Fire Management, Department-Wide Programs, Interior, Bureau of Indian Affairs"
"DOI","2025","Wildland Fire Management, Department-Wide Programs, Interior, U.S. Fish and Wildlife Service, Interior"
"DOI","2022","Wildland Fire Management, U.S. Fish and Wildlife Service, Interior"
"DOI","2022","Wildland Fire, Bureau of Indian Affairs, Interior"
"USDA","2024","Wildlife Services"
"DOL","2025","Women's Bureau"
"SBA","2022","Women's Business Ownership Assistance"
"GSA","2024","Working Capital Fund (Reimbursable)"
"STATE","2025","Working Capital Fund Programs"
"DOI","2025","Working Capital Fund, Bureau of Land Management"
"DOI","2022","Working Capital Fund, Bureau of Land Management, Interior"
"DOI","2025","Working Capital Fund, Bureau of Reclamation"
"DOI","2022","Working Capital Fund, Bureau of Reclamation, Interior"
"DOI","2025","Working Capital Fund, Departmental Management"
"DOI","2022","Working Capital Fund, Departmental Management, Interior"
"DOI","2025","Working Capital Fund, Geological Survey"
"DOI","2022","Working Capital Fund, U.S. Geological Survey, Interior"
"STATE","2025","Worldwide Security Protection"
"NASA","2024","XEVA and Human Surface Mobility Program"