"Agency","Fiscal_Year","Program_Name","in_draft","Was_the_Program_or_Activity_Susceptible_to_Significant_Improper_","raa6_2","raa7_2"
"ACOUS","2025","Salaries and Expenses","","","No","No"
"ARC","2025","Appalachian Area Development","","","No","No"
"ARC","2025","Appalachian Development Highway System","","","No","No"
"ARC","2025","Appalachian Local Development District Assistance","","","No","No"
"ARC","2025","Appalachian Regional Development","","","No","No"
"ARC","2025","Appalachian Research, Technical Assistance, and Demonstration Projects","","","No","No"
"ASC","2025","Board Support and Innovation Grant","","","No","No"
"ASC","2025","State Appraiser Agency Support Grants","","","No","No"
"BGSF","2025","Barry M. Goldwater Scholarship Program","","","No","No"
"CCR","2025","Commission on Civil Rights","","","No","No"
"CFTC","2022","Operations and Administration","0","No","",""
"CFTC","2022","Whistleblower Payments","0","No","",""
"CFTC","2023","Operations and Administration","0","","No","No"
"CFTC","2024","Operations and Administration","0","","No","No"
"CFTC","2024","Whistleblower Payments","0","","No","No"
"CFTC","2025","Operations and Administration","0","","Yes","No"
"CFTC","2025","Whistleblower Payments","0","","Yes","No"
"CNCS","2021","AmeriCorps National Civilian Community Corps (NCCC)","","No","",""
"CNCS","2021","AmeriCorps State Service Commission Grants","","No","",""
"CNCS","2021","AmeriCorps Volunteers in Service to America (VISTA)","","No","",""
"CNCS","2021","National Service Trust","","No","",""
"CNCS","2021","Office of Human Capital (Payroll)","","No","",""
"CNCS","2021","Office of Procurement Services","","No","",""
"CNCS","2022","AmeriCorps State and National","0","No","",""
"CNCS","2022","AmeriCorps State Service Commission Grants","0","No","",""
"CNCS","2022","AmeriCorps Volunteers in Service to America (VISTA)","0","No","",""
"CNCS","2022","National Service Trust","0","No","",""
"CNCS","2022","Office of Human Capital (Payroll)","0","No","",""
"CNCS","2022","Office of Procurement Services","0","No","",""
"CNCS","2023","AmeriCorps national Civilian Community Corps (NCCC)","0","","No","No"
"CNCS","2023","AmeriCorps State and National","0","","No","No"
"CNCS","2023","AmeriCorps State Service Commission Grants","0","","No","No"
"CNCS","2023","AmeriCorps Volunteers in Service to America (VISTA)","0","","No","No"
"CNCS","2023","National Service Trust","0","","Yes","Yes"
"CNCS","2023","Office of Human Capital (Payroll)","0","","No","No"
"CNCS","2023","Office of Procurement Services","0","","No","No"
"CNCS","2023","The Foster Grandparent Program (FGP)","0","","No","No"
"CNCS","2023","The Retired and Senior Volunteer Program (RSVP)","0","","Yes","No"
"CNCS","2023","The Senior Companion Program (SCP)","0","","No","No"
"CNCS","2024","AmeriCorps National Civilian Community Corps (NCCC)","0","","No","No"
"CNCS","2024","AmeriCorps State and National","0","","No","No"
"CNCS","2024","AmeriCorps State Service Commission Grants","0","","No","No"
"CNCS","2024","AmeriCorps Volunteers in Service to America (VISTA)","0","","No","No"
"CNCS","2024","National Service Trust","0","","No","No"
"CNCS","2024","Office of Human Capital (Payroll)","0","","No","No"
"CNCS","2024","Office of Procurement Services","0","","No","No"
"CNCS","2024","The Foster Grandparent Program (FGP)","0","","No","No"
"CNCS","2024","The Retired and Senior Volunteer Program (RSVP)","0","","Yes","No"
"CNCS","2024","The Senior Companion Program (SCP)","0","","Yes","No"
"CNCS","2024","Volunteer Generation Fund","0","","No","No"
"CNCS","2025","AmeriCorps National Civilian Community Corps (NCCC)","0","","Yes","No"
"CNCS","2025","AmeriCorps State and National","","","No","No"
"CNCS","2025","AmeriCorps State Service Commission Grants","0","","Yes","No"
"CNCS","2025","AmeriCorps Volunteers in Service to America (VISTA)","0","","Yes","No"
"CNCS","2025","Commission Investment Fund (CIF)","","","No","No"
"CNCS","2025","Disaster Response Cooperative Agreement","","","No","No"
"CNCS","2025","Innovation and Demonstration","","","No","No"
"CNCS","2025","MLK Day of Service","","","No","No"
"CNCS","2025","National Service Trust","0","","Yes","No"
"CNCS","2025","Office of Human Capital (Payroll)","0","","Yes","No"
"CNCS","2025","Office of Procurement Services","0","","Yes","No"
"CNCS","2025","Sept 11th National Day of Service","","","No","No"
"CNCS","2025","Service and Civic Engagement Research Competition","","","No","No"
"CNCS","2025","The Foster Grandparent Program (FGP)","","","No","No"
"CNCS","2025","The Retired and Senior Volunteer Program (RSVP)","0","","Yes","No"
"CNCS","2025","The Senior Companion Program (SCP)","0","","Yes","No"
"CNCS","2025","Volunteer Generation Fund","","","No","No"
"CPSC","2019","Consumer Product Safety","","No","",""
"CPSC","2020","Nicholas and Zachary Burt Memorial Carbon Monoxide Poisoning Prevention Grants","","NO","",""
"CPSC","2021","Nicholas and Zachary Burt Memorial Carbon Monoxide Poisoning Prevention Grants","","No","",""
"CPSC","2021","Payroll - CPSC","","No","",""
"CPSC","2022","Nicholas and Zachary Burt Memorial Carbon Monoxide Poisoning Prevention Grants","0","No","",""
"CPSC","2022","Payroll - CPSC","0","No","",""
"CPSC","2024","Nicholas and Zachary Burt Memorial Carbon Monoxide Poisoning Prevention Grants","0","","Yes","No"
"CPSC","2024","Payroll - CPSC","0","","Yes","No"
"CPSC","2025","Nicholas and Zachary Burt Memorial Carbon Monoxide Poisoning Prevention Grants","0","","Yes","No"
"CPSC","2025","Non-Payroll – CPSC, Non-grants","0","","Yes","No"
"CPSC","2025","Payroll - CPSC","0","","Yes","No"
"CPSC","2025","Virginia Graeme Baker Pool and Spa Safety Grants","0","","Yes","No"
"CSOSA","2023","Accountability","0","","Yes","No"
"CSOSA","2023","Continued Pretrial Release","0","","Yes","No"
"CSOSA","2023","Fair Administration of Justice","0","","Yes","No"
"CSOSA","2023","Integration","0","","Yes","No"
"CSOSA","2023","Judicial Concurrence with PSA Recommendations","0","","Yes","No"
"CSOSA","2023","Maximize Court Appearance","0","","Yes","No"
"CSOSA","2023","Minimize Rearrest","0","","Yes","No"
"CSOSA","2023","Reduce Recidivism","0","","Yes","No"
"CSOSA","2024","Community Supervision Program","0","","No","No"
"CSOSA","2024","Pretrial Services Agency","0","","No","No"
"CSOSA","2025","Community Supervision Program","","","No","No"
"CSOSA","2025","Pretrial Services Agency","","","No","No"
"DENALI","2025","Denali Commission Program1","","","No","No"
"DENALI","2025","Denali Commission Program2","","","No","No"
"DENALI","2025","Shared Services","","","No","No"
"DFC","2024","Debt Financing Program","0","","Yes","No"
"DFC","2024","Project Development Finance","0","","Yes","No"
"DFC","2025","Debt Financing Program","0","","Yes","No"
"DFC","2025","Equity Program","0","","Yes","No"
"DFC","2025","Insurance Program","0","","Yes","No"
"DFC","2025","Project Development Finance","0","","Yes","No"
"DHS","2019","CBP - User Fees","","No","",""
"DHS","2019","CISA - NPPD Legacy","","No","",""
"DHS","2019","CISA - Payroll: NPPD Legacy and OBIM","","No","",""
"DHS","2019","Countering Weapons of Mass Destruction Office - Operations & Support","","No","",""
"DHS","2019","Countering Weapons of Mass Destruction Office - Procurement, Construction, and Improvement","","No","",""
"DHS","2019","Countering Weapons of Mass Destruction Office (CWMD) - Chemical and Biological Readiness: Biological","","No","",""
"DHS","2019","Countering Weapons of Mass Destruction Office (CWMD) - Mission Support","","No","",""
"DHS","2019","Federal Emergency Management Agency - Disaster Relief Fund: Individuals and Households Program","","No","",""
"DHS","2019","Federal Emergency Management Agency - Emergency Food & Shelter Program","","No","",""
"DHS","2019","Federal Emergency Management Agency - Emergency Management Performance Grants","","No","",""
"DHS","2019","Federal Emergency Management Agency - Federal Insurance & Mitigation Administration: Grants","","No","",""
"DHS","2019","Federal Emergency Management Agency - Flood Hazard Map and Risk Analysis Program","","No","",""
"DHS","2019","Federal Emergency Management Agency - Nonprofit Security Grant Program","","No","",""
"DHS","2019","Federal Emergency Management Agency - Port Security Grant Program","","No","",""
"DHS","2019","Federal Emergency Management Agency - Training Grants","","No","",""
"DHS","2019","Federal Emergency Management Agency – United States Fire Administration","","No","",""
"DHS","2019","Federal Emergency Management Agency (FEMA) - Federal Insurance & Mitigation Administration: Non-Claims","","No","",""
"DHS","2019","Federal Emergency Management Agency (FEMA) - Reinsurance","","No","",""
"DHS","2019","Federal Law Enforcement Training Centers - Law Enforcement Training","","No","",""
"DHS","2019","Federal Law Enforcement Training Centers - Mission Support","","No","",""
"DHS","2019","FEMA - Community Disaster Loans","","No","",""
"DHS","2019","ICE - Hurricane Other","","No","",""
"DHS","2019","Immigration and Customs Enforcement - Purchase Card","","No","",""
"DHS","2019","Immigration and Customs Enforcement (ICE) - Servicewide Agreements","","No","",""
"DHS","2019","Management Directorate - Federal Protective Service","","No","",""
"DHS","2019","Management Directorate - Management & Administration","","No","",""
"DHS","2019","Office of Intelligence, Analysis, and Situational Awareness - Analysis and Operations","","No","",""
"DHS","2019","Science and Technology Directorate - Procurement","","No","",""
"DHS","2019","Transportation Security Administration - Operations & Support: Mission Support","","No","",""
"DHS","2019","Transportation Security Administration - Operations & Support: Other Operations and Enforcement","","No","",""
"DHS","2019","Transportation Security Administration (TSA) - Operations & Support: Aviation Screening Operations - Disaster Supplemental Funds","","No","",""
"DHS","2019","Transportation Security Administration (TSA) - Operations & Support: Other Operations and Enforcement - Disaster Supplemental Funds","","No","",""
"DHS","2019","U.S. Citizenship and Immigration Services (USCIS) - Administration","","No","",""
"DHS","2019","U.S. Citizenship and Immigration Services (USCIS) - Information Customer Services","","No","",""
"DHS","2019","U.S. Citizenship and Immigration Services (USCIS) - Systemic Alien Verification for Entitlements (SAVE)","","No","",""
"DHS","2019","U.S. Customs and Border Protection (CBP) - Automation and Modernization","","No","",""
"DHS","2019","U.S. Customs and Border Protection (CBP) - Operations and Maintenance","","No","",""
"DHS","2019","United States Citizenship and Immigration Services - Adjudication Services","","No","",""
"DHS","2019","United States Citizenship and Immigration Services - Employment Status Verifications (E-Verify)","","No","",""
"DHS","2019","United States Coast Guard - Payroll: Civilian","","No","",""
"DHS","2019","United States Coast Guard - Payroll: Military","","No","",""
"DHS","2019","United States Coast Guard - Procurement, Construction, & Improvement","","No","",""
"DHS","2019","United States Coast Guard - Retired Pay","","No","",""
"DHS","2019","United States Customs and Border Protection - Border Security Fencing","","No","",""
"DHS","2019","United States Customs and Border Protection - Operations and Support","","No","",""
"DHS","2019","United States Customs and Border Protection - Procurement, Construction, and Improvements","","No","",""
"DHS","2019","United States Customs and Border Protection - Refund and Drawback","","No","",""
"DHS","2019","United States Secret Service - Contribution for Annuity Benefits","","No","",""
"DHS","2019","United States Secret Service - Field Operations","","No","",""
"DHS","2019","United States Secret Service - Procurement, Construction, & Improvement","","No","",""
"DHS","2019","United States Secret Service - Protection","","No","",""
"DHS","2019","United States Secret Service - Training","","No","",""
"DHS","2020","Countering Weapons of Mass Destruction Office - Operations & Support","","NO","",""
"DHS","2020","Cybersecurity and Infrastructure Security Agency - Payroll","","NO","",""
"DHS","2020","Federal Emergency Management Agency - Assistance to Firefighter Grants","","NO","",""
"DHS","2020","Federal Emergency Management Agency - Assistance to Firefighter Grants: Fire Prevention Program","","NO","",""
"DHS","2020","Federal Emergency Management Agency - Assistance to Firefighter Grants: Staffing for Adequate Fire and Emergency Response Program","","NO","",""
"DHS","2020","Federal Emergency Management Agency - Case Management","","NO","",""
"DHS","2020","Federal Emergency Management Agency - Commercial Bill of Lading","","NO","",""
"DHS","2020","Federal Emergency Management Agency - Disaster Relief Fund: Individuals and Households Program","","NO","",""
"DHS","2020","Federal Emergency Management Agency - Emergency Food & Shelter Program","","NO","",""
"DHS","2020","Federal Emergency Management Agency - Flood Hazard Map and Risk Analysis Program","","NO","",""
"DHS","2020","Federal Emergency Management Agency - Hazard Mitigation Grant Program","","NO","",""
"DHS","2020","Federal Emergency Management Agency - Nonprofit Security Grant Program","","NO","",""
"DHS","2020","Federal Emergency Management Agency - Payroll","","NO","",""
"DHS","2020","Federal Emergency Management Agency - Purchase Card","","NO","",""
"DHS","2020","Federal Emergency Management Agency - Travel","","NO","",""
"DHS","2020","Federal Emergency Management Agency - Urban Search and Rescue","","NO","",""
"DHS","2020","Immigration and Customs Enforcement - Enforcement and Removal Operations","","NO","",""
"DHS","2020","Immigration and Customs Enforcement - Fleet Card","","NO","",""
"DHS","2020","Immigration and Customs Enforcement - Homeland Security Investigations","","NO","",""
"DHS","2020","Immigration and Customs Enforcement - Management","","NO","",""
"DHS","2020","Immigration and Customs Enforcement - Office of the Assistant Secretary","","NO","",""
"DHS","2020","Immigration and Customs Enforcement - Payroll","","NO","",""
"DHS","2020","Immigration and Customs Enforcement - Purchase Card","","NO","",""
"DHS","2020","Immigration and Customs Enforcement - Travel","","NO","",""
"DHS","2020","Management Directorate - Federal Protective Service","","NO","",""
"DHS","2020","Management Directorate - Management & Administration","","NO","",""
"DHS","2020","United States Coast Guard - Aviation Logistics Command","","NO","",""
"DHS","2020","United States Coast Guard - Maritime Oil Spill Program","","NO","",""
"DHS","2020","United States Coast Guard - Operations & Support","","NO","",""
"DHS","2020","United States Coast Guard - Procurement, Construction, & Improvement","","NO","",""
"DHS","2020","United States Coast Guard - Surface Forces Logistics Command","","NO","",""
"DHS","2020","United States Coast Guard (USCG) - Environmental Compliance & Restoration (EC&R)","","NO","",""
"DHS","2020","United States Customs and Border Protection - Operations and Support","","NO","",""
"DHS","2020","United States Customs and Border Protection - Procurement, Construction, and Improvements","","NO","",""
"DHS","2020","United States Customs and Border Protection - Refund and Drawback","","NO","",""
"DHS","2020","United States Secret Service - Training","","NO","",""
"DHS","2021","Countering Weapons of Mass Destruction Office - Federal Assistance","","No","",""
"DHS","2021","Countering Weapons of Mass Destruction Office - National Nuclear Forensics Expertise Development Program","","No","",""
"DHS","2021","Countering Weapons of Mass Destruction Office - Operations & Support","","No","",""
"DHS","2021","Cybersecurity and Infrastructure Security Agency - Payroll","","No","",""
"DHS","2021","Federal Emergency Management Agency - Assistance to Firefighter Grants","","No","",""
"DHS","2021","Federal Emergency Management Agency - Case Management","","No","",""
"DHS","2021","Federal Emergency Management Agency - Commercial Bill of Lading","","No","",""
"DHS","2021","Federal Emergency Management Agency - Disaster Case Management","","No","",""
"DHS","2021","Federal Emergency Management Agency - Disaster Relief Fund: Individuals and Households Program","","No","",""
"DHS","2021","Federal Emergency Management Agency - Emergency Food & Shelter Program","","No","",""
"DHS","2021","Federal Emergency Management Agency - Federal Insurance & Mitigation Administration: Claims and Non-Claims","","No","",""
"DHS","2021","Federal Emergency Management Agency - Hazard Mitigation Grant Program - Disaster Supplemental Funds","","Yes","",""
"DHS","2021","Federal Emergency Management Agency - Intercity Bus Security Grants","","No","",""
"DHS","2021","Federal Emergency Management Agency - Nonprofit Security Grant Program","","No","",""
"DHS","2021","Federal Emergency Management Agency - Payroll","","No","",""
"DHS","2021","Federal Emergency Management Agency - Pre-Disaster Mitigation","","No","",""
"DHS","2021","Federal Emergency Management Agency - Public Assistance","","No","",""
"DHS","2021","Federal Emergency Management Agency - Training Grants","","No","",""
"DHS","2021","Federal Emergency Management Agency - Vendor Pay - Disaster Supplemental Funds","","Yes","",""
"DHS","2021","Federal Emergency Management Agency (FEMA) - Disaster Direct Loan Program","","No","",""
"DHS","2021","Federal Emergency Management Agency (FEMA) - FRM Risk Map","","No","",""
"DHS","2021","Federal Emergency Management Agency (FEMA) - Lost Wages","","No","",""
"DHS","2021","Immigration and Customs Enforcement - Management","","No","",""
"DHS","2021","Immigration and Customs Enforcement - Office of the Assistant Secretary","","No","",""
"DHS","2021","Office of Inspector General - Audits, Inspections, & Investigations","","No","",""
"DHS","2021","U.S. Citizenship and Immigration Services (USCIS) - Administration","","No","",""
"DHS","2021","U.S. Citizenship and Immigration Services (USCIS) - Employment Status Verifications (E-Verify) Three Year","","No","",""
"DHS","2021","U.S. Citizenship and Immigration Services (USCIS) - Information Customer Services","","No","",""
"DHS","2021","U.S. Citizenship and Immigration Services (USCIS) - Systemic Alien Verification for Entitlements (SAVE)","","No","",""
"DHS","2021","U.S. Customs and Border Protection (CBP) - Miscellaneous","","No","",""
"DHS","2021","United States Citizenship and Immigration Services - Adjudication Services","","No","",""
"DHS","2021","United States Citizenship and Immigration Services - Employment Status Verifications (E-Verify)","","No","",""
"DHS","2021","United States Coast Guard - Aviation Logistics Command","","No","",""
"DHS","2021","United States Coast Guard - Coast Guard Boat Safety","","No","",""
"DHS","2021","United States Coast Guard - Payroll: Military","","No","",""
"DHS","2021","United States Coast Guard - Retired Pay","","No","",""
"DHS","2021","United States Customs and Border Protection - Operations and Support","","No","",""
"DHS","2021","United States Customs and Border Protection - PR and VI Programs","","No","",""
"DHS","2021","United States Customs and Border Protection - Procurement, Construction, and Improvements","","No","",""
"DHS","2021","United States Customs and Border Protection - Refund and Drawback","","No","",""
"DHS","2021","United States Secret Service - Contribution for Annuity Benefits","","No","",""
"DHS","2021","United States Secret Service - Procurement, Construction, & Improvement","","No","",""
"DHS","2021","United States Secret Service - Training","","No","",""
"DHS","2022","Countering Weapons of Mass Destruction Office - Procurement, Construction, and Improvement","0","No","",""
"DHS","2022","Cybersecurity and Infrastructure Security Agency - All Other","0","No","",""
"DHS","2022","Cybersecurity and Infrastructure Security Agency - Payroll","0","No","",""
"DHS","2022","Federal Emergency Management Agency - Assistance to Firefighter Grants","0","No","",""
"DHS","2022","Federal Emergency Management Agency - Disaster Case Management","0","No","",""
"DHS","2022","Federal Emergency Management Agency - Disaster Relief Fund: Individuals and Households Program","0","No","",""
"DHS","2022","Federal Emergency Management Agency - Emergency Food & Shelter Program","0","No","",""
"DHS","2022","Federal Emergency Management Agency - Emergency Management Performance Grants","0","No","",""
"DHS","2022","Federal Emergency Management Agency - Federal Insurance & Mitigation Administration: Grants","0","No","",""
"DHS","2022","Federal Emergency Management Agency - Flood Hazard Map and Risk Analysis Program","0","No","",""
"DHS","2022","Federal Emergency Management Agency - Funeral Assistance","0","No","",""
"DHS","2022","Federal Emergency Management Agency - Nonprofit Security Grant Program","0","No","",""
"DHS","2022","Federal Emergency Management Agency - Payroll","0","No","",""
"DHS","2022","Federal Emergency Management Agency - Port Security Grant Program","0","No","",""
"DHS","2022","Federal Emergency Management Agency - Pre-Disaster Mitigation","0","No","",""
"DHS","2022","Federal Emergency Management Agency - Public Assistance","0","No","",""
"DHS","2022","Federal Emergency Management Agency – United States Fire Administration","0","No","",""
"DHS","2022","Federal Emergency Management Agency - Urban Search and Rescue","0","No","",""
"DHS","2022","Federal Emergency Management Agency - Vendor Pay","0","No","",""
"DHS","2022","Federal Emergency Management Agency (FEMA) - Disaster Direct Loan Program","0","No","",""
"DHS","2022","Federal Emergency Management Agency (FEMA) - Federal Insurance & Mitigation Administration: Non-Claims","0","No","",""
"DHS","2022","Federal Emergency Management Agency (FEMA) - Lost Wages","0","No","",""
"DHS","2022","Federal Law Enforcement Training Centers - Law Enforcement Training","0","No","",""
"DHS","2022","Federal Law Enforcement Training Centers - Mission Support","0","No","",""
"DHS","2022","Immigration and Customs Enforcement - Coronavirus Aid, Relief, and Economic Security Act Funds","0","No","",""
"DHS","2022","Immigration and Customs Enforcement - Management","0","No","",""
"DHS","2022","Immigration and Customs Enforcement - Office of the Assistant Secretary","0","No","",""
"DHS","2022","Management Directorate - Federal Protective Service","0","No","",""
"DHS","2022","Office of Intelligence, Analysis, and Situational Awareness - Analysis and Operations","0","No","",""
"DHS","2022","Science and Technology Directorate - Procurement","0","No","",""
"DHS","2022","Transportation Security Administration - Operations & Support: Aviation Screening Operations","0","No","",""
"DHS","2022","Transportation Security Administration - Operations & Support: Mission Support","0","No","",""
"DHS","2022","Transportation Security Administration - Operations & Support: Other Operations and Enforcement","0","No","",""
"DHS","2022","Transportation Security Administration - Payroll, Compensation, & Benefits","0","No","",""
"DHS","2022","Transportation Security Administration - Procurement, Construction, and Improvements: Aviation Screening Infrastructure","0","No","",""
"DHS","2022","Transportation Security Administration - Research & Development","0","No","",""
"DHS","2022","Transportation Security Administration (TSA) - Operations & Support: Other Operations and Enforcement - Disaster Supplemental Funds","0","No","",""
"DHS","2022","Transportation Security Administration (TSA) - Payroll, Compensation, & Benefits - Disaster Supplemental Funds","0","No","",""
"DHS","2022","United States Coast Guard - Maritime Oil Spill Program","0","No","",""
"DHS","2022","United States Coast Guard - Operations & Support - Disaster Supplemental Funds","0","No","",""
"DHS","2022","United States Coast Guard - Operations & Support","0","No","",""
"DHS","2022","United States Coast Guard - Payroll: Civilian","0","No","",""
"DHS","2022","United States Coast Guard - Payroll: Military","0","No","",""
"DHS","2022","United States Coast Guard - Procurement, Construction, & Improvement","0","No","",""
"DHS","2022","United States Coast Guard - Retired Pay","0","No","",""
"DHS","2022","United States Customs and Border Protection - Border Security Fencing","0","No","",""
"DHS","2022","United States Customs and Border Protection - Operations and Support","0","No","",""
"DHS","2022","United States Customs and Border Protection - Procurement, Construction, and Improvements - Disaster Supplemental Funds","0","Yes","",""
"DHS","2022","United States Customs and Border Protection - Procurement, Construction, and Improvements","0","No","",""
"DHS","2022","United States Secret Service - Field Operations","0","No","",""
"DHS","2022","United States Secret Service - Protection","0","No","",""
"DHS","2023","Countering Weapons of Mass Destruction Office - Federal Assistance","0","","Yes","No"
"DHS","2023","Countering Weapons of Mass Destruction Office - National Nuclear Forensics Expertise Development Program","0","","No","No"
"DHS","2023","Countering Weapons of Mass Destruction Office - Operations & Support","0","","No","No"
"DHS","2023","Countering Weapons of Mass Destruction Office - Procurement, Construction, and Improvement","0","","Yes","No"
"DHS","2023","Cybersecurity and Infrastructure Security Agency - All Other","0","","Yes","No"
"DHS","2023","Cybersecurity and Infrastructure Security Agency - Payroll","0","","Yes","No"
"DHS","2023","Federal Emergency Management Agency - Assistance to Firefighter Grants","0","","No","No"
"DHS","2023","Federal Emergency Management Agency - Assistance to Firefighter Grants: Fire Prevention Program","0","","Yes","No"
"DHS","2023","Federal Emergency Management Agency - Assistance to Firefighter Grants: Staffing for Adequate Fire and Emergency Response Program","0","","Yes","No"
"DHS","2023","Federal Emergency Management Agency - Building Resilient Infrastructure and Communities Grants","0","","Yes","No"
"DHS","2023","Federal Emergency Management Agency - Case Management","0","","Yes","No"
"DHS","2023","Federal Emergency Management Agency - Commercial Bill of Lading","0","","No","No"
"DHS","2023","Federal Emergency Management Agency - Disaster Case Management","0","","No","No"
"DHS","2023","Federal Emergency Management Agency - Disaster Relief Fund: Individuals and Households Program","0","","No","No"
"DHS","2023","Federal Emergency Management Agency - Emergency Food & Shelter Program","0","","Yes","No"
"DHS","2023","Federal Emergency Management Agency - Emergency Management Performance Grants","0","","No","No"
"DHS","2023","Federal Emergency Management Agency - Federal Insurance & Mitigation Administration: Claims and Non-Claims","0","","Yes","No"
"DHS","2023","Federal Emergency Management Agency - Federal Insurance & Mitigation Administration: Grants","0","","No","No"
"DHS","2023","Federal Emergency Management Agency - Flood Hazard Map and Risk Analysis Program","0","","No","No"
"DHS","2023","Federal Emergency Management Agency - Funeral Assistance","0","","Yes","Yes"
"DHS","2023","Federal Emergency Management Agency - Hazard Mitigation Grant Program - Disaster Supplemental Funds","0","","No","No"
"DHS","2023","Federal Emergency Management Agency - Hazard Mitigation Grant Program","0","","Yes","No"
"DHS","2023","Federal Emergency Management Agency - Intercity Bus Security Grants","0","","Yes","No"
"DHS","2023","Federal Emergency Management Agency - Nonprofit Security Grant Program","0","","Yes","No"
"DHS","2023","Federal Emergency Management Agency - Payroll - Disaster Supplemental Funds","0","","No","No"
"DHS","2023","Federal Emergency Management Agency - Payroll","0","","Yes","No"
"DHS","2023","Federal Emergency Management Agency - Port Security Grant Program","0","","No","No"
"DHS","2023","Federal Emergency Management Agency - Pre-Disaster Mitigation","0","","No","No"
"DHS","2023","Federal Emergency Management Agency - Public Assistance - Validate as You Go","0","","No","No"
"DHS","2023","Federal Emergency Management Agency - Public Assistance","0","","Yes","No"
"DHS","2023","Federal Emergency Management Agency - Purchase Card","0","","Yes","No"
"DHS","2023","Federal Emergency Management Agency - Training Grants","0","","Yes","No"
"DHS","2023","Federal Emergency Management Agency - Travel","0","","Yes","No"
"DHS","2023","Federal Emergency Management Agency – United States Fire Administration","0","","No","No"
"DHS","2023","Federal Emergency Management Agency - Urban Search and Rescue","0","","Yes","No"
"DHS","2023","Federal Emergency Management Agency - Vendor Pay - Disaster Supplemental Funds","0","","No","No"
"DHS","2023","Federal Emergency Management Agency - Vendor Pay","0","","Yes","No"
"DHS","2023","Federal Emergency Management Agency (FEMA) - Disaster Direct Loan Program","0","","No","No"
"DHS","2023","Federal Emergency Management Agency (FEMA) - Federal Insurance & Mitigation Administration: Non-Claims","0","","No","No"
"DHS","2023","Federal Emergency Management Agency (FEMA) - FRM Risk Map","0","","No","No"
"DHS","2023","Federal Emergency Management Agency (FEMA) - Lost Wages","0","","Yes","No"
"DHS","2023","Federal Emergency Management Agency (FEMA)- Funeral Assistance","0","","Yes","Yes"
"DHS","2023","Federal Law Enforcement Training Centers - Law Enforcement Training","0","","No","No"
"DHS","2023","Federal Law Enforcement Training Centers - Mission Support","0","","No","No"
"DHS","2023","Immigration and Customs Enforcement - Coronavirus Aid, Relief, and Economic Security Act Funds","0","","Yes","No"
"DHS","2023","Immigration and Customs Enforcement - Enforcement and Removal Operations","0","","Yes","No"
"DHS","2023","Immigration and Customs Enforcement - Fleet Card","0","","Yes","No"
"DHS","2023","Immigration and Customs Enforcement - Homeland Security Investigations","0","","Yes","No"
"DHS","2023","Immigration and Customs Enforcement - Management","0","","No","No"
"DHS","2023","Immigration and Customs Enforcement - Office of the Assistant Secretary","0","","No","No"
"DHS","2023","Immigration and Customs Enforcement - Payroll","0","","Yes","No"
"DHS","2023","Immigration and Customs Enforcement - Purchase Card","0","","Yes","No"
"DHS","2023","Immigration and Customs Enforcement - Travel","0","","Yes","No"
"DHS","2023","Management Directorate - Federal Protective Service","0","","Yes","No"
"DHS","2023","Management Directorate - Management & Administration","0","","Yes","No"
"DHS","2023","Office of Inspector General - Audits, Inspections, & Investigations","0","","No","No"
"DHS","2023","Office of Intelligence, Analysis, and Situational Awareness - Analysis and Operations","0","","No","No"
"DHS","2023","Science and Technology Directorate - Centers of Excellence","0","","Yes","No"
"DHS","2023","Science and Technology Directorate - Procurement","0","","Yes","No"
"DHS","2023","Transportation Security Administration - Operations & Support: Aviation Screening Operations","0","","No","No"
"DHS","2023","Transportation Security Administration - Operations & Support: Mission Support","0","","No","No"
"DHS","2023","Transportation Security Administration - Operations & Support: Other Operations and Enforcement","0","","No","No"
"DHS","2023","Transportation Security Administration - Payroll, Compensation, & Benefits","0","","No","No"
"DHS","2023","Transportation Security Administration - Procurement, Construction, and Improvements: Aviation Screening Infrastructure","0","","No","No"
"DHS","2023","Transportation Security Administration - Research & Development","0","","Yes","No"
"DHS","2023","U.S. Citizenship and Immigration Services (USCIS) - Administration","0","","Yes","No"
"DHS","2023","U.S. Citizenship and Immigration Services (USCIS) - Information Customer Services","0","","Yes","No"
"DHS","2023","U.S. Citizenship and Immigration Services (USCIS) - Systemic Alien Verification for Entitlements (SAVE)","0","","Yes","No"
"DHS","2023","United States Citizenship and Immigration Services - Adjudication Services","0","","Yes","No"
"DHS","2023","United States Citizenship and Immigration Services - Application Processing","0","","Yes","No"
"DHS","2023","United States Citizenship and Immigration Services - Employment Status Verifications (E-Verify)","0","","Yes","No"
"DHS","2023","United States Coast Guard - Aviation Logistics Command","0","","No","No"
"DHS","2023","United States Coast Guard - Coast Guard Boat Safety","0","","No","No"
"DHS","2023","United States Coast Guard - Maritime Oil Spill Program","0","","Yes","No"
"DHS","2023","United States Coast Guard - Operations & Support - Disaster Supplemental Funds","0","","Yes","No"
"DHS","2023","United States Coast Guard - Operations & Support","0","","Yes","No"
"DHS","2023","United States Coast Guard - Payroll: Civilian","0","","Yes","No"
"DHS","2023","United States Coast Guard - Payroll: Military","0","","No","No"
"DHS","2023","United States Coast Guard - Procurement, Construction, & Improvement","0","","Yes","No"
"DHS","2023","United States Coast Guard - Procurements, Construction, and Improvement - Disaster Supplemental Funds","0","","Yes","No"
"DHS","2023","United States Coast Guard - Retired Pay","0","","No","No"
"DHS","2023","United States Coast Guard - Supply Fund","0","","Yes","No"
"DHS","2023","United States Coast Guard - Surface Forces Logistics Command","0","","Yes","No"
"DHS","2023","United States Customs and Border Protection - Border Security Fencing","0","","Yes","No"
"DHS","2023","United States Customs and Border Protection - Operations and Support","0","","Yes","No"
"DHS","2023","United States Customs and Border Protection - PR and VI Programs","0","","Yes","No"
"DHS","2023","United States Customs and Border Protection - Procurement, Construction, and Improvements - Disaster Supplemental Funds","0","","No","No"
"DHS","2023","United States Customs and Border Protection - Procurement, Construction, and Improvements","0","","Yes","No"
"DHS","2023","United States Customs and Border Protection - Refund and Drawback","0","","No","No"
"DHS","2023","United States Secret Service - Contribution for Annuity Benefits","0","","No","No"
"DHS","2023","United States Secret Service - Field Operations","0","","No","No"
"DHS","2023","United States Secret Service - Procurement, Construction, & Improvement","0","","No","No"
"DHS","2023","United States Secret Service - Protection","0","","No","No"
"DHS","2023","United States Secret Service - Training","0","","No","No"
"DHS","2024","Countering Weapons of Mass Destruction Office - Federal Assistance","0","","Yes","No"
"DHS","2024","Countering Weapons of Mass Destruction Office - National Nuclear Forensics Expertise Development Program","0","","Yes","No"
"DHS","2024","Countering Weapons of Mass Destruction Office - Operations & Support","0","","Yes","No"
"DHS","2024","Countering Weapons of Mass Destruction Office - Procurement, Construction, and Improvement","0","","No","No"
"DHS","2024","Cybersecurity and Infrastructure Security Agency - All Other","0","","Yes","No"
"DHS","2024","Cybersecurity and Infrastructure Security Agency - Payroll","0","","Yes","No"
"DHS","2024","Federal Emergency Management Agency - Assistance to Firefighter Grants","0","","Yes","No"
"DHS","2024","Federal Emergency Management Agency - Assistance to Firefighter Grants: Fire Prevention Program","0","","No","No"
"DHS","2024","Federal Emergency Management Agency - Assistance to Firefighter Grants: Staffing for Adequate Fire and Emergency Response Program","0","","No","No"
"DHS","2024","Federal Emergency Management Agency - Building Resilient Infrastructure and Communities Grants","0","","No","No"
"DHS","2024","Federal Emergency Management Agency - Case Management","0","","Yes","No"
"DHS","2024","Federal Emergency Management Agency - Commercial Bill of Lading","0","","Yes","No"
"DHS","2024","Federal Emergency Management Agency - Disaster Case Management","0","","Yes","No"
"DHS","2024","Federal Emergency Management Agency - Disaster Relief Fund: Individuals and Households Program","0","","Yes","No"
"DHS","2024","Federal Emergency Management Agency - Emergency Food & Shelter Program","0","","Yes","No"
"DHS","2024","Federal Emergency Management Agency - Emergency Management Performance Grants","0","","No","No"
"DHS","2024","Federal Emergency Management Agency - Federal Insurance & Mitigation Administration: Claims and Non-Claims","0","","Yes","No"
"DHS","2024","Federal Emergency Management Agency - Federal Insurance & Mitigation Administration: Grants","0","","No","No"
"DHS","2024","Federal Emergency Management Agency - Flood Hazard Map and Risk Analysis Program","0","","No","No"
"DHS","2024","Federal Emergency Management Agency - Funeral Assistance","0","","No","No"
"DHS","2024","Federal Emergency Management Agency - Hazard Mitigation Grant Program - Disaster Supplemental Funds","0","","No","No"
"DHS","2024","Federal Emergency Management Agency - Hazard Mitigation Grant Program","0","","Yes","No"
"DHS","2024","Federal Emergency Management Agency - Hermit's Peak","0","","Yes","No"
"DHS","2024","Federal Emergency Management Agency - Intercity Bus Security Grants","0","","No","No"
"DHS","2024","Federal Emergency Management Agency - Nonprofit Security Grant Program","0","","No","No"
"DHS","2024","Federal Emergency Management Agency - Payroll - Disaster Supplemental Funds","0","","Yes","No"
"DHS","2024","Federal Emergency Management Agency - Payroll","0","","Yes","No"
"DHS","2024","Federal Emergency Management Agency - Port Security Grant Program","0","","No","No"
"DHS","2024","Federal Emergency Management Agency - Pre-Disaster Mitigation","0","","Yes","No"
"DHS","2024","Federal Emergency Management Agency - Public Assistance - Validate as You Go","0","","No","No"
"DHS","2024","Federal Emergency Management Agency - Public Assistance","0","","Yes","No"
"DHS","2024","Federal Emergency Management Agency - Purchase Card","0","","Yes","No"
"DHS","2024","Federal Emergency Management Agency - Training Grants","0","","Yes","No"
"DHS","2024","Federal Emergency Management Agency - Travel","0","","Yes","No"
"DHS","2024","Federal Emergency Management Agency - Urban Search and Rescue","0","","Yes","No"
"DHS","2024","Federal Emergency Management Agency - Vendor Pay - Disaster Supplemental Funds","0","","Yes","No"
"DHS","2024","Federal Emergency Management Agency - Vendor Pay","0","","Yes","No"
"DHS","2024","Federal Emergency Management Agency (FEMA) - FRM Risk Map","0","","Yes","No"
"DHS","2024","Federal Law Enforcement Training Centers - Law Enforcement Training","0","","No","No"
"DHS","2024","Federal Law Enforcement Training Centers - Mission Support","0","","No","No"
"DHS","2024","Immigration and Customs Enforcement - Coronavirus Aid, Relief, and Economic Security Act Funds","0","","No","No"
"DHS","2024","Immigration and Customs Enforcement - Enforcement and Removal Operations","0","","No","No"
"DHS","2024","Immigration and Customs Enforcement - Fleet Card","0","","No","No"
"DHS","2024","Immigration and Customs Enforcement - Homeland Security Investigations","0","","Yes","No"
"DHS","2024","Immigration and Customs Enforcement - Management","0","","No","No"
"DHS","2024","Immigration and Customs Enforcement - Office of the Assistant Secretary","0","","No","No"
"DHS","2024","Immigration and Customs Enforcement - Payroll","0","","No","No"
"DHS","2024","Immigration and Customs Enforcement - Procurement, Construction, and Improvements - Disaster Supplemental Funds","0","","Yes","Yes"
"DHS","2024","Immigration and Customs Enforcement - Purchase Card","0","","No","No"
"DHS","2024","Immigration and Customs Enforcement - Travel","0","","No","No"
"DHS","2024","Management Directorate - Federal Protective Service","0","","No","No"
"DHS","2024","Management Directorate - Management & Administration","0","","No","No"
"DHS","2024","Office of Inspector General - Audits, Inspections, & Investigations","0","","Yes","No"
"DHS","2024","Office of Intelligence, Analysis, and Situational Awareness - Analysis and Operations","0","","No","No"
"DHS","2024","Science and Technology Directorate - Centers of Excellence","0","","No","No"
"DHS","2024","Science and Technology Directorate - Procurement","0","","No","No"
"DHS","2024","Transportation Security Administration - Operations & Support: Aviation Screening Operations","0","","No","No"
"DHS","2024","Transportation Security Administration - Operations & Support: Mission Support","0","","No","No"
"DHS","2024","Transportation Security Administration - Operations & Support: Other Operations and Enforcement","0","","No","No"
"DHS","2024","Transportation Security Administration - Payroll, Compensation, & Benefits","0","","No","No"
"DHS","2024","Transportation Security Administration - Procurement, Construction, and Improvements: Aviation Screening Infrastructure","0","","No","No"
"DHS","2024","Transportation Security Administration - Research & Development","0","","No","No"
"DHS","2024","U.S. Citizenship and Immigration Services (USCIS) - Administration","0","","Yes","No"
"DHS","2024","U.S. Citizenship and Immigration Services (USCIS) - Information Customer Services","0","","Yes","No"
"DHS","2024","U.S. Citizenship and Immigration Services (USCIS) - Systemic Alien Verification for Entitlements (SAVE)","0","","Yes","No"
"DHS","2024","United States Citizenship and Immigration Services - Adjudication Services","0","","Yes","No"
"DHS","2024","United States Citizenship and Immigration Services - Application Processing","0","","Yes","No"
"DHS","2024","United States Citizenship and Immigration Services - Citizenship and Integration: Education and Training","0","","Yes","No"
"DHS","2024","United States Citizenship and Immigration Services - Employment Status Verifications (E-Verify)","0","","Yes","No"
"DHS","2024","United States Citizenship and Immigration Services - Immigrant Examinations Fee Account","0","","Yes","No"
"DHS","2024","United States Coast Guard - Aviation Logistics Command","0","","Yes","No"
"DHS","2024","United States Coast Guard - Coast Guard Boat Safety","0","","Yes","No"
"DHS","2024","United States Coast Guard - Maritime Oil Spill Program","0","","Yes","No"
"DHS","2024","United States Coast Guard - Operations & Support","0","","Yes","No"
"DHS","2024","United States Coast Guard - Payroll: Civilian","0","","No","No"
"DHS","2024","United States Coast Guard - Payroll: Military","0","","Yes","No"
"DHS","2024","United States Coast Guard - Procurement, Construction, & Improvement","0","","No","No"
"DHS","2024","United States Coast Guard - Procurements, Construction, and Improvement - Disaster Supplemental Funds","0","","Yes","No"
"DHS","2024","United States Coast Guard - Retired Pay","0","","No","No"
"DHS","2024","United States Coast Guard - Supply Fund","0","","Yes","No"
"DHS","2024","United States Coast Guard - Surface Forces Logistics Command","0","","No","No"
"DHS","2024","United States Customs and Border Protection - Border Security Fencing","0","","No","No"
"DHS","2024","United States Customs and Border Protection - Operations and Support","0","","No","No"
"DHS","2024","United States Customs and Border Protection - PR and VI Programs","0","","No","No"
"DHS","2024","United States Customs and Border Protection - Procurement, Construction, and Improvements - Disaster Supplemental Funds","0","","No","No"
"DHS","2024","United States Customs and Border Protection - Procurement, Construction, and Improvements","0","","Yes","No"
"DHS","2024","United States Customs and Border Protection - Refund and Drawback","0","","Yes","No"
"DHS","2024","United States Secret Service - Contribution for Annuity Benefits","0","","Yes","No"
"DHS","2024","United States Secret Service - Field Operations","0","","No","No"
"DHS","2024","United States Secret Service - Procurement, Construction, & Improvement","0","","Yes","No"
"DHS","2024","United States Secret Service - Protection","0","","No","No"
"DHS","2024","United States Secret Service - Training","0","","Yes","No"
"DHS","2025","Countering Weapons of Mass Destruction Office - Federal Assistance","","","No","No"
"DHS","2025","Countering Weapons of Mass Destruction Office - Homeland Security Biowatch Program","0","","Yes","No"
"DHS","2025","Countering Weapons of Mass Destruction Office - National Nuclear Forensics Expertise Development Program","","","No","No"
"DHS","2025","Countering Weapons of Mass Destruction Office - Operations & Support","","","No","No"
"DHS","2025","Countering Weapons of Mass Destruction Office - Procurement, Construction, and Improvement","","","No","No"
"DHS","2025","Countering Weapons of Mass Destruction Office - Research & Development","","","No","No"
"DHS","2025","Countering Weapons of Mass Destruction Office - Securing the Cities Program","0","","Yes","No"
"DHS","2025","Cybersecurity and Infrastructure Security Agency - All Other","0","","Yes","No"
"DHS","2025","Cybersecurity and Infrastructure Security Agency - Capacity Building","","","No","No"
"DHS","2025","Cybersecurity and Infrastructure Security Agency - Cyber Defense Education and Training","","","No","No"
"DHS","2025","Cybersecurity and Infrastructure Security Agency - Emergency Communications","","","No","No"
"DHS","2025","Cybersecurity and Infrastructure Security Agency - Joint Cyber Defense Collaborative","0","","Yes","No"
"DHS","2025","Cybersecurity and Infrastructure Security Agency - Payroll","0","","Yes","No"
"DHS","2025","Cybersecurity and Infrastructure Security Agency - Stakeholder Engagement","","","No","No"
"DHS","2025","Federal Emergency Management Agency - Adjustment or Receivable","","","No","No"
"DHS","2025","Federal Emergency Management Agency - Assistance to Firefighter Grants","0","","Yes","No"
"DHS","2025","Federal Emergency Management Agency - Assistance to Firefighter Grants: Fire Prevention Program","","","No","No"
"DHS","2025","Federal Emergency Management Agency - Assistance to Firefighter Grants: Staffing for Adequate Fire and Emergency Response Program","0","","Yes","No"
"DHS","2025","Federal Emergency Management Agency - Building Resilient Infrastructure and Communities Grants","0","","Yes","No"
"DHS","2025","Federal Emergency Management Agency - Case Management","","","No","No"
"DHS","2025","Federal Emergency Management Agency - Commercial Bill of Lading - Disaster Supplemental Funds","","","No","No"
"DHS","2025","Federal Emergency Management Agency - Commercial Bill of Lading","","","No","No"
"DHS","2025","Federal Emergency Management Agency - Continuing Training Grants Program: Alliance for System Safety of Unmanned Aircraft Systems through Research Excellence","","","No","No"
"DHS","2025","Federal Emergency Management Agency - Continuing Training Grants Program: National Cybersecurity Preparedness Consortium","","","No","No"
"DHS","2025","Federal Emergency Management Agency - Crisis Counseling","","","No","No"
"DHS","2025","Federal Emergency Management Agency - Disaster Case Management","0","","Yes","No"
"DHS","2025","Federal Emergency Management Agency - Disaster Direct Loan Program","0","","Yes","No"
"DHS","2025","Federal Emergency Management Agency - Disaster Relief Fund: Individuals and Households Program - Disaster Supplemental Funds","","","No","No"
"DHS","2025","Federal Emergency Management Agency - Disaster Relief Fund: Individuals and Households Program","0","","Yes","No"
"DHS","2025","Federal Emergency Management Agency - Dividends & Interest - Disaster Supplemental Funds","","","No","No"
"DHS","2025","Federal Emergency Management Agency - Dividends & Interest","","","No","No"
"DHS","2025","Federal Emergency Management Agency - Educational Stipend","","","No","No"
"DHS","2025","Federal Emergency Management Agency - Emergency Food & Shelter Program","","","No","No"
"DHS","2025","Federal Emergency Management Agency - Emergency Management Baseline Assessment Grant Program","","","No","No"
"DHS","2025","Federal Emergency Management Agency - Emergency Management Performance Grants","0","","Yes","No"
"DHS","2025","Federal Emergency Management Agency - Emergency Operations Center Community Project Grants","","","No","No"
"DHS","2025","Federal Emergency Management Agency - Federal Insurance & Mitigation Administration: Claims and Non-Claims","0","","Yes","No"
"DHS","2025","Federal Emergency Management Agency - Federal Insurance & Mitigation Administration: Grants","0","","Yes","No"
"DHS","2025","Federal Emergency Management Agency - Fleet Card","","","No","No"
"DHS","2025","Federal Emergency Management Agency - Flood Hazard Map and Risk Analysis Program","0","","Yes","No"
"DHS","2025","Federal Emergency Management Agency - FRM Risk Map - Disaster Supplemental Funds","","","No","No"
"DHS","2025","Federal Emergency Management Agency - Funeral Assistance","","","No","No"
"DHS","2025","Federal Emergency Management Agency - Hazard Mitigation Grant Program - Disaster Supplemental Funds","0","","Yes","No"
"DHS","2025","Federal Emergency Management Agency - Hazard Mitigation Grant Program","0","","Yes","No"
"DHS","2025","Federal Emergency Management Agency - Hermit's Peak","0","","Yes","No"
"DHS","2025","Federal Emergency Management Agency - Homeland Security Grant Program","0","","Yes","No"
"DHS","2025","Federal Emergency Management Agency - Infrastructure Investment and Jobs Act Grant Program","0","","Yes","No"
"DHS","2025","Federal Emergency Management Agency - Interagency Agreements - Disaster Supplemental Funds","","","No","No"
"DHS","2025","Federal Emergency Management Agency - Interagency Agreements","","","No","No"
"DHS","2025","Federal Emergency Management Agency - Intercity Bus Security Grants","","","No","No"
"DHS","2025","Federal Emergency Management Agency - Intercity Passenger Rail Program","","","No","No"
"DHS","2025","Federal Emergency Management Agency - Litigation Settlement","","","No","No"
"DHS","2025","Federal Emergency Management Agency - Lost Wages","","","No","No"
"DHS","2025","Federal Emergency Management Agency - Mission Assignments","","","No","No"
"DHS","2025","Federal Emergency Management Agency - Mitigation: Flood Mitigation Assistance - Swift Current","","","No","No"
"DHS","2025","Federal Emergency Management Agency - National Dam Safety Program","","","No","No"
"DHS","2025","Federal Emergency Management Agency - National Dam Safety Program: Rehabilitation of High Hazard Potential Dam Grant Program","","","No","No"
"DHS","2025","Federal Emergency Management Agency - National Domestic Preparedness Consortium","","","No","No"
"DHS","2025","Federal Emergency Management Agency - National Earthquake Hazard Reduction Grant Program","","","No","No"
"DHS","2025","Federal Emergency Management Agency - National Flood Insurance Fund - Mandatory Flood Mitigation Assistance Grants","","","No","No"
"DHS","2025","Federal Emergency Management Agency - Next Generation Warning System Grant Program","","","No","No"
"DHS","2025","Federal Emergency Management Agency - Nonprofit Security Grant Program","0","","Yes","No"
"DHS","2025","Federal Emergency Management Agency - Other Claims and Indemnities","","","No","No"
"DHS","2025","Federal Emergency Management Agency - Payroll - Disaster Supplemental Funds","0","","Yes","No"
"DHS","2025","Federal Emergency Management Agency - Payroll","0","","Yes","No"
"DHS","2025","Federal Emergency Management Agency - Port Security Grant Program","0","","Yes","No"
"DHS","2025","Federal Emergency Management Agency - Pre-Disaster Mitigation","","","No","No"
"DHS","2025","Federal Emergency Management Agency - Preparedness: Assistance to Firefighters Grants Program - Fire Prevention and Safety","","","No","No"
"DHS","2025","Federal Emergency Management Agency - Preparedness: Tribal Cybersecurity Grant Program","0","","Yes","No"
"DHS","2025","Federal Emergency Management Agency - Preparedness: Tribal Homeland Security Grant Program","","","No","No"
"DHS","2025","Federal Emergency Management Agency - Public Assistance - Validate as You Go","","","No","No"
"DHS","2025","Federal Emergency Management Agency - Public Assistance","0","","Yes","No"
"DHS","2025","Federal Emergency Management Agency - Purchase Card","","","No","No"
"DHS","2025","Federal Emergency Management Agency - Regional Catastrophic Preparedness Grant Program","","","No","No"
"DHS","2025","Federal Emergency Management Agency - Reimbursable","","","No","No"
"DHS","2025","Federal Emergency Management Agency - Reinsurance","","","No","No"
"DHS","2025","Federal Emergency Management Agency - Shelter and Services Program","","","No","No"
"DHS","2025","Federal Emergency Management Agency - Temporary House Unit Refund","","","No","No"
"DHS","2025","Federal Emergency Management Agency - Tort Claims","","","No","No"
"DHS","2025","Federal Emergency Management Agency - Training - Disaster Supplemental Funds","","","No","No"
"DHS","2025","Federal Emergency Management Agency - Training Grants","","","No","No"
"DHS","2025","Federal Emergency Management Agency - Training","","","No","No"
"DHS","2025","Federal Emergency Management Agency - Transit Security Grant Program","","","No","No"
"DHS","2025","Federal Emergency Management Agency - Travel - Disaster Supplemental Funds","","","No","No"
"DHS","2025","Federal Emergency Management Agency - Travel","0","","Yes","No"
"DHS","2025","Federal Emergency Management Agency – United States Fire Administration","","","No","No"
"DHS","2025","Federal Emergency Management Agency - Urban Search and Rescue","0","","Yes","No"
"DHS","2025","Federal Emergency Management Agency - Vendor Pay - Disaster Supplemental Funds","0","","Yes","No"
"DHS","2025","Federal Emergency Management Agency - Vendor Pay","0","","Yes","No"
"DHS","2025","Federal Law Enforcement Training Centers - Law Enforcement Training","0","","Yes","No"
"DHS","2025","Federal Law Enforcement Training Centers - Mission Support","0","","Yes","No"
"DHS","2025","Immigration and Customs Enforcement - Coronavirus Aid, Relief, and Economic Security Act Funds","","","No","No"
"DHS","2025","Immigration and Customs Enforcement - Debit Card","","","No","No"
"DHS","2025","Immigration and Customs Enforcement - Enforcement and Removal Operations","","","No","No"
"DHS","2025","Immigration and Customs Enforcement - Fleet Card","","","No","No"
"DHS","2025","Immigration and Customs Enforcement - Homeland Security Investigations - CyberTipline","","","No","No"
"DHS","2025","Immigration and Customs Enforcement - Homeland Security Investigations","","","No","No"
"DHS","2025","Immigration and Customs Enforcement - Management","0","","Yes","No"
"DHS","2025","Immigration and Customs Enforcement - Office of the Assistant Secretary","0","","Yes","No"
"DHS","2025","Immigration and Customs Enforcement - Operations & Support - Disaster Supplemental Funds","","","No","No"
"DHS","2025","Immigration and Customs Enforcement - Payroll","","","No","No"
"DHS","2025","Immigration and Customs Enforcement - Procurement, Construction, and Improvements - Disaster Supplemental Funds","","","No","No"
"DHS","2025","Immigration and Customs Enforcement - Purchase Card","","","No","No"
"DHS","2025","Immigration and Customs Enforcement - Servicewide Agreements","0","","Yes","No"
"DHS","2025","Immigration and Customs Enforcement - Travel","","","No","No"
"DHS","2025","Management Directorate - Federal Protective Service","0","","Yes","No"
"DHS","2025","Management Directorate - Management & Administration","0","","Yes","No"
"DHS","2025","Office of Inspector General - Audits, Inspections, & Investigations - Disaster Supplemental Funds","","","No","No"
"DHS","2025","Office of Inspector General - Audits, Inspections, & Investigations","","","No","No"
"DHS","2025","Office of Intelligence, Analysis, and Situational Awareness - Analysis and Operations","0","","Yes","No"
"DHS","2025","Science and Technology Directorate - Centers of Excellence","0","","Yes","No"
"DHS","2025","Science and Technology Directorate - Operations & Support","","","No","No"
"DHS","2025","Science and Technology Directorate - Procurement","0","","Yes","No"
"DHS","2025","Science and Technology Directorate - Research & Development","","","No","No"
"DHS","2025","Science and Technology Directorate - Research, Testing, Evaluation, and Demonstration of Technologies","","","No","No"
"DHS","2025","Science and Technology Directorate - Scientific Leadership Awards","","","No","No"
"DHS","2025","Transportation Security Administration - Operations & Support: Aviation Screening Operations","0","","Yes","No"
"DHS","2025","Transportation Security Administration - Operations & Support: Mission Support","0","","Yes","No"
"DHS","2025","Transportation Security Administration - Operations & Support: Other Operations and Enforcement - Disaster Supplemental Funds","","","No","No"
"DHS","2025","Transportation Security Administration - Operations & Support: Other Operations and Enforcement","0","","Yes","No"
"DHS","2025","Transportation Security Administration - Payroll, Compensation, & Benefits - Disaster Supplemental Funds","","","No","No"
"DHS","2025","Transportation Security Administration - Payroll, Compensation, & Benefits","0","","Yes","No"
"DHS","2025","Transportation Security Administration - Procurement, Construction, and Improvements: Aviation Screening Infrastructure","0","","Yes","No"
"DHS","2025","Transportation Security Administration - Procurement, Construction, and Improvements: Mission Support Infrastructure","","","No","No"
"DHS","2025","Transportation Security Administration - Procurement, Construction, and Improvements: Other Operations and Enforcement","","","No","No"
"DHS","2025","Transportation Security Administration - Research & Development","0","","Yes","No"
"DHS","2025","United States Citizenship and Immigration Services - Adjudication Services","0","","Yes","No"
"DHS","2025","United States Citizenship and Immigration Services - Application Processing","0","","Yes","No"
"DHS","2025","United States Citizenship and Immigration Services - Citizenship and Integration: Education and Training","","","No","No"
"DHS","2025","United States Citizenship and Immigration Services - Citizenship and Integration: Integration Training Academy","0","","Yes","No"
"DHS","2025","United States Citizenship and Immigration Services - EB-5 Immigrant Investor Program","","","No","No"
"DHS","2025","United States Citizenship and Immigration Services - Employment Status Verifications (E-Verify)","0","","Yes","No"
"DHS","2025","United States Citizenship and Immigration Services - Immigrant Examinations Fee Account","","","No","No"
"DHS","2025","United States Citizenship and Immigration Services - Operation Allies Welcome Airport Assistance Grant","0","","Yes","No"
"DHS","2025","United States Coast Guard - Aviation Logistics Command - Disaster Supplemental Funds","","","No","No"
"DHS","2025","United States Coast Guard - Aviation Logistics Command","0","","Yes","No"
"DHS","2025","United States Coast Guard - Coast Guard Boat Safety","","","No","No"
"DHS","2025","United States Coast Guard - Environmental Compliance & Restoration - Disaster Supplemental Funds","","","No","No"
"DHS","2025","United States Coast Guard - Environmental Compliance & Restoration","","","No","No"
"DHS","2025","United States Coast Guard - Gift Fund","","","No","No"
"DHS","2025","United States Coast Guard - Housing Funds","","","No","No"
"DHS","2025","United States Coast Guard - Maritime Oil Spill Program","","","No","No"
"DHS","2025","United States Coast Guard - Medicare Retiree Health","","","No","No"
"DHS","2025","United States Coast Guard - Operations & Support - Disaster Supplemental Funds","0","","Yes","No"
"DHS","2025","United States Coast Guard - Operations & Support","","","No","No"
"DHS","2025","United States Coast Guard - Payroll: Civilian - Disaster Supplemental Funds","","","No","No"
"DHS","2025","United States Coast Guard - Payroll: Civilian","0","","Yes","No"
"DHS","2025","United States Coast Guard - Payroll: Military","","","No","No"
"DHS","2025","United States Coast Guard - Procurement, Construction, & Improvement","","","No","No"
"DHS","2025","United States Coast Guard - Procurement, Construction, & Improvement: National Coast Guard Museum","","","No","No"
"DHS","2025","United States Coast Guard - Procurements, Construction, and Improvement - Disaster Supplemental Funds","","","No","No"
"DHS","2025","United States Coast Guard - Research & Development","0","","Yes","No"
"DHS","2025","United States Coast Guard - Retired Pay","0","","Yes","No"
"DHS","2025","United States Coast Guard - Supply Fund","0","","Yes","No"
"DHS","2025","United States Coast Guard - Surface Forces Logistics Command - Disaster Supplemental Funds","","","No","No"
"DHS","2025","United States Coast Guard - Surface Forces Logistics Command","","","No","No"
"DHS","2025","United States Coast Guard - Yard Fund","0","","Yes","No"
"DHS","2025","United States Customs and Border Protection - Automation and Modernization","","","No","No"
"DHS","2025","United States Customs and Border Protection - Border Security Fencing","","","No","No"
"DHS","2025","United States Customs and Border Protection - Continued Dumping and Subsidy Offset Act & Wool","","","No","No"
"DHS","2025","United States Customs and Border Protection - Miscellaneous","","","No","No"
"DHS","2025","United States Customs and Border Protection - Operations and Maintenance","","","No","No"
"DHS","2025","United States Customs and Border Protection - Operations and Support - Disaster Supplemental Funds","","","No","No"
"DHS","2025","United States Customs and Border Protection - Operations and Support","","","No","No"
"DHS","2025","United States Customs and Border Protection - PR and VI Programs","","","No","No"
"DHS","2025","United States Customs and Border Protection - Procurement, Construction, and Improvements - Disaster Supplemental Funds","","","No","No"
"DHS","2025","United States Customs and Border Protection - Procurement, Construction, and Improvements","","","No","No"
"DHS","2025","United States Customs and Border Protection - Refund and Drawback","","","No","No"
"DHS","2025","United States Secret Service - Administration","","","No","No"
"DHS","2025","United States Secret Service - Contribution for Annuity Benefits","0","","Yes","No"
"DHS","2025","United States Secret Service - Field Operations","0","","Yes","No"
"DHS","2025","United States Secret Service - Procurement, Construction, & Improvement","0","","Yes","No"
"DHS","2025","United States Secret Service - Procurement, Construction, & Improvement: National Computer Forensics Institute","","","No","No"
"DHS","2025","United States Secret Service - Protection","0","","Yes","No"
"DHS","2025","United States Secret Service - Research & Development","","","No","No"
"DHS","2025","United States Secret Service - Training","0","","Yes","No"
"DNFSB","2023","Salaries and Expenses (Direct)","0","","Yes","No"
"DNFSB","2024","Salaries and Expenses (Direct)","0","","No","No"
"DNFSB","2025","Salaries and Expenses (Direct)","","","No","No"
"DOC","2019","Census Bureau - Decennial Census","","No","",""
"DOC","2019","Census Bureau - EDCADS-Census Enterprise Data Collection and Processing","","No","",""
"DOC","2019","Census Bureau - Enterprise Data Capture and Dissemination System (EDCADS) - Census Personnel and Employment Check Systems","","No","",""
"DOC","2019","Census Bureau - Enterprise Data Capture and Dissemination System (EDCADS) - Enterprise Dissemination Services","","No","",""
"DOC","2019","Census Bureau - Enterprise Data Collection and Dissemination System (EDCADS) - Administrative Records Research and Integration","","No","",""
"DOC","2019","Census Bureau - State Children's Health Insurance Program","","No","",""
"DOC","2019","Census Bureau - Survey of Program Dynamics","","No","",""
"DOC","2019","Economic Development Administration (EDA) - Grants","","NO","",""
"DOC","2019","International Trade Administration (ITA) - Global Markets","","No","",""
"DOC","2019","Minority Business Development Agency (MBDA) - Minority Business Development Grants","","No","",""
"DOC","2019","National Institute of Standards and Technology (NIST) - Contracts/Purchase Orders","","NO","",""
"DOC","2019","National Institute of Standards and Technology (NIST) - Payments to Employees","","NO","",""
"DOC","2019","National Institute of Standards and Technology (NIST) - Purchase Card","","No","",""
"DOC","2019","National Oceanic and Atmospheric Administration (NOAA) - Purchase Orders and Contracts","","No","",""
"DOC","2019","National Technical Information Service (NTIS) - (Collect and Disseminate Technical Information - Clearinghouse Program)","","No","",""
"DOC","2019","National Telecommunications and Information Administration (NTIA) - Broadband Technology Opportunities Program","","No","",""
"DOC","2019","National Telecommunications and Information Administration (NTIA) - Non-FirstNet Activity included in a) Public Safety Trust Fund; and b) Network Construction Fund","","No","",""
"DOC","2019","National Telecommunications and Information Administration (NTIA) - State and Local Grant Implementation Program","","No","",""
"DOC","2019","Office of the Secretary (OS) - Departmental Management","","No","",""
"DOC","2020","Bureau of Economic Analysis (BEA)","","NO","",""
"DOC","2020","Bureau of Industry and Security (BIS) - Dual Use Export Administration and Enforcement","","NO","",""
"DOC","2020","Census Bureau - Decennial Census","","NO","",""
"DOC","2020","Census Bureau - EDCADS-Census Enterprise Data Collection and Processing","","NO","",""
"DOC","2020","Census Bureau - Enterprise Data Capture and Dissemination System (EDCADS) - Enterprise Dissemination Services","","NO","",""
"DOC","2020","Census Bureau - Enterprise Data Collection and Dissemination System (EDCADS) - Administrative Records Research and Integration","","NO","",""
"DOC","2020","Economic Development Administration (EDA) - Grants","","NO","",""
"DOC","2020","Economic Development Administration (EDA) - Salaries and Expenses","","NO","",""
"DOC","2020","International Trade Administration (ITA) - Enforcement and Compliance","","NO","",""
"DOC","2020","International Trade Administration (ITA) - Industry and Analysis","","NO","",""
"DOC","2020","Minority Business Development Agency (MBDA) - Minority Business Development and Advocacy","","NO","",""
"DOC","2020","National Oceanic and Atmospheric Administration (NOAA) - Grants","","NO","",""
"DOC","2020","National Oceanic and Atmospheric Administration (NOAA) - Loans, IPACs, Other","","NO","",""
"DOC","2020","National Oceanic and Atmospheric Administration (NOAA) - Purchase Orders and Contracts","","NO","",""
"DOC","2020","National Telecommunications and Information Administration (NTIA) - Domestic and International Policies and Advanced Communications Research; Spectrum Management; Public Safety Communications","","NO","",""
"DOC","2020","Office of Inspector General (OIG) - Department of Commerce","","NO","",""
"DOC","2020","U.S. Patent and Trademark Office (USPTO) - Patents and Trademarks","","NO","",""
"DOC","2021","Bureau of Industry and Security (BIS) - Dual Use Export Administration and Enforcement","","No","",""
"DOC","2021","Bureau of Industry and Security (BIS)","","No","",""
"DOC","2021","Census Bureau - Current Demographic Statistics","","No","",""
"DOC","2021","Census Bureau - Current Economic Statistics","","No","",""
"DOC","2021","Census Bureau - Decennial Census","","No","",""
"DOC","2021","Census Bureau - Enterprise Data Capture and Dissemination System (EDCADS) - Census Personnel and Employment Check Systems","","No","",""
"DOC","2021","Census Bureau - Enterprise Data Capture and Dissemination System (EDCADS) - Enterprise Dissemination Services","","No","",""
"DOC","2021","Census Bureau - Geographic Support","","No","",""
"DOC","2021","Census Bureau - Periodic Economic Statistics","","No","",""
"DOC","2021","Census Bureau - Working Capital Fund","","No","",""
"DOC","2021","Census Bureau","","No","",""
"DOC","2021","Economic Development Administration (EDA) - Grants","","No","",""
"DOC","2021","Economic Development Administration (EDA) - Salaries and Expenses","","No","",""
"DOC","2021","Economic Development Administration (EDA)","","No","",""
"DOC","2021","Internation Trade Administration (ITA)","","No","",""
"DOC","2021","International Trade Administration (ITA) - Executive Direction and Administration","","No","",""
"DOC","2021","International Trade Administration (ITA) - Industry and Analysis","","No","",""
"DOC","2021","Minority Business Development Agency (MBDA) - Minority Business Development Grants","","No","",""
"DOC","2021","Minority Business Development Agency (MBDA)","","No","",""
"DOC","2021","National Institute of Standards and Technology (NIST) - Grants","","No","",""
"DOC","2021","National Institute of Standards and Technology (NIST) - Interagency Agreements/Other/Miscellaneous","","No","",""
"DOC","2021","National Institute of Standards and Technology (NIST)","","No","",""
"DOC","2021","National Oceanic and Atmospheric Administration (NOAA) - Grants","","No","",""
"DOC","2021","National Oceanic and Atmospheric Administration (NOAA) - Labor and Payments to Employees","","No","",""
"DOC","2021","National Oceanic and Atmospheric Administration (NOAA)","","No","",""
"DOC","2021","National Telecommunications and Information Administration (NTIA) - Digital Television Transition and Public Safety Fund, excluding TV Converter Box Coupon Program and Public Safety Interoperable Communications","","No","",""
"DOC","2021","National Telecommunications and Information Administration (NTIA) - First Responder Network Authority","","No","",""
"DOC","2021","National Telecommunications and Information Administration (NTIA) - Public Telecommunications Facilities Program","","No","",""
"DOC","2021","National Telecommunications and Information Administration (NTIA)","","No","",""
"DOC","2021","NTIA - Information Infrastructure Grants","","No","",""
"DOC","2022","Census Bureau - Enterprise Data Capture and Dissemination System (EDCADS) - Enterprise Dissemination Services","0","No","",""
"DOC","2022","Census Bureau - Geographic Support","0","No","",""
"DOC","2022","Census Bureau - State Children's Health Insurance Program","0","No","",""
"DOC","2022","Census Bureau - Survey of Program Dynamics","0","No","",""
"DOC","2022","Census Bureau - Working Capital Fund","0","No","",""
"DOC","2022","Economic Development Administration (EDA) - Grants","0","No","",""
"DOC","2022","International Trade Administration (ITA) - Global Markets","0","No","",""
"DOC","2022","Minority Business Development Agency (MBDA) - Minority Business Development Grants","0","No","",""
"DOC","2022","National Institute of Standards and Technology (NIST) - Contracts/Purchase Orders","0","No","",""
"DOC","2022","National Institute of Standards and Technology (NIST) - Payments to Employees","0","No","",""
"DOC","2022","National Institute of Standards and Technology (NIST) - Purchase Card","0","No","",""
"DOC","2022","National Oceanic and Atmospheric Administration (NOAA) - Grants","0","No","",""
"DOC","2022","National Oceanic and Atmospheric Administration (NOAA) - Purchase Orders and Contracts","0","No","",""
"DOC","2022","National Technical Information Service (NTIS) - (Collect and Disseminate Technical Information - Clearinghouse Program)","0","No","",""
"DOC","2022","National Telecommunications and Information Administration (NTIA) - Broadband Technology Opportunities Program","0","No","",""
"DOC","2022","National Telecommunications and Information Administration (NTIA) - Domestic and International Policies and Advanced Communications Research; Spectrum Management; Public Safety Communications","0","No","",""
"DOC","2022","Office of the Secretary (OS) - Departmental Management","0","No","",""
"DOC","2023","Bureau of Economic Analysis (BEA)","0","","Yes","No"
"DOC","2023","Bureau of Industry and Security (BIS) - Dual Use Export Administration and Enforcement","0","","Yes","No"
"DOC","2023","Bureau of Industry and Security (BIS)","0","","Yes","No"
"DOC","2023","Census Bureau - Current Demographic Statistics","0","","No","No"
"DOC","2023","Census Bureau - Current Economic Statistics","0","","No","No"
"DOC","2023","Census Bureau - Decennial Census","0","","No","No"
"DOC","2023","Census Bureau - Enterprise Data Capture and Dissemination System (EDCADS) - Census Personnel and Employment Check Systems","0","","Yes","No"
"DOC","2023","Census Bureau - Enterprise Data Capture and Dissemination System (EDCADS) - Data Ingest and Collection for the Enterprise","0","","Yes","No"
"DOC","2023","Census Bureau - Enterprise Data Capture and Dissemination System (EDCADS) - Enterprise Data Lake","0","","Yes","No"
"DOC","2023","Census Bureau - Enterprise Data Capture and Dissemination System (EDCADS) - Enterprise Dissemination Services","0","","No","No"
"DOC","2023","Census Bureau - Enterprise Data Collection and Dissemination System (EDCADS) - Administrative Records Research and Integration","0","","Yes","No"
"DOC","2023","Census Bureau - Geographic Support","0","","Yes","No"
"DOC","2023","Census Bureau - Periodic Economic Statistics","0","","No","No"
"DOC","2023","Census Bureau - State Children's Health Insurance Program","0","","No","No"
"DOC","2023","Census Bureau - Survey of Program Dynamics","0","","No","No"
"DOC","2023","Census Bureau - Working Capital Fund","0","","No","No"
"DOC","2023","Census Bureau","0","","Yes","No"
"DOC","2023","Economic Development Administration (EDA) - Grants","0","","No","No"
"DOC","2023","Economic Development Administration (EDA) - Salaries and Expenses","0","","No","No"
"DOC","2023","Economic Development Administration (EDA)","0","","No","No"
"DOC","2023","Internation Trade Administration (ITA)","0","","Yes","No"
"DOC","2023","International Trade Administration (ITA) - Enforcement and Compliance","0","","Yes","No"
"DOC","2023","International Trade Administration (ITA) - Executive Direction and Administration","0","","No","No"
"DOC","2023","International Trade Administration (ITA) - Global Markets","0","","No","No"
"DOC","2023","International Trade Administration (ITA) - Industry and Analysis","0","","No","No"
"DOC","2023","Minority Business Development Agency (MBDA) - Minority Business Development and Advocacy","0","","Yes","No"
"DOC","2023","Minority Business Development Agency (MBDA) - Minority Business Development Grants","0","","Yes","No"
"DOC","2023","Minority Business Development Agency (MBDA)","0","","Yes","No"
"DOC","2023","National Institute of Standards and Technology (NIST) - Contracts/Purchase Orders","0","","No","No"
"DOC","2023","National Institute of Standards and Technology (NIST) - Grants","0","","No","No"
"DOC","2023","National Institute of Standards and Technology (NIST) - Interagency Agreements/Other/Miscellaneous","0","","No","No"
"DOC","2023","National Institute of Standards and Technology (NIST) - Payments to Employees","0","","No","No"
"DOC","2023","National Institute of Standards and Technology (NIST) - Purchase Card","0","","Yes","No"
"DOC","2023","National Institute of Standards and Technology (NIST)","0","","Yes","No"
"DOC","2023","National Oceanic and Atmospheric Administration (NOAA) - Grants","0","","No","No"
"DOC","2023","National Oceanic and Atmospheric Administration (NOAA) - Labor and Payments to Employees","0","","No","No"
"DOC","2023","National Oceanic and Atmospheric Administration (NOAA) - Loans, IPACs, Other","0","","Yes","No"
"DOC","2023","National Oceanic and Atmospheric Administration (NOAA) - Purchase Orders and Contracts","0","","No","No"
"DOC","2023","National Oceanic and Atmospheric Administration (NOAA)","0","","Yes","No"
"DOC","2023","National Technical Information Service (NTIS) - (Collect and Disseminate Technical Information - Clearinghouse Program)","0","","No","No"
"DOC","2023","National Technical Information Service (NTIS)","0","","Yes","No"
"DOC","2023","National Telecommunications and Information Administration (NTIA) - Broadband Equity, Access, and Deployment Program","0","","Yes","No"
"DOC","2023","National Telecommunications and Information Administration (NTIA) - Broadband Infrastructure Program & Tribal Broadband Connectivity Program","0","","Yes","No"
"DOC","2023","National Telecommunications and Information Administration (NTIA) - Domestic and International Policies and Advanced Communications Research; Spectrum Management; Public Safety Communications","0","","No","No"
"DOC","2023","National Telecommunications and Information Administration (NTIA) - First Responder Network Authority","0","","Yes","No"
"DOC","2023","National Telecommunications and Information Administration (NTIA) - Non-FirstNet Activity included in a) Public Safety Trust Fund; and b) Network Construction Fund","0","","Yes","No"
"DOC","2023","National Telecommunications and Information Administration (NTIA)","0","","Yes","No"
"DOC","2023","Office of Inspector General (OIG) - Department of Commerce","0","","Yes","No"
"DOC","2023","Office of the Secretary (OS) - Departmental Management","0","","Yes","No"
"DOC","2023","Office of the Secretary (OS)","0","","Yes","No"
"DOC","2023","U.S. Patent and Trademark Office (USPTO) - Patents and Trademarks","0","","Yes","No"
"DOC","2023","U.S. Patent and Trademark Office","0","","Yes","No"
"DOC","2024","Bureau of Economic Analysis (BEA)","0","","Yes","No"
"DOC","2024","Bureau of Industry and Security (BIS)-Dual Use Export Administration and Enforcement","0","","Yes","No"
"DOC","2024","Census Bureau - Current Demographic Statistics","0","","Yes","No"
"DOC","2024","Census Bureau - Current Economic Statistics","0","","Yes","No"
"DOC","2024","Census Bureau - Decennial Census","0","","Yes","No"
"DOC","2024","Census Bureau - Enterprise Data Caputre and Dissemination System (EDCADS)- Administrative Records Research and Integration","0","","No","No"
"DOC","2024","Census Bureau - Enterprise Data Caputre and Dissemination System (EDCADS)- Data Ingest and Collection for the Enterprise","0","","No","No"
"DOC","2024","Census Bureau - Enterprise Data Caputre and Dissemination System (EDCADS)- Enterprise Data Lake","0","","No","No"
"DOC","2024","Census Bureau - Enterprise Data Caputre and Dissemination System (EDCADS)- Enterprise Dissemination Services","0","","Yes","No"
"DOC","2024","Census Bureau - Enterprise Data Caputre and Dissemination System (EDCADS)-Census Personnel and Employment Check Systems","0","","No","No"
"DOC","2024","Census Bureau - Geographic Support","0","","Yes","No"
"DOC","2024","Census Bureau - Periodic Economic Statistics","0","","Yes","No"
"DOC","2024","Census Bureau - State Childrens's Health Insurance Program","0","","No","No"
"DOC","2024","Census Bureau - Working Capital Fund","0","","No","No"
"DOC","2024","Economic Development Administration (EDA) - Grants","0","","No","No"
"DOC","2024","Economic Development Adminsitration (EDA) - Salaries and Expenses","0","","Yes","No"
"DOC","2024","Internation Trade Administration (ITA) - Enforcement and Compliance","0","","Yes","No"
"DOC","2024","Internation Trade Administration (ITA) - Executive Direction and Administration","0","","Yes","No"
"DOC","2024","International Trade Administration (ITA) - Global Markets","0","","No","No"
"DOC","2024","International Trade Administration (ITA) - Industry and Analysis","0","","Yes","No"
"DOC","2024","Miniority Business Development Agency (MBDA) - Minority Business Development and Advocacy","0","","Yes","No"
"DOC","2024","Minority Business Development Agency (MBDA) - Minority Business Development Grants","0","","No","No"
"DOC","2024","National Institute of Standards and Technology (NIST) - Grants","0","","Yes","No"
"DOC","2024","National Institute of Standards and Technology (NIST) - Purchase Cards","0","","Yes","No"
"DOC","2024","National Institute of Standards and Technology (NIST)- Contracts/Purchase Orders","0","","Yes","No"
"DOC","2024","National Institute of Standards and Technology (NIST)- IPACs/Other/Miscellaneous","0","","Yes","No"
"DOC","2024","National Institute of Standards and Technology (NIST)- Payments to Employees","0","","Yes","No"
"DOC","2024","National Oceanic and Atmospheric Administration (NOAA) - Grants","0","","Yes","No"
"DOC","2024","National Oceanic and Atmospheric Administration (NOAA) - Labor and Payments to Employees","0","","Yes","No"
"DOC","2024","National Oceanic and Atmospheric Administration (NOAA) - Loans, IPACs, Other","0","","No","No"
"DOC","2024","National Oceanic and Atmospheric Administration (NOAA) - Purchase Orders and Contracts","0","","Yes","No"
"DOC","2024","National Technical Information Service (NTIS)- (Collect and Disseminate Technical Information - Clearinghouse Program)","0","","No","No"
"DOC","2024","National Telecommunications and Information Administration (NTIA) - Broadband Equity, Access, and Deployment Program","0","","No","No"
"DOC","2024","National Telecommunications and Information Administration (NTIA) - Broadband Infrastructure Program & Tribal Broadband Connectivity Program","0","","No","No"
"DOC","2024","National Telecommunications and Information Administration (NTIA) - Connecting Minority Communities Pilot Program","0","","Yes","No"
"DOC","2024","National Telecommunications and Information Administration (NTIA) - Digital Equity Program","0","","Yes","No"
"DOC","2024","National Telecommunications and Information Administration (NTIA) - Domestic and Internation Policies and Advanced Communication Research; Spectrum Management; Public Safety Communications","0","","No","No"
"DOC","2024","National Telecommunications and Information Administration (NTIA) - First Responder Network Authority","0","","Yes","No"
"DOC","2024","National Telecommunications and Information Administration (NTIA) - Middle Mile Program","0","","Yes","No"
"DOC","2024","National Telecommunications and Information Administration (NTIA) - Non-FirstNet Activity included in a) Public Safety Trust Fund; and b)Network Construction Fund","0","","No","No"
"DOC","2024","Office of Inspector General (OIG) - Department of Commerce","0","","Yes","No"
"DOC","2024","Office of the Secretary (OS) - Departmental Management","0","","Yes","No"
"DOC","2024","U.S Patent and Trademark Office (USPTO) - Patents and Trademarks","0","","No","No"
"DOC","2025","Bureau of Economic Analysis (BEA)","","","No","No"
"DOC","2025","Bureau of Industry and Security (BIS) - Dual Use Export Administration and Enforcement","","","No","No"
"DOC","2025","Bureau of Industry and Security (BIS)","","","No","No"
"DOC","2025","Census Bureau - Current Demographic Statistics","","","No","No"
"DOC","2025","Census Bureau - Current Economic Statistics","","","No","No"
"DOC","2025","Census Bureau - Decennial Census","","","No","No"
"DOC","2025","Census Bureau - Enterprise Data Capture and Dissemination System (EDCADS) - Census Personnel and Employment Check Systems","","","No","No"
"DOC","2025","Census Bureau - Enterprise Data Capture and Dissemination System (EDCADS) - Data Ingest and Collection for the Enterprise","","","No","No"
"DOC","2025","Census Bureau - Enterprise Data Capture and Dissemination System (EDCADS) - Enterprise Data Lake","","","No","No"
"DOC","2025","Census Bureau - Enterprise Data Capture and Dissemination System (EDCADS) - Enterprise Dissemination Services","","","No","No"
"DOC","2025","Census Bureau - Enterprise Data Capture and Dissemination System (EDCADS) - Research and Application","","","No","No"
"DOC","2025","Census Bureau - Enterprise Data Collection and Dissemination System (EDCADS) - Administrative Records Research and Integration","","","No","No"
"DOC","2025","Census Bureau - Geographic Support","","","No","No"
"DOC","2025","Census Bureau - Periodic Economic Statistics","","","No","No"
"DOC","2025","Census Bureau - State Children's Health Insurance Program","","","No","No"
"DOC","2025","Census Bureau - Survey of Program Dynamics","","","No","No"
"DOC","2025","Census Bureau - Working Capital Fund","","","No","No"
"DOC","2025","Census Bureau","","","No","No"
"DOC","2025","Economic Development Administration (EDA) - Grants","","","No","No"
"DOC","2025","Economic Development Administration (EDA) - Salaries and Expenses","","","No","No"
"DOC","2025","Economic Development Administration (EDA)","","","No","No"
"DOC","2025","International Trade Administration (ITA) - Enforcement and Compliance","","","No","No"
"DOC","2025","International Trade Administration (ITA) - Executive Direction and Administration","","","No","No"
"DOC","2025","International Trade Administration (ITA) - Global Markets","","","No","No"
"DOC","2025","International Trade Administration (ITA) - Industry and Analysis","","","No","No"
"DOC","2025","International Trade Administration (ITA)","","","No","No"
"DOC","2025","Minority Business Development Agency (MBDA) - Minority Business Development and Advocacy","","","No","No"
"DOC","2025","Minority Business Development Agency (MBDA) - Minority Business Development Grants","","","No","No"
"DOC","2025","Minority Business Development Agency (MBDA)","","","No","No"
"DOC","2025","National Institute of Standards and Technology (NIST) - Contracts/Purchase Orders","","","No","No"
"DOC","2025","National Institute of Standards and Technology (NIST) - Grants","","","No","No"
"DOC","2025","National Institute of Standards and Technology (NIST) - IPACs/Other/Miscellaneous","","","No","No"
"DOC","2025","National Institute of Standards and Technology (NIST) - Loans","","","No","No"
"DOC","2025","National Institute of Standards and Technology (NIST) - Other Transaction Agreements","","","No","No"
"DOC","2025","National Institute of Standards and Technology (NIST) - Payments to Employees","","","No","No"
"DOC","2025","National Institute of Standards and Technology (NIST) - Purchase Card","","","No","No"
"DOC","2025","National Institute of Standards and Technology (NIST)","","","No","No"
"DOC","2025","National Oceanic and Atmospheric Administration (NOAA) - Grants","","","No","No"
"DOC","2025","National Oceanic and Atmospheric Administration (NOAA) - Labor and Payments to Employees","","","No","No"
"DOC","2025","National Oceanic and Atmospheric Administration (NOAA) - Loans, IPACs, Other","","","No","No"
"DOC","2025","National Oceanic and Atmospheric Administration (NOAA) - Purchase Orders and Contracts","","","No","No"
"DOC","2025","National Oceanic and Atmospheric Administration (NOAA)","","","No","No"
"DOC","2025","National Technical Information Service (NTIS) - (Collect and Disseminate Technical Information - Clearinghouse Program)","","","No","No"
"DOC","2025","National Technical Information Service (NTIS)","","","No","No"
"DOC","2025","National Telecommunications and Information Administration (NTIA) - Broadband Equity, Access, and Deployment Program","","","No","No"
"DOC","2025","National Telecommunications and Information Administration (NTIA) - Broadband Infrastructure Program & Tribal Broadband Connectivity Program","","","No","No"
"DOC","2025","National Telecommunications and Information Administration (NTIA) - Broadband Technology Opportunities Program","","","No","No"
"DOC","2025","National Telecommunications and Information Administration (NTIA) - Connecting Minority Communities Pilot Program","","","No","No"
"DOC","2025","National Telecommunications and Information Administration (NTIA) - Digital Equity Program","","","No","No"
"DOC","2025","National Telecommunications and Information Administration (NTIA) - Digital Television Transition and Public Safety Fund, excluding TV Converter Box Coupon Program and Public Safety Interoperable Communications","","","No","No"
"DOC","2025","National Telecommunications and Information Administration (NTIA) - Domestic and International Policies and Advanced Communications Research; Spectrum Management; Public Safety Communications","","","No","No"
"DOC","2025","National Telecommunications and Information Administration (NTIA) - First Responder Network Authority","","","No","No"
"DOC","2025","National Telecommunications and Information Administration (NTIA) - Middle Mile Program","","","No","No"
"DOC","2025","National Telecommunications and Information Administration (NTIA) - Non-FirstNet Activity included in a) Public Safety Trust Fund; and b) Network Construction Fund","","","No","No"
"DOC","2025","National Telecommunications and Information Administration (NTIA) - Public Telecommunications Facilities Program","","","No","No"
"DOC","2025","National Telecommunications and Information Administration (NTIA) - Public Wireless Supply Chain Innovation Fund","","","No","No"
"DOC","2025","National Telecommunications and Information Administration (NTIA) - Special Projects","","","No","No"
"DOC","2025","National Telecommunications and Information Administration (NTIA) - State and Local Grant Implementation Program","","","No","No"
"DOC","2025","National Telecommunications and Information Administration (NTIA)","","","No","No"
"DOC","2025","Office of Inspector General (OIG) - Department of Commerce","","","No","No"
"DOC","2025","Office of the Secretary (OS) - Departmental Management","","","No","No"
"DOC","2025","Office of the Secretary (OS)","","","No","No"
"DOC","2025","U.S. Patent and Trademark Office (USPTO) - Patents and Trademarks","","","No","No"
"DOC","2025","U.S. Patent and Trademark Office","","","No","No"
"DOE","2019","Benefits - Payroll","","No","",""
"DOE","2019","Benefits - Travel","","No","",""
"DOE","2019","Financial Assistance Awards","","No","",""
"DOE","2019","Loans","","No","",""
"DOE","2019","Other","","No","",""
"DOE","2019","Vendors/Contracts","","No","",""
"DOE","2020","Benefits - Payroll","","NO","",""
"DOE","2020","Benefits - Travel","","NO","",""
"DOE","2020","Financial Assistance Awards","","NO","",""
"DOE","2020","Loans","","NO","",""
"DOE","2020","Other","","NO","",""
"DOE","2020","Vendors/Contracts","","NO","",""
"DOE","2021","Benefits - Payroll","","No","",""
"DOE","2021","Benefits - Travel","","No","",""
"DOE","2021","Financial Assistance Awards","","No","",""
"DOE","2021","Loans","","No","",""
"DOE","2021","Other","","No","",""
"DOE","2021","Vendors/Contracts","","No","",""
"DOE","2022","Benefits - Payroll","0","No","",""
"DOE","2022","Financial Assistance Awards","0","No","",""
"DOE","2022","Other","0","No","",""
"DOE","2022","Vendors/Contracts","0","No","",""
"DOE","2023","Benefits - Payroll","0","","Yes","No"
"DOE","2023","Benefits - Travel","0","","Yes","No"
"DOE","2023","Financial Assistance Awards","0","","Yes","No"
"DOE","2023","Loans","0","","No","No"
"DOE","2023","Other","0","","Yes","No"
"DOE","2023","Vendors/Contracts","0","","Yes","No"
"DOE","2024","Benefits - Payroll","0","","Yes","No"
"DOE","2024","Benefits - Travel","0","","Yes","No"
"DOE","2024","Financial Assistance Awards","0","","Yes","No"
"DOE","2024","Loans","0","","Yes","No"
"DOE","2024","Other","0","","Yes","No"
"DOE","2024","Vendors/Contracts","0","","Yes","No"
"DOE","2025","Benefits - Payroll","0","","Yes","No"
"DOE","2025","Benefits - Travel","0","","Yes","No"
"DOE","2025","Financial Assistance Awards","0","","Yes","No"
"DOE","2025","Loans","","","No","No"
"DOE","2025","Other","0","","Yes","No"
"DOE","2025","Vendors/Contracts","0","","Yes","No"
"DOI","2019","Abandoned Mine Reclamation Fund, Office of Surface Mining Reclamation and Enforcement, Interior - Federal Regulatory and Reclamation Programs for Oklahoma - 22XS501520, 23XS501520","","No","",""
"DOI","2019","All Programs, U.S. Geological Survey, Interior","","No","",""
"DOI","2019","Assistance to Territories, Insular Affairs, Interior","","No","",""
"DOI","2019","California Water Security and Environmental Enhancement","","No","",""
"DOI","2019","Central Utah Project Completion Account - Recovery Act, Bureau of Reclamation, Interior","","No","",""
"DOI","2019","Childcare Entitlement to States, Health and Human Services","","No","",""
"DOI","2019","Colorado River Basin Act of 1968","","No","",""
"DOI","2019","Colorado River Dam Fund, Boulder Canyon Project, Bureau of Reclamation, Interior","","No","",""
"DOI","2019","Compact of Free Association, Insular Affairs, Interior","","No","",""
"DOI","2019","Concessioner Improvement Accounts, National Park Service, Interior","","No","",""
"DOI","2019","Construction, National Park Service, Interior - Disaster Supplement 22XP10395H, 23XP10395H","","No","",""
"DOI","2019","Construction, United States Fish and Wildlife Service, Interior - DISASTER SUPPLEMENTAL APPROP 23XF1612CE","","No","",""
"DOI","2019","Contract Support Costs, Bureau of Indian Affairs and Bureau of Indian Education, Interior","","No","",""
"DOI","2019","Contribution for Annuity Benefits, National Park Service, Interior","","No","",""
"DOI","2019","Cooperative Endangered Species Conservation Fund, United States Fish and Wildlife Service","","No","",""
"DOI","2019","Department Offices, Administrative Operations, Interior","","No","",""
"DOI","2019","Departmental Operations, Land and Water Conservation Fund, Departmental Offices, Interior","","No","",""
"DOI","2019","Departmental Operations, Office of the Secretary, Interior","","No","",""
"DOI","2019","Donations, National Park Service, Interior","","No","",""
"DOI","2019","Emergency Relief, Interior","","No","",""
"DOI","2019","Federal Aid to Wildlife Restoration, United States Fish and Wildlife Service","","No","",""
"DOI","2019","Federal Aid-Highways (Liquidation of Contract Authorization), Bureau of Indian Affairs, Interior","","No","",""
"DOI","2019","Federal Aid-Highways (Liquidation of Contract Authorization), National Park Service, Interior","","No","",""
"DOI","2019","Helium Fund, Bureau of Land Management, Interior","","No","",""
"DOI","2019","Historic Preservation Fund Grants-In-Aid","","No","",""
"DOI","2019","Hurricane Sandy Supplemental, National Park Service, Interior","","No","",""
"DOI","2019","Indian Guaranteed Loan Program Account, Bureau of Indian Affairs and Bureau of Indian Education, Interior","","No","",""
"DOI","2019","Indian Land and Water Claim Settlements and Miscellaneous Payments to Indians, Bureau of Indian Affairs and Bureau of Indian Education, Interior","","No","",""
"DOI","2019","Indian Land Consolidation, Bureau of Indian Affairs, Interior","","No","",""
"DOI","2019","Interior Franchise Fund, Departmental Management, Interior","","No","",""
"DOI","2019","Land Acquisition and State Assistance, National Park Service","","No","",""
"DOI","2019","Land Acquisition, Bureau of Land Management, Interior","","No","",""
"DOI","2019","Land Acquisition, United States Fish and Wildlife Service","","No","",""
"DOI","2019","Land and Resources Management Trust Fund, Bureau of Land Management, Interior","","No","",""
"DOI","2019","Land Buy Back, Interior","","No","",""
"DOI","2019","Management of Lands and Resources, Bureau of Land Management, Interior - IRA 221L1109H3, 221L1109H4, 223L1109AF, 226L1109H5, 234L1109AF, 23XL1109A1, 23XL1109HF","","No","",""
"DOI","2019","Migratory Bird Conservation Account, U.S. Fish and Wildlife Service, Interior","","No","",""
"DOI","2019","National Fire Plan-Wildland Urban Interface Community Fire Assistance","","No","",""
"DOI","2019","National Indian Gaming Commission, Gaming Activity Fees, Interior","","No","",""
"DOI","2019","National Parks and Public Land Legacy Restoration Fund, Department-Wide Programs, Interior","","No","",""
"DOI","2019","National Wildlife Refuge Fund, U.S. Fish and Wildlife Service, Interior","","No","",""
"DOI","2019","Natural Resource Damage Assessment Fund, Natural Resource Damage Assessment and Restoration, Interior","","No","",""
"DOI","2019","Natural Resource Damage Assessment Program, U.S. Fish and Wildlife Service, Interior","","No","",""
"DOI","2019","North American Wetlands Conservation Fund, United States Fish and Wildlife Service","","No","",""
"DOI","2019","Office of Inspector General Operations, Interior","","No","",""
"DOI","2019","Office of the Solicitor Operations, Interior","","No","",""
"DOI","2019","Office of the Special Trustee for American Indians Operations, Interior","","No","",""
"DOI","2019","Offshore Safety and Environmental Enforcement, Bureau of Safety and Environmental Enforcement, Interior - 234E1700D2","","No","",""
"DOI","2019","Oil Spill Research, Bureau of Safety and Environmental Enforcement, Interior","","No","",""
"DOI","2019","Operation and Maintenance of Quarters, Interior","","No","",""
"DOI","2019","Operation and Maintenance, Indian Irrigation Systems, Bureau of Indian Affairs (T), Interior - BIL 5240-A000","","No","",""
"DOI","2019","Operation of Indian Programs, Bureau of Indian Affairs and Bureau of Indian Education, Interior - BIL 221A2100S1, 221A2100S3","","No","",""
"DOI","2019","Operation of the National Park System, National Park Service, Interior - IRA 20P10361B, 221P10361C, 221P10361D, 226P10361E","","No","",""
"DOI","2019","Oregon and California Grant Lands, Bureau of Land Management, Interior","","No","",""
"DOI","2019","Pacific Northwest and Hawaiian Islands Arts","","No","",""
"DOI","2019","Park Concession Franchise Fees, National Park Service, Interior","","No","",""
"DOI","2019","Payment to States for the Child Care and Development Block Grant, Administration for Children and Families, Health and Human Services, Bureau of Indian Affairs, Interior","","No","",""
"DOI","2019","Payment to the United States Territories, Fiscal Assistance, Insular Affairs, Interior","","No","",""
"DOI","2019","Payments in Lieu of Taxes, Departmental Management, Interior","","No","",""
"DOI","2019","Payments to Counties Oregon and California Grant Lands, Interior","","No","",""
"DOI","2019","Payments to State and County from Clark County, Nevada Land Sales, Bureau of Land Management, Interior","","No","",""
"DOI","2019","Payments to States in Lieu of Coal Fee Receipts, Office of Surface Mining Reclamation and Enforcement, Interior","","No","",""
"DOI","2019","Permit Processing Fund, Bureau of Land Management, Interior","","No","",""
"DOI","2019","Policy and Administration, Bureau of Reclamation, Interior","","No","",""
"DOI","2019","Power Systems, Indian Irrigation Projects, Bureau of Indian Affairs, Interior - BIL 5648-A000","","No","",""
"DOI","2019","Recreation Enhancement Fee Program, Bureau of Land Management, Interior","","No","",""
"DOI","2019","Recreation Enhancement Fee Program, National Park Service, Interior","","No","",""
"DOI","2019","Regulation and Technology, Office of Surface Mining Reclamation and Enforcement, Interior - Federal Regulatory and Reclamation Programs for Oklahoma - 223S180110, 234S180110","","No","",""
"DOI","2019","Resource Management, United States Fish and Wildlife Service, Interior - BIL 23XF1611WF, 23XF1611BC, 23XF1611BL","","No","",""
"DOI","2019","Royalty Offshore, Interior","","No","",""
"DOI","2019","Service Charges, Deposits and Forfeitures, Bureau of Land Management, Interior","","No","",""
"DOI","2019","Southern Nevada Public Land Management, Bureau of Land Management","","No","",""
"DOI","2019","Sport Fish Restoration Account, United States Fish and Wildlife Service","","No","",""
"DOI","2019","State Wildlife Grants","","No","",""
"DOI","2019","Supplemental Payments to United Mine Workers of America (UMWA) Health Plans, Office of Surface Mining Reclamation and Enforcement, Interior","","No","",""
"DOI","2019","Temporary Assistance for Needy Families, Interior","","No","",""
"DOI","2019","Training and Employment Services, Employment and Training Administration, Interior","","No","",""
"DOI","2019","Transportation Systems Fund, National Park Service, Interior","","No","",""
"DOI","2019","Upper Colorado and San Juan River Basins Endangered Fish Recovery","","No","",""
"DOI","2019","Utah Reclamation Mitigation and Conservation Account, Interior","","No","",""
"DOI","2019","Wildfire Management, Bureau of Land Management, Interior","","No","",""
"DOI","2019","Wildfire Management, National Park Service, Interior","","No","",""
"DOI","2019","Wildland Fire Management, U.S. Fish and Wildlife Service, Interior","","No","",""
"DOI","2019","Wildland Fire, Bureau of Indian Affairs, Interior","","No","",""
"DOI","2019","Working Capital Fund, Bureau of Land Management, Interior","","No","",""
"DOI","2019","Working Capital Fund, Bureau of Reclamation","","No","",""
"DOI","2019","Working Capital Fund, Bureau of Reclamation, Interior","","No","",""
"DOI","2019","Working Capital Fund, Departmental Management, Interior","","No","",""
"DOI","2019","Working Capital Fund, U.S. Geological Survey, Interior","","No","",""
"DOI","2020","Centennial Challenge, National Park Service, Interior","","NO","",""
"DOI","2020","Multinational Species Conservation Fund, U.S. Fish and Wildlife Service, Interior","","NO","",""
"DOI","2020","Operation of Indian Education Programs, Bureau of Indian Education, Interior","","NO","",""
"DOI","2021","Abandoned Mine Reclamation Fund, Office of Surface Mining Reclamation and Enforcement, Interior - Federal Regulatory and Reclamation Programs for Oklahoma - 22XS501520, 23XS501520","","No","",""
"DOI","2021","California Water Security and Environmental Enhancement","","No","",""
"DOI","2021","Central Utah Project Completion Account - Recovery Act, Bureau of Reclamation, Interior","","No","",""
"DOI","2021","Colorado River Basin Act of 1968","","No","",""
"DOI","2021","Colorado River Dam Fund, Boulder Canyon Project, Bureau of Reclamation, Interior","","No","",""
"DOI","2021","Construction, National Park Service, Interior - Disaster Supplement 22XP10395H, 23XP10395H","","No","",""
"DOI","2021","Construction, United States Fish and Wildlife Service, Interior - DISASTER SUPPLEMENTAL APPROP 23XF1612CE","","No","",""
"DOI","2021","Departmental Operations, Office of the Secretary, Interior","","No","",""
"DOI","2021","Indian Guaranteed Loan Program Account, Bureau of Indian Affairs and Bureau of Indian Education, Interior","","No","",""
"DOI","2021","Land Acquisition and State Assistance, National Park Service","","No","",""
"DOI","2021","Oil Spill Research, Bureau of Safety and Environmental Enforcement, Interior","","No","",""
"DOI","2021","Operation of Indian Education Programs, Bureau of Indian Education, Interior","","No","",""
"DOI","2021","Operation of Indian Programs, Bureau of Indian Affairs and Bureau of Indian Education, Interior - BIL 221A2100S1, 221A2100S3","","No","",""
"DOI","2021","Outer Continental Shelf Revenues, Land and Water Conservation Fund (LWCF) Share from Certain Leases, National Park Service, Interior","","No","",""
"DOI","2021","Payments to States in Lieu of Coal Fee Receipts, Office of Surface Mining Reclamation and Enforcement, Interior","","No","",""
"DOI","2021","Policy and Administration, Bureau of Reclamation, Interior","","No","",""
"DOI","2021","Reclamation Trust Funds, Bureau of Reclamation, Interior","","No","",""
"DOI","2021","Reclamation Water Settlements Fund, Bureau of Reclamation, Interior","","No","",""
"DOI","2021","Regulation and Technology, Office of Surface Mining Reclamation and Enforcement, Interior - Federal Regulatory and Reclamation Programs for Oklahoma - 223S180110, 234S180110","","No","",""
"DOI","2021","Selis-Qlispe Ksanka Settlement Trust Fund","","No","",""
"DOI","2021","Supplemental Payments to United Mine Workers of America (UMWA) Health Plans, Office of Surface Mining Reclamation and Enforcement, Interior","","No","",""
"DOI","2021","Surveys, Investigations, and Research, Geological Survey, Interior - BIL 224G0804ID, 22XG0804ID, 235G0804ID","","No","",""
"DOI","2021","Upper Colorado and San Juan River Basins Endangered Fish Recovery","","No","",""
"DOI","2021","Utah Reclamation Mitigation and Conservation Account, Bureau of Reclamation, Interior","","No","",""
"DOI","2021","Working Capital Fund, Bureau of Reclamation, Interior","","No","",""
"DOI","2022","Abandoned Mine Reclamation Fund, Office of Surface Mining Reclamation and Enforcement, Interior - Federal Regulatory and Reclamation Programs for Oklahoma - 22XS501520, 23XS501520","0","No","",""
"DOI","2022","Assistance to Territories, Insular Affairs, Interior","0","No","",""
"DOI","2022","California Water Security and Environmental Enhancement","0","No","",""
"DOI","2022","Central Utah Project Completion Account - Recovery Act, Bureau of Reclamation, Interior","0","No","",""
"DOI","2022","Child Care Entitlement to States, Administration for Children and Families, Health and Human Services for Bureau of Indian Affairs, Interior","0","No","",""
"DOI","2022","Colorado River Basin Act of 1968","0","No","",""
"DOI","2022","Colorado River Dam Fund, Boulder Canyon Project, Bureau of Reclamation, Interior","0","No","",""
"DOI","2022","Compact of Free Association, Insular Affairs, Interior","0","No","",""
"DOI","2022","Construction, National Park Service, Interior - Disaster Supplement 22XP10395H, 23XP10395H","0","No","",""
"DOI","2022","Construction, United States Fish and Wildlife Service, Interior - DISASTER SUPPLEMENTAL APPROP 23XF1612CE","0","No","",""
"DOI","2022","Contract Support Costs, Bureau of Indian Affairs and Bureau of Indian Education, Interior","0","No","",""
"DOI","2022","Contribution for Annuity Benefits, National Park Service, Interior","0","No","",""
"DOI","2022","Cooperative Endangered Species Conservation Fund, from Land and Water Conservation Fund, U.S. Fish and Wildlife Service, Interior","0","No","",""
"DOI","2022","Cooperative Endangered Species Conservation Fund, United States Fish and Wildlife Service","0","No","",""
"DOI","2022","Departmental Operations, Land and Water Conservation Fund, Departmental Offices, Interior","0","No","",""
"DOI","2022","Departmental Operations, Office of the Secretary, Interior","0","No","",""
"DOI","2022","Departmental Operations, Office of the Secretary, National Park Service, Interior","0","No","",""
"DOI","2022","Departmental Operations, Office of the Secretary, U.S. Fish and Wildlife Service, Interior","0","No","",""
"DOI","2022","Departmental Operations, Office of the Secretary, U.S. Geological Survey, Interior","0","No","",""
"DOI","2022","Donations, National Park Service, Interior","0","No","",""
"DOI","2022","Education Construction, Bureau of Indian Affairs and Bureau of Indian Education, Interior","0","No","",""
"DOI","2022","Federal Aid to Wildlife Restoration, United States Fish and Wildlife Service","0","No","",""
"DOI","2022","Federal Aid-Highways (Liquidation of Contract Authorization) DOT, U.S. Fish and Wildlife Service, Interior","0","No","",""
"DOI","2022","Federal Aid-Highways (Liquidation of Contract Authorization), Bureau of Indian Affairs, Interior","0","No","",""
"DOI","2022","Federal Aid-Highways (Liquidation of Contract Authorization), National Park Service, Interior","0","No","",""
"DOI","2022","Federal Trust Programs, Bureau of Trust Funds Administration, Interior","0","No","",""
"DOI","2022","Funds Reserved, Oregon and California Grant Lands, Bureau of Land Management, Interior","0","No","",""
"DOI","2022","Guaranteed Loan Financing Account, Bureau of Indian Affairs, Interior","0","No","",""
"DOI","2022","Helium Fund, Bureau of Land Management, Interior","0","No","",""
"DOI","2022","Highway Infrastructure Programs, Federal Highway Administration, Transportation, Bureau of Indian Affairs, Interior","0","No","",""
"DOI","2022","Historic Preservation Fund Grants-In-Aid","0","No","",""
"DOI","2022","Indian Guaranteed Loan Program Account, Bureau of Indian Affairs and Bureau of Indian Education, Interior","0","No","",""
"DOI","2022","Indian Land and Water Claim Settlements and Miscellaneous Payments to Indians, Bureau of Indian Affairs and Bureau of Indian Education, Interior","0","No","",""
"DOI","2022","Interior Franchise Fund, Departmental Management, Interior","0","No","",""
"DOI","2022","Land Acquisition and State Assistance, National Park Service","0","No","",""
"DOI","2022","Land Acquisition, Bureau of Land Management, Interior","0","No","",""
"DOI","2022","Land Acquisition, United States Fish and Wildlife Service","0","No","",""
"DOI","2022","Land and Resources Management Trust Fund, Bureau of Land Management, Interior","0","No","",""
"DOI","2022","Management of Lands and Resources, Bureau of Land Management, Interior - IRA 221L1109H3, 221L1109H4, 223L1109AF, 226L1109H5, 234L1109AF, 23XL1109A1, 23XL1109HF","0","No","",""
"DOI","2022","Migratory Bird Conservation Account, U.S. Fish and Wildlife Service, Interior","0","No","",""
"DOI","2022","National Fire Plan-Wildland Urban Interface Community Fire Assistance","0","No","",""
"DOI","2022","National Indian Gaming Commission, Gaming Activity Fees, Interior","0","No","",""
"DOI","2022","National Parks and Public Land Legacy Restoration Fund, Department-Wide Programs, Interior - GAOA XXXP571550","0","No","",""
"DOI","2022","National Parks and Public Land Legacy Restoration Fund, Department-Wide Programs, Interior","0","No","",""
"DOI","2022","National Parks and Public Land Legacy Restoration Fund, Department-Wide Programs, National Park Service, Interior","0","No","",""
"DOI","2022","National Parks and Public Land Legacy Restoration Fund, Department-Wide Programs, U.S. Fish and Wildlife Services, Interior","0","No","",""
"DOI","2022","National Wildlife Refuge Fund, U.S. Fish and Wildlife Service, Interior","0","No","",""
"DOI","2022","Natural Resource Damage Assessment and Restoration Fund, U.S. Fish and Wildlife Service, Interior","0","No","",""
"DOI","2022","Natural Resource Damage Assessment Fund, Natural Resource Damage Assessment and Restoration, Interior","0","No","",""
"DOI","2022","North American Wetlands Conservation Fund, United States Fish and Wildlife Service","0","No","",""
"DOI","2022","Ocean Energy Management, Bureau of Ocean Energy Management, Interior - IRA 226M19175D","0","No","",""
"DOI","2022","Office of Natural Resources Revenue, Department-Wide Programs, Interior","0","No","",""
"DOI","2022","Offshore Safety and Environmental Enforcement, Bureau of Safety and Environmental Enforcement, Interior - 234E1700D2","0","No","",""
"DOI","2022","Oil Spill Research, Bureau of Safety and Environmental Enforcement, Interior","0","No","",""
"DOI","2022","Operation and Maintenance of Quarters, National Park Service, Interior","0","No","",""
"DOI","2022","Operation and Maintenance, Indian Irrigation Systems, Bureau of Indian Affairs (T), Interior - BIL 5240-A000","0","No","",""
"DOI","2022","Operation of Indian Education Programs, Bureau of Indian Education, Interior","0","No","",""
"DOI","2022","Operation of Indian Programs, Bureau of Indian Affairs and Bureau of Indian Education, Interior - BIL 221A2100S1, 221A2100S3","0","No","",""
"DOI","2022","Operation of the National Park System, National Park Service, Interior - IRA 20P10361B, 221P10361C, 221P10361D, 226P10361E","0","No","",""
"DOI","2022","Oregon and California Grant Lands, Bureau of Land Management, Interior","0","No","",""
"DOI","2022","Outer Continental Shelf Revenues, Land and Water Conservation Fund (LWCF) Share from Certain Leases, National Park Service, Interior","0","No","",""
"DOI","2022","Pacific Northwest and Hawaiian Islands Arts","0","No","",""
"DOI","2022","Park Concession Franchise Fees, National Park Service, Interior","0","No","",""
"DOI","2022","Payment to States for the Child Care and Development Block Grant, Administration for Children and Families, Health and Human Services, Bureau of Indian Affairs, Interior","0","No","",""
"DOI","2022","Payment to the United States Territories, Fiscal Assistance, Insular Affairs, Interior","0","No","",""
"DOI","2022","Payments for Tribal Leases, Bureau of Indian Affairs, Interior","0","No","",""
"DOI","2022","Payments in Lieu of Taxes, Departmental Management, Interior","0","No","",""
"DOI","2022","Payments to States in Lieu of Coal Fee Receipts, Office of Surface Mining Reclamation and Enforcement, Interior","0","No","",""
"DOI","2022","Permit Processing Fund, Bureau of Land Management, Interior","0","No","",""
"DOI","2022","Policy and Administration, Bureau of Reclamation, Interior","0","No","",""
"DOI","2022","Power Systems, Indian Irrigation Projects, Bureau of Indian Affairs, Interior - BIL 5648-A000","0","No","",""
"DOI","2022","Reclamation Water Settlements Fund, Bureau of Reclamation, Interior","0","No","",""
"DOI","2022","Recreation Enhancement Fee Program, Bureau of Land Management, Interior","0","No","",""
"DOI","2022","Recreation Enhancement Fee Program, National Park Service, Interior","0","No","",""
"DOI","2022","Regulation and Technology, Office of Surface Mining Reclamation and Enforcement, Interior - Federal Regulatory and Reclamation Programs for Oklahoma - 223S180110, 234S180110","0","No","",""
"DOI","2022","Resource Management, United States Fish and Wildlife Service, Interior - BIL 23XF1611WF, 23XF1611BC, 23XF1611BL","0","No","",""
"DOI","2022","Salaries and Expenses, Office of the Inspector General, Interior","0","No","",""
"DOI","2022","Salaries and Expenses, Office of the Solicitor, Interior","0","No","",""
"DOI","2022","Selis-Qlispe Ksanka Settlement Trust Fund","0","No","",""
"DOI","2022","Service Charges, Deposits and Forfeitures, Bureau of Land Management, Interior","0","No","",""
"DOI","2022","Southern Nevada Public Land Management, Bureau of Land Management","0","No","",""
"DOI","2022","Sport Fish Restoration Account, United States Fish and Wildlife Service","0","No","",""
"DOI","2022","State Wildlife Grants","0","No","",""
"DOI","2022","Supplemental Payments to United Mine Workers of America (UMWA) Health Plans, Office of Surface Mining Reclamation and Enforcement, Interior","0","No","",""
"DOI","2022","Surveys, Investigations, and Research, Geological Survey, Interior - BIL 224G0804ID, 22XG0804ID, 235G0804ID","0","No","",""
"DOI","2022","Temporary Assistance for Needy Families, Interior","0","No","",""
"DOI","2022","Training and Employment Services, Employment and Training Administration, Interior","0","No","",""
"DOI","2022","Transportation Systems Fund, National Park Service, Interior","0","No","",""
"DOI","2022","Trust Land Consolidation Fund, Bureau of Trust Funds Administration, Interior","0","No","",""
"DOI","2022","Upper Colorado and San Juan River Basins Endangered Fish Recovery","0","No","",""
"DOI","2022","Utah Navajo Settlement Trust Fund - Infrastructure Investment and Jobs Act, Bureau of Indian Affairs, Interior","0","No","",""
"DOI","2022","Utah Reclamation Mitigation and Conservation Account, Interior","0","No","",""
"DOI","2022","White Mountain Apache Fund Settlement Fund, Bureau of Indian Affairs, Interior","0","No","",""
"DOI","2022","Wildfire Management, Bureau of Land Management, Interior","0","No","",""
"DOI","2022","Wildfire Management, National Park Service, Interior","0","No","",""
"DOI","2022","Wildland Fire Management, U.S. Fish and Wildlife Service, Interior","0","No","",""
"DOI","2022","Wildland Fire, Bureau of Indian Affairs, Interior","0","No","",""
"DOI","2022","Working Capital Fund, Bureau of Land Management, Interior","0","No","",""
"DOI","2022","Working Capital Fund, Bureau of Reclamation","0","No","",""
"DOI","2022","Working Capital Fund, Bureau of Reclamation, Interior","0","No","",""
"DOI","2022","Working Capital Fund, Departmental Management, Interior","0","No","",""
"DOI","2022","Working Capital Fund, U.S. Geological Survey, Interior","0","No","",""
"DOI","2023","Construction, National Park Service, Interior - Disaster Supplement 22XP10395H, 23XP10395H","0","","Yes","No"
"DOI","2023","Energy Community Revitalization Program, Department-Wide Programs, Interior","0","","Yes","No"
"DOI","2023","Management of Lands and Resources, Bureau of Land Management, Interior - IRA 221L1109H3, 221L1109H4, 223L1109AF, 226L1109H5, 234L1109AF, 23XL1109A1, 23XL1109HF","0","","Yes","No"
"DOI","2023","National Parks And Public Land Legacy Restoration Fund, Department-Wide Programs, Interior - GAOA 1414X5715.011","0","","Yes","No"
"DOI","2023","National Parks and Public Land Legacy Restoration Fund, Department-Wide Programs, Interior - GAOA XXXP571550","0","","Yes","No"
"DOI","2023","Operation and Maintenance, Indian Irrigation Systems, Bureau of Indian Affairs (T), Interior - BIL 5240-A000","0","","Yes","No"
"DOI","2023","Power Systems, Indian Irrigation Projects, Bureau of Indian Affairs, Interior - BIL 5648-A000","0","","Yes","No"
"DOI","2023","San Gabriel Basin Restoration Fund, Department of the Interior, Bureau of Reclamation, Interior","0","","Yes","No"
"DOI","2023","Surveys, Investigations, and Research, Geological Survey, Interior - BIL 224G0804ID, 22XG0804ID, 235G0804ID","0","","Yes","No"
"DOI","2023","Water and Related Resources, Bureau of Reclamation, Interior - BIL 22XR06801A, 22XR06801B, 22XR06801F, 22XR06801H, 22XR06801J, 22XR06801K, 22XR06801L, 22XR06801M, 22XR06801N, 22XR06801P, 22XR06801Q, 22XR06801S, 22XR06801T, 22XR06801U, 22XR06801W, 22XR0680Z","0","","Yes","No"
"DOI","2023","Water and Related Resources, Bureau of Reclamation, Interior - IRA 226R068081","0","","Yes","No"
"DOI","2023","Wildland Fire Management, Department-Wide Programs, Interior - BIL 20XP11258C; 21XP11258C; 22XP1125D1, DS, 8C; 23XP1125D1, DS, 8C","0","","Yes","No"
"DOI","2023","Wildland Fire Management, Department-Wide Programs, Interior - BIL 22XA1125BI, 23XA1125BI","0","","Yes","No"
"DOI","2023","Wildland Fire Management, Department-Wide Programs, Interior - BIL 22XL1125DI, 23XL1125DI","0","","Yes","No"
"DOI","2024","Aging Infrastructure Account, Bureau of Reclamation, Interior","0","","Yes","No"
"DOI","2024","Good Neighbor Authority","0","","Yes","No"
"DOI","2024","Historic Preservation Fund Grants-In-Aid","0","","Yes","No"
"DOI","2024","Management of Lands and Resources, Bureau of Land Management, Interior - IRA","0","","Yes","No"
"DOI","2024","National Fire Plan-Wildland Urban Interface Community Fire Assistance","0","","Yes","No"
"DOI","2024","National Parks and Public Land Legacy Restoration Fund, Department-Wide Programs, Bureau of Land Management, Interior - GAOA","0","","Yes","No"
"DOI","2024","National Parks and Public Land Legacy Restoration Fund, Department-Wide Programs, Interior","0","","Yes","No"
"DOI","2024","Payments in Lieu of Coal Fee Receipts, Office of Surface Mining Reclamation and Enforcement","0","","Yes","No"
"DOI","2024","Resource Management, United States Fish and Wildlife Service, Interior - BIL","0","","Yes","No"
"DOI","2024","Resource Management, United States Fish and Wildlife Service, Interior - IRA","0","","Yes","No"
"DOI","2024","Wildland Fire Management, Department-Wide Programs, Bureau of Land Management, Interior - BIL","0","","Yes","No"
"DOI","2025","8(g) State Coastal Zone","","","No","No"
"DOI","2025","9/11 Memorial Act Grant Program","","","No","No"
"DOI","2025","Abandoned Hardrock Mine Reclamation (AHMR/AML) Grants","","","No","No"
"DOI","2025","Abandoned Mine Reclamation Fund, Office of Surface Mining Reclamation and Enforcement","0","","Yes","No"
"DOI","2025","Adaptive Science","","","No","No"
"DOI","2025","Administrative Cost Grants for Indian Schools","","","No","No"
"DOI","2025","African Elephant Conservation Fund","","","No","No"
"DOI","2025","Aging Infrastructure Account, Bureau of Reclamation, Interior","","","No","No"
"DOI","2025","Agricultural Water Use Efficiency Program","","","No","No"
"DOI","2025","Agriculture on Indian Lands","","","No","No"
"DOI","2025","Alaska Coastal Marine Institute","","","No","No"
"DOI","2025","Alaska Migratory Bird Co-Management Council","","","No","No"
"DOI","2025","Alaska Native Science and Engineering","","","No","No"
"DOI","2025","Alaska Settlement Agreement","","","No","No"
"DOI","2025","Alaska Subsistence Management","","","No","No"
"DOI","2025","American Battlefield Protection","","","No","No"
"DOI","2025","Applied Science Grants","","","No","No"
"DOI","2025","Aquatic Ecosystem Restoration Program","","","No","No"
"DOI","2025","Aquatics Resources Management","","","No","No"
"DOI","2025","Asian Elephant Conservation Fund","","","No","No"
"DOI","2025","Assistance to State Water Resources Research Institutes","","","No","No"
"DOI","2025","Assistance to Territories, Insular Affairs, Interior","0","","Yes","No"
"DOI","2025","Attorney Fees Indian Rights","","","No","No"
"DOI","2025","Battlefield Land Acquisition Grants","","","No","No"
"DOI","2025","Bay-Delta Restoration Program","","","No","No"
"DOI","2025","BIA Wildland Urban Interface Community Fire Assistance","","","No","No"
"DOI","2025","Blackfeet Water Rights Settlement","","","No","No"
"DOI","2025","Boston African-American National Historic Site","","","No","No"
"DOI","2025","Bureau of Ocean Energy Management Renewable Energy","","","No","No"
"DOI","2025","California Bay-Delta Restoration, Bureau of Reclamation, Interior","0","","Yes","No"
"DOI","2025","California Refuge Account","","","No","No"
"DOI","2025","California Water Security and Environmental Enhancement","","","No","No"
"DOI","2025","Candidate Species Conservation","","","No","No"
"DOI","2025","Centennial Challenge, National Park Service, Interior","0","","Yes","No"
"DOI","2025","Central Africa Regional","","","No","No"
"DOI","2025","Central Hazardous Materials Fund, Department-Wide Programs, Interior","","","No","No"
"DOI","2025","Central Utah Project Completion Account, Interior","","","No","No"
"DOI","2025","Central Valley Project Conservation","","","No","No"
"DOI","2025","Central Valley Project Improvement Act (CVPIA)","","","No","No"
"DOI","2025","Central Valley Project Restoration Fund, Bureau of Reclamation","0","","Yes","No"
"DOI","2025","Central Valley, Trinity River Division, Trinity River Fish and Wildlife Management","","","No","No"
"DOI","2025","Challenge Cost Share","","","No","No"
"DOI","2025","Chesapeake Bay Gateways Network","","","No","No"
"DOI","2025","Child Care Entitlement to States, Administration for Children and Families, Health and Human Services","0","","Yes","No"
"DOI","2025","Children and Families Services Programs, Administration for Children and Families, Health and Human Services","","","No","No"
"DOI","2025","Clean Vessel Act","","","No","No"
"DOI","2025","Coastal Impact Assistance","","","No","No"
"DOI","2025","Coastal Wetlands Planning, Protection and Restoration","","","No","No"
"DOI","2025","Colorado River Basin Act of 1968","","","No","No"
"DOI","2025","Colorado River Dam Fund, Boulder Canyon Project, Bureau of Reclamation","0","","Yes","No"
"DOI","2025","Colorado River System Conservation Pilot","","","No","No"
"DOI","2025","Colorado Ute Indian Water Rights Settlement Act","","","No","No"
"DOI","2025","Combating Wildlife Trafficking","","","No","No"
"DOI","2025","Compact of Free Association, Insular Affairs, Interior","0","","Yes","No"
"DOI","2025","Construction, Bureau of Indian Affairs and Bureau of Indian Education, Interior","0","","Yes","No"
"DOI","2025","Construction, National Park Service, Interior","0","","Yes","No"
"DOI","2025","Construction, United States Fish and Wildlife Service","0","","Yes","No"
"DOI","2025","Contract Support Costs, Bureau of Indian Affairs and Bureau of Indian Education, Interior","0","","Yes","No"
"DOI","2025","Contribution for Annuity Benefits, National Park Service, Interior","0","","Yes","No"
"DOI","2025","Cooperative Agriculture","","","No","No"
"DOI","2025","Cooperative Ecosystem Studies Units","","","No","No"
"DOI","2025","Cooperative Endangered Species Conservation Fund, from Land and Water Conservation Fund, U.S. Fish and Wildlife Service","0","","Yes","No"
"DOI","2025","Cooperative Endangered Species Conservation Fund, United States Fish and Wildlife Service","0","","Yes","No"
"DOI","2025","Cooperative Inspection Agreements with States and Tribes","","","No","No"
"DOI","2025","Cooperative Landscape Conservation","","","No","No"
"DOI","2025","Cooperative Management of Ebey's Landing National Historical Reserve.","","","No","No"
"DOI","2025","Cooperative Research Units","","","No","No"
"DOI","2025","Cooperative Watershed Management","","","No","No"
"DOI","2025","Cultural and Paleontological Resources Management","","","No","No"
"DOI","2025","Cultural Resources Management","","","No","No"
"DOI","2025","Department of Interior Wildfire Management - Preparedness","","","No","No"
"DOI","2025","Departmental Operations, Land and Water Conservation Fund, Departmental Offices, Interior","0","","Yes","No"
"DOI","2025","Departmental Operations, Office of the Secretary, Interior","0","","Yes","No"
"DOI","2025","Departmental Operations, Office of the Secretary, Interior, Bureau of Land Management, Interior","0","","Yes","No"
"DOI","2025","Departmental Operations, Office of the Secretary, Interior, U.S. Fish and Wildlife Service, Interior","0","","Yes","No"
"DOI","2025","DOI - HQ Experienced Services Program","","","No","No"
"DOI","2025","Domestic Water Supply Projects","","","No","No"
"DOI","2025","Donations, National Park Service","0","","Yes","No"
"DOI","2025","Dry-Redwater Rural Water Project Feasibility Study","","","No","No"
"DOI","2025","Earth Mapping Resources Initiative","","","No","No"
"DOI","2025","Earthquake Hazards Program Assistance","","","No","No"
"DOI","2025","Eastern New Mexico Rural Water System","","","No","No"
"DOI","2025","Education Construction, Bureau of Indian Affairs and Bureau of Indian Education, Interior","0","","Yes","No"
"DOI","2025","Education Enhancements","","","No","No"
"DOI","2025","Education Program Management","","","No","No"
"DOI","2025","Educational Outreach","","","No","No"
"DOI","2025","Emergency Supplemental Historic Preservation Fund","","","No","No"
"DOI","2025","Endangered Species Conservation-Wolf Livestock Loss Compensation and Prevention","","","No","No"
"DOI","2025","Endangered Species on Indian Lands","","","No","No"
"DOI","2025","Energy Community Revitalization Program, Department-Wide Programs, Interior","0","","Yes","No"
"DOI","2025","Energy Community Revitalization Program, Department-Wide Programs, Interior, Bureau of Land Management, Interior","0","","Yes","No"
"DOI","2025","Energy Community Revitalization Program, Department-Wide Programs, Interior, Bureau of Safety and Environmental Enforcement, Interior","0","","Yes","No"
"DOI","2025","Enhanced Hunter Education and Safety","","","No","No"
"DOI","2025","Environmental Outreach and Conservation - North Cascades","","","No","No"
"DOI","2025","Equus Beds Division Acquifer Storage Recharge","","","No","No"
"DOI","2025","Experienced Services Program","","","No","No"
"DOI","2025","Federal Aid to Wildlife Restoration, United States Fish and Wildlife Service","0","","Yes","No"
"DOI","2025","Federal Trust Programs, Bureau of Trust Funds Administration, Interior","0","","Yes","No"
"DOI","2025","Federal-Aid Highways (Liquidation of Contract Authorization), Federal Highway Administration, Transportation, Bureau of Indian Affairs","0","","Yes","No"
"DOI","2025","Federal-Aid Highways (Liquidation of Contract Authorization), Federal Highway Administration, Transportation, National Park Service","0","","Yes","No"
"DOI","2025","Federal-Aid Highways (Liquidation of Contract Authorization), Federal Highway Administration, Transportation, U.S. Fish and
Wildlife Service","","","No","No"
"DOI","2025","Fire Protection Cooperative Agreement","","","No","No"
"DOI","2025","Fish and Wildlife Coordination Act","","","No","No"
"DOI","2025","Fish and Wildlife Coordination and Assistance","","","No","No"
"DOI","2025","FISH-ABLE Fun with Reclamation","","","No","No"
"DOI","2025","Flood Control Act Lands","","","No","No"
"DOI","2025","FOCUS on Student Achievement","","","No","No"
"DOI","2025","Forest Ecosystems Health and Recovery, Bureau of Land Management","0","","Yes","No"
"DOI","2025","Forestry on Indian Lands","","","No","No"
"DOI","2025","Fort Peck Reservation Rural Water System","","","No","No"
"DOI","2025","Garrison Diversion Unit","","","No","No"
"DOI","2025","Geothermal Resources","","","No","No"
"DOI","2025","Gifts and Donations, Bureau of Indian Affairs and Bureau of Indian, Interior","","","No","No"
"DOI","2025","GoMESA","","","No","No"
"DOI","2025","Good Neighbor Authority - Recreation","","","No","No"
"DOI","2025","Good Neighbor Authority for Restoration","","","No","No"
"DOI","2025","Good Neighbor Authority","","","No","No"
"DOI","2025","Great Ape Conservation Fund - Africa","","","No","No"
"DOI","2025","Great Ape Conservation Fund-Asia","","","No","No"
"DOI","2025","Great Lakes Fish and Wildlife Restoration Act","","","No","No"
"DOI","2025","Great Lakes Restoration","","","No","No"
"DOI","2025","Great Lakes Sea Lamprey Control","","","No","No"
"DOI","2025","Groundwork - Brownfield to Greenspace","","","No","No"
"DOI","2025","Guaranteed Loan Financing Account, Bureau of Indian Affairs, Interior","0","","Yes","No"
"DOI","2025","Heritage Partnership","","","No","No"
"DOI","2025","Highway Infrastructure Programs, Federal Highway Administration, Transportation","","","No","No"
"DOI","2025","Highway Infrastructure Programs, Federal Highway Administration, Transportation, Bureau of Indian Affairs, Interior","0","","Yes","No"
"DOI","2025","Highway Infrastructure Programs, Federal Highway Administration, Transportation, National Park Service, Interior","0","","Yes","No"
"DOI","2025","Historic Preservation Fund Grants-in-Aid for Competitive Grants","","","No","No"
"DOI","2025","Historic Preservation Fund Grants-In-Aid","","","No","No"
"DOI","2025","Historic Preservation Fund, National Park Service","0","","Yes","No"
"DOI","2025","Historic Preservation Fund, National Park Service, Interior","0","","Yes","No"
"DOI","2025","Hurricane Sandy Disaster Relief Activities-FWS","","","No","No"
"DOI","2025","Implementation of the Taos Pueblo Indian water rights settlement","","","No","No"
"DOI","2025","Improvement and Repair of Indian Detention Facilities","","","No","No"
"DOI","2025","Indian Adult Education","","","No","No"
"DOI","2025","Indian Child and Family Education","","","No","No"
"DOI","2025","Indian Child Welfare Act Title II Grants","","","No","No"
"DOI","2025","Indian Community Fire Protection","","","No","No"
"DOI","2025","Indian Economic Development","","","No","No"
"DOI","2025","Indian Education Facilities, Operations, and Maintenance","","","No","No"
"DOI","2025","Indian Education Higher Education Grant","","","No","No"
"DOI","2025","Indian Graduate Student Scholarships","","","No","No"
"DOI","2025","Indian Housing Assistance","","","No","No"
"DOI","2025","Indian Job Placement United Sioux Tribes Development Corporation","","","No","No"
"DOI","2025","Indian Land and Water Claim Settlements and Miscellaneous Payments to Indians, Bureau of Indian Affairs and Bureau of Indian Education, Interior","0","","Yes","No"
"DOI","2025","Indian Law Enforcement","","","No","No"
"DOI","2025","Indian Loans Economic Development","","","No","No"
"DOI","2025","Indian Post Secondary Schools","","","No","No"
"DOI","2025","Indian Rights Protection","","","No","No"
"DOI","2025","Indian School Equalization","","","No","No"
"DOI","2025","Indian Schools Student Transportation","","","No","No"
"DOI","2025","Indian Self-Determination Act Contracts, Grants and Cooperative Agreements","","","No","No"
"DOI","2025","Indian Self-Determination Contract Support","","","No","No"
"DOI","2025","Indian Tribal Water Resources Development, Management, and Protection","","","No","No"
"DOI","2025","Indian Vocational Training United Tribes Technical College","","","No","No"
"DOI","2025","Interior Franchise Fund, Departmental Management","0","","Yes","No"
"DOI","2025","Invasive Species","","","No","No"
"DOI","2025","Ironworker Training","","","No","No"
"DOI","2025","Joint Fire Science Program","","","No","No"
"DOI","2025","Juvenile Detention Education","","","No","No"
"DOI","2025","Keweenaw National Historical Park (NHP) Preservation Grants","","","No","No"
"DOI","2025","Lahontan Valley and Pyramid Lake Fish and Wildlife Fund, United States Fish and Wildlife Service","","","No","No"
"DOI","2025","Lake Mead/Las Vegas Wash","","","No","No"
"DOI","2025","Lake Tahoe Regional Wetlands Development","","","No","No"
"DOI","2025","Land Acquisition and State Assistance, National Park Service","0","","Yes","No"
"DOI","2025","Land Acquisition Funding Program","","","No","No"
"DOI","2025","Land Acquisition, Bureau of Land Management","0","","Yes","No"
"DOI","2025","Land Acquisition, United States Fish and Wildlife Service","0","","Yes","No"
"DOI","2025","Land and Resources Management Trust Fund, Bureau of Land Management","0","","Yes","No"
"DOI","2025","Landowner Incentive Program, U.S. Fish and Wildlife Service","","","No","No"
"DOI","2025","Late Disbursement Interest","","","No","No"
"DOI","2025","Latin America and Caribbean Regional","","","No","No"
"DOI","2025","Lewis and Clark Rural Water System","","","No","No"
"DOI","2025","Lincoln County Land Act, Bureau of Land Management","","","No","No"
"DOI","2025","Litigation Support for Indian Rights","","","No","No"
"DOI","2025","Low Income Home Energy Assistance, Administration for Children and Families, Health and Human Services","0","","Yes","No"
"DOI","2025","Lower Colorado River Basin Development Fund, Bureau of Reclamation","0","","Yes","No"
"DOI","2025","Lower Colorado River Multi-Species Conservation","","","No","No"
"DOI","2025","Lower Rio Grande Valley Water Resources Conservation and Improvement","","","No","No"
"DOI","2025","Management Initiatives","","","No","No"
"DOI","2025","Management of Lands and Resources, Bureau of Land Management","","","No","No"
"DOI","2025","Marine Minerals Activities","","","No","No"
"DOI","2025","Martin Luther King Junior National Historic Site and Preservation District","","","No","No"
"DOI","2025","Mexican Wolf Recovery","","","No","No"
"DOI","2025","Middle Rio Grande Endangered Species Collaborative","","","No","No"
"DOI","2025","Migratory Bird Conservation Account, United States Fish and Wildlife Service","0","","Yes","No"
"DOI","2025","Migratory Bird Conservation","","","No","No"
"DOI","2025","Migratory Bird Joint Ventures","","","No","No"
"DOI","2025","Migratory Bird Monitoring, Assessment and Conservation","","","No","No"
"DOI","2025","Minerals and Mining on Indian Lands","","","No","No"
"DOI","2025","Minerals Leasing Act","","","No","No"
"DOI","2025","Mississippi National River and Recreation Area State and Local Assistance","","","No","No"
"DOI","2025","Multinational Species Conservation Fund, United States Fish and Wildlife Service","0","","Yes","No"
"DOI","2025","Multistate Conservation Grant","","","No","No"
"DOI","2025","Musselshell-Judith Rural Water System","","","No","No"
"DOI","2025","National and Regional Climate Adaptation Science Centers","","","No","No"
"DOI","2025","National Center for Preservation Technology and Training","","","No","No"
"DOI","2025","National Cooperative Geologic Mapping","","","No","No"
"DOI","2025","National Fire Plan-Wildland Urban Interface Community Fire Assistance","","","No","No"
"DOI","2025","National Fish Habitat Partnership","","","No","No"
"DOI","2025","National Fish Passage","","","No","No"
"DOI","2025","National Forest Acquired Lands","","","No","No"
"DOI","2025","National Geological and Geophysical Data Preservation","","","No","No"
"DOI","2025","National Geospatial Program: Building The National Map","","","No","No"
"DOI","2025","National Ground-Water Monitoring Network","","","No","No"
"DOI","2025","National Historic Landmark","","","No","No"
"DOI","2025","National Indian Gaming Commission, Gaming Activity Fees","0","","Yes","No"
"DOI","2025","National Land Remote Sensing Education Outreach and Research","","","No","No"
"DOI","2025","National Landscape Conservation System","","","No","No"
"DOI","2025","National Maritime Heritage Grants","","","No","No"
"DOI","2025","National Outreach and Communication","","","No","No"
"DOI","2025","National Park Service Centennial Challenge","","","No","No"
"DOI","2025","National Parks and Public Land Legacy Restoration Fund, Department-Wide Programs, Bureau of Indian Affairs, Interior","0","","Yes","No"
"DOI","2025","National Parks and Public Land Legacy Restoration Fund, Department-Wide Programs, Bureau of Land Management, Interior","","","No","No"
"DOI","2025","National Parks and Public Land Legacy Restoration Fund, Department-Wide Programs, Interior","0","","Yes","No"
"DOI","2025","National Parks and Public Land Legacy Restoration Fund, Department-Wide Programs, National Park Service, Interior","","","No","No"
"DOI","2025","National Parks and Public Land Legacy Restoration Fund, Department-Wide Programs, U.S. Fish and Wildlife Services, Interior","0","","Yes","No"
"DOI","2025","National Petroleum Reserve - Alaska","","","No","No"
"DOI","2025","National Recreation and Preservation, National Park Service, Interior","0","","Yes","No"
"DOI","2025","National Trails System Projects","","","No","No"
"DOI","2025","National Wetlands Inventory","","","No","No"
"DOI","2025","National Wild and Scenic Rivers System","","","No","No"
"DOI","2025","National Wildland Fire Management and Natural Resource Training and Workforce Development","","","No","No"
"DOI","2025","National Wildlife Refuge System Enhancements","","","No","No"
"DOI","2025","Native American Business Development Institute","","","No","No"
"DOI","2025","Native Hawaiian Climate Resilience Program","","","No","No"
"DOI","2025","Native Hawaiian Community Guest Stewardship","","","No","No"
"DOI","2025","Native Language Immersion Grant","","","No","No"
"DOI","2025","Natural Resource Damage Assessment and Restoration Fund, Office of the Secretary","0","","Yes","No"
"DOI","2025","Natural Resource Damage Assessment and Restoration Fund, Office of the Secretary, National Park Service, Interior","0","","Yes","No"
"DOI","2025","Natural Resource Damage Assessment and Restoration Fund, Office of the Secretary, U.S. Fish and
Wildlife Service, Interior","","","No","No"
"DOI","2025","Natural Resource Damage Assessment Fund, Natural Resource Damage Assessment and Restoration, Interior","","","No","No"
"DOI","2025","Navajo-Hopi Indian Settlement","","","No","No"
"DOI","2025","Neotropical Migratory Bird Conservation, U.S. Fish and Wildlife Service","","","No","No"
"DOI","2025","New Mexico Rio Grande Basin Pueblos Irrigation Infrastructure","","","No","No"
"DOI","2025","NFWF-USFWS Conservation Partnership","","","No","No"
"DOI","2025","Nicodemus National Historic Site","","","No","No"
"DOI","2025","Non-Sale Disposals of Mineral Material","","","No","No"
"DOI","2025","North American Wetlands Conservation Fund, United States Fish and Wildlife Service","0","","Yes","No"
"DOI","2025","Not For Profit","","","No","No"
"DOI","2025","Not-for-Profit AMD Reclamation","","","No","No"
"DOI","2025","NPS Alaska Subsistence Management","","","No","No"
"DOI","2025","Ocean Energy Management, Bureau of Ocean Energy Management, Interior","0","","Yes","No"
"DOI","2025","Office of Natural Resources Revenue, Department-Wide Programs, Interior","0","","Yes","No"
"DOI","2025","Office of the Special Trustee for American Indians, Field Operations","","","No","No"
"DOI","2025","Offshore Safety and Environmental Enforcement, Bureau of Safety and Environmental Enforcement, Interior","0","","Yes","No"
"DOI","2025","Oil Spill Research, Bureau of Safety and Environmental Enforcement, Interior","0","","Yes","No"
"DOI","2025","Operation and Maintenance of Quarters, National Park Service","0","","Yes","No"
"DOI","2025","Operation and Maintenance, Indian Irrigation Systems, Bureau of Indian Affairs (T)","0","","Yes","No"
"DOI","2025","Operation of Indian Education Programs, Bureau of Indian Education, Interior","0","","Yes","No"
"DOI","2025","Operation of Indian Programs, Bureau of Indian Affairs and Bureau of Indian Education, Interior","0","","Yes","No"
"DOI","2025","Operation of the National Park System, National Park Service, Interior","0","","Yes","No"
"DOI","2025","Oregon and California Grant Lands, Bureau of Land Management","0","","Yes","No"
"DOI","2025","OSM/VISTA AmeriCorps","","","No","No"
"DOI","2025","Outdoor Schools in National Parks","","","No","No"
"DOI","2025","Outer Continental Shelf Revenues, LWCF Share from Certain Leases, National Park Service","0","","Yes","No"
"DOI","2025","Pacific Northwest and Hawaiian Islands Arts","","","No","No"
"DOI","2025","Park Buildings Lease and Maintenance Fund, National Park Service","0","","Yes","No"
"DOI","2025","Park Concessions Franchise Fees, National Park Service","0","","Yes","No"
"DOI","2025","Partners for Fish and Wildlife","","","No","No"
"DOI","2025","Payment to States for the Child Care and Development Block Grant, Administration for Children and Families, Health and Human Services","0","","Yes","No"
"DOI","2025","Payment to the United States Territories, Fiscal Assistance, Insular Affairs, Interior","0","","Yes","No"
"DOI","2025","Payments for Tribal Leases, Bureau of Indian Affairs, Interior","0","","Yes","No"
"DOI","2025","Payments in Lieu of Coal Fee Receipts, Office of Surface Mining Reclamation and Enforcement","0","","Yes","No"
"DOI","2025","Payments in Lieu of Taxes, Departmental Management, Interior","0","","Yes","No"
"DOI","2025","Payments to Counties, Oregon and California Grant Lands, Bureau of Land Management","0","","Yes","No"
"DOI","2025","Payments to State and County from Clark County, Nevada Land Sales, Bureau of Land Management","0","","Yes","No"
"DOI","2025","Permit Processing Fund, Bureau of Land Management","0","","Yes","No"
"DOI","2025","Platte River Recovery Implementation","","","No","No"
"DOI","2025","Policy and Administration, Bureau of Reclamation, Interior","0","","Yes","No"
"DOI","2025","Power Systems, Indian Irrigation Projects, Bureau of Indian Affairs","0","","Yes","No"
"DOI","2025","Prescott Marine Mammal Rescue Assistance","","","No","No"
"DOI","2025","Preservation of Historic Structures on the Campuses of Historically Black Colleges and Universities (HBCUs).","","","No","No"
"DOI","2025","Preservation of Japanese American Confinement Sites","","","No","No"
"DOI","2025","Proceeds from Sales, Water Resource Development Projects, United States Fish and Wildlife Service","","","No","No"
"DOI","2025","Providing Water to At-Risk Natural Desert Terminal Lakes","","","No","No"
"DOI","2025","Range Improvements, Bureau of Land Management","","","No","No"
"DOI","2025","Rangeland Resource Management","","","No","No"
"DOI","2025","Real Estate Programs Indian Lands","","","No","No"
"DOI","2025","Reclamation States Emergency Drought Relief","","","No","No"
"DOI","2025","Reclamation Water Settlements Fund, Bureau of Reclamation, Interior","0","","Yes","No"
"DOI","2025","Recreation Enhancement Fee Program, Bureau of Land Management","0","","Yes","No"
"DOI","2025","Recreation Enhancement Fee Program, National Park Service","0","","Yes","No"
"DOI","2025","Recreation Resources Management","","","No","No"
"DOI","2025","Regulation and Technology, Office of Surface Mining Reclamation and Enforcement","0","","Yes","No"
"DOI","2025","Rehabilitation, Reconstruction, or Replacement of Carey Act Dams","","","No","No"
"DOI","2025","Resource Management, United States Fish and Wildlife Service","0","","Yes","No"
"DOI","2025","Rhinoceros and Tiger Conservation Fund","","","No","No"
"DOI","2025","Rhinoceros Conservation Fund-Africa","","","No","No"
"DOI","2025","Rivers, Trails and Conservation Assistance","","","No","No"
"DOI","2025","Road Maintenance Indian Roads","","","No","No"
"DOI","2025","Rocky Boy's/North Central Montana Regional Water System","","","No","No"
"DOI","2025","Route 66 Corridor Preservation","","","No","No"
"DOI","2025","Safety and Environmental Research and Data Collection for Offshore Energy and Mineral Activities","","","No","No"
"DOI","2025","Safety of Dams on Indian Lands","","","No","No"
"DOI","2025","Salaries and Expenses, Office of the Inspector General, Interior","0","","Yes","No"
"DOI","2025","Salaries and Expenses, Office of the Solicitor, Interior","0","","Yes","No"
"DOI","2025","Salton Sea Program","","","No","No"
"DOI","2025","San Gabriel Basin Restoration Fund, Bureau of Reclamation","","","No","No"
"DOI","2025","San Joaquin River Restoration","","","No","No"
"DOI","2025","Save America's Treasures","","","No","No"
"DOI","2025","School Improvement Programs, Education","","","No","No"
"DOI","2025","Science and Technology Projects Related to Coal Mining and Reclamation","","","No","No"
"DOI","2025","Selis-Qlispe Ksanka Settlement Trust Fund, Bureau of Indian Affairs and Bureau of Indian Education, Interior","0","","Yes","No"
"DOI","2025","September 11 National Memorial Trail","","","No","No"
"DOI","2025","Service Charges, Deposits and Forfeitures, Bureau of Land Management","0","","Yes","No"
"DOI","2025","Services to Indian Children, Elderly and Families","","","No","No"
"DOI","2025","Small Surface Water and Groundwater Storage Projects","","","No","No"
"DOI","2025","Snow Water Supply Forecasting","","","No","No"
"DOI","2025","South Half of the Red River","","","No","No"
"DOI","2025","Southern Nevada Public Land Management, Bureau of Land Management","0","","Yes","No"
"DOI","2025","Southwest Border Resource Protection Program","","","No","No"
"DOI","2025","Sport Fish Restoration Account, United States Fish and Wildlife Service","0","","Yes","No"
"DOI","2025","Sportfishing and Boating Safety Act","","","No","No"
"DOI","2025","State and Tribal Wildlife Grants, U.S. Fish and Wildlife Service","0","","Yes","No"
"DOI","2025","State Select","","","No","No"
"DOI","2025","State Wildlife Grants","","","No","No"
"DOI","2025","Stewardship Contracting Product Sales, Bureau of Land Management","","","No","No"
"DOI","2025","Strengthening Tribal Nations","","","No","No"
"DOI","2025","Suisun Marsh Preservation Agreement","","","No","No"
"DOI","2025","Supplemental Payments to UMWA Health Plans, Office of Surface Mining Reclamation and Enforcement","0","","Yes","No"
"DOI","2025","Supporting the Lower Mississippi Delta Initiative","","","No","No"
"DOI","2025","Surveys, Investigations, and Research, Geological Survey, Interior","0","","Yes","No"
"DOI","2025","Take Pride","","","No","No"
"DOI","2025","Temporary Assistance for Needy Families, Administration for Children and Families, Health and Human Services","0","","Yes","No"
"DOI","2025","Threatened and Endangered Species","","","No","No"
"DOI","2025","Title II Projects on Federal Lands, Bureau of Land Management","","","No","No"
"DOI","2025","Title II, Colorado River Basin Salinity Control","","","No","No"
"DOI","2025","Tiwahe Housing","","","No","No"
"DOI","2025","Training and Employment Services, Employment and Training Administration, Labor","0","","Yes","No"
"DOI","2025","Tribal Climate Resilience","","","No","No"
"DOI","2025","Tribal Courts Trust Reform Initiative","","","No","No"
"DOI","2025","Tribal Courts","","","No","No"
"DOI","2025","Tribal Education Departments","","","No","No"
"DOI","2025","Tribal Electrification Program","","","No","No"
"DOI","2025","Tribal Energy Development Capacity Grants","","","No","No"
"DOI","2025","Tribal Great Lakes Restoration Initiative","","","No","No"
"DOI","2025","Tribally Controlled Community College Endowments","","","No","No"
"DOI","2025","Truckee-Carson Basins Research and Data Collection","","","No","No"
"DOI","2025","U.S. Geological Survey Research and Data Collection","","","No","No"
"DOI","2025","Upper Colorado and San Juan River Basins Endangered Fish Recovery","","","No","No"
"DOI","2025","Upper Colorado River Basin Fund, Bureau of Reclamation","0","","Yes","No"
"DOI","2025","Upper Klamath Basin Water Supply Alignment","","","No","No"
"DOI","2025","Upper Mississippi River Restoration Long Term Resource Monitoring","","","No","No"
"DOI","2025","USGS Cooperative Landslide Hazard Mapping and Assessment Program","","","No","No"
"DOI","2025","USGS Experienced Services Program","","","No","No"
"DOI","2025","Utah Reclamation Mitigation and Conservation Account, Interior","0","","Yes","No"
"DOI","2025","Volcano Hazards Program Research and Monitoring","","","No","No"
"DOI","2025","Water and Related Resources, Bureau of Reclamation, Interior","0","","Yes","No"
"DOI","2025","Water Conservation Field Services (WCFS)","","","No","No"
"DOI","2025","Water Desalination Research and Development","","","No","No"
"DOI","2025","Water Recycling and Desalination Construction Programs","","","No","No"
"DOI","2025","Water Resources Development Act","","","No","No"
"DOI","2025","Water Storage Enhancement","","","No","No"
"DOI","2025","Water Use and Data Research","","","No","No"
"DOI","2025","White Mountain Apache Tribe Rural Water System","","","No","No"
"DOI","2025","White-nose Syndrome National Response Implementation","","","No","No"
"DOI","2025","Wild Horse and Burro Resource Management","","","No","No"
"DOI","2025","Wildland Fire Management, Department-Wide Programs, Interior","0","","Yes","No"
"DOI","2025","Wildland Fire Management, Department-Wide Programs, Interior, Bureau of Indian Affairs","0","","Yes","No"
"DOI","2025","Wildland Fire Management, Department-Wide Programs, Interior, Bureau of Land Management, Interior","","","No","No"
"DOI","2025","Wildland Fire Management, Department-Wide Programs, Interior, National Park Service, Interior","","","No","No"
"DOI","2025","Wildland Fire Management, Department-Wide Programs, Interior, U.S. Fish and
Wildlife Service, Interior","","","No","No"
"DOI","2025","Wildlife Resource Management","","","No","No"
"DOI","2025","Working Capital Fund, Bureau of Land Management","0","","Yes","No"
"DOI","2025","Working Capital Fund, Bureau of Reclamation","0","","Yes","No"
"DOI","2025","Working Capital Fund, Departmental Management","0","","Yes","No"
"DOI","2025","Working Capital Fund, Geological Survey","0","","Yes","No"
"DOI","2025","Yakima River Basin Water Enhancement (YRBWE)","","","No","No"
"DOI","2025","Yakima River Basin Water Enhancement Phase III (Yakima Basin Integrated Plan)","","","No","No"
"DOI","2025","Youth and Veteran Organizations Conservation Activities","","","No","No"
"DOI","2025","Youth Engagement, Education, and Employment","","","No","No"
"DOI","2025","Yukon River Salmon Research and Management Assistance","","","No","No"
"DOI","2025","Zoonotic Disease Initiative","","","No","No"
"DOJ","2019","Administrative, Technology, and Other","","No","",""
"DOJ","2019","Law Enforcement","","No","",""
"DOJ","2019","Litigation","","No","",""
"DOJ","2019","Prisons and Detention","","No","",""
"DOJ","2019","State, Local, Tribal, and Other Assistance","","No","",""
"DOJ","2020","Administrative, Technology, and Other","","NO","",""
"DOJ","2020","Law Enforcement","","NO","",""
"DOJ","2020","Litigation","","NO","",""
"DOJ","2020","Prisons and Detention","","YES","",""
"DOJ","2020","State, Local, Tribal, and Other Assistance","","NO","",""
"DOJ","2021","Administrative, Technology, and Other","","No","",""
"DOJ","2021","Law Enforcement","","No","",""
"DOJ","2021","Litigation","","No","",""
"DOJ","2021","Prisons and Detention","","No","",""
"DOJ","2021","State, Local, Tribal, and Other Assistance","","No","",""
"DOJ","2022","Administrative, Technology, and Other","0","No","",""
"DOJ","2022","Law Enforcement","0","No","",""
"DOJ","2022","Litigation","0","No","",""
"DOJ","2022","Prisons and Detention","0","No","",""
"DOJ","2022","State, Local, Tribal, and Other Assistance","0","No","",""
"DOJ","2023","Administrative, Technology, and Other","0","","Yes","No"
"DOJ","2023","Law Enforcement","0","","Yes","No"
"DOJ","2023","Litigation","0","","Yes","No"
"DOJ","2023","Prisons and Detention","0","","Yes","No"
"DOJ","2023","State, Local, Tribal, and Other Assistance","0","","Yes","No"
"DOJ","2025","Administrative, Technology, and Other","0","","Yes","No"
"DOJ","2025","Law Enforcement","0","","Yes","No"
"DOJ","2025","Litigation","0","","Yes","No"
"DOJ","2025","Prisons and Detention","0","","Yes","No"
"DOJ","2025","State, Local, Tribal, and Other Assistance","0","","Yes","No"
"DOL","2019","Bureau of Labor Statistics - Compensation and Working Conditions","","No","",""
"DOL","2019","Bureau of Labor Statistics - Labor Force Statistics","","No","",""
"DOL","2019","Employment & Training Administration - Federal State Unemployment Insurance","","Yes","",""
"DOL","2019","Employment & Training Administration - Indian and Native American Program","","No","",""
"DOL","2019","Employment & Training Administration - Job Corps","","No","",""
"DOL","2019","Employment & Training Administration - Permanent Labor Certification for Foreign Workers","","No","",""
"DOL","2019","Employment & Training Administration - Trade Adjustment Assistance Federal Unemployment Benefits and Allowances","","No","",""
"DOL","2019","Employment & Training Administration - Workforce Data Quality Initiative","","No","",""
"DOL","2019","Mine Health and Safety and Safety Counseling and Technical Assistance","","No","",""
"DOL","2019","Office of Labor-Management Standards","","No","",""
"DOL","2019","Office of Workers' Compensation - Coal Mine Workers' Compensation","","No","",""
"DOL","2019","Office of Workers' Compensation - Federal Employees' Compensation Act","","Yes","",""
"DOL","2019","Office of Workers' Compensation - Longshore and Harbor Workers Compensation","","No","",""
"DOL","2019","Veterans Employment Training Service - Federal Administration & Uniformed Services Employment and Reemployment Rights Act (USERRA) Enforcement","","No","",""
"DOL","2020","Bureau of Labor Statistics - Executive Direction and Staff Services","","NO","",""
"DOL","2020","Bureau of Labor Statistics - Prices and Cost of Living","","NO","",""
"DOL","2020","Bureau of Labor Statistics - Productivity and Technology","","NO","",""
"DOL","2020","Employment & Training Administration - Community Service Employment for Older Americans","","NO","",""
"DOL","2020","Employment & Training Administration - Employment Service","","NO","",""
"DOL","2020","Employment & Training Administration - Federal State Unemployment Insurance","","YES","",""
"DOL","2020","Employment & Training Administration - Workforce Information Etools","","NO","",""
"DOL","2020","Occupational Safety and Health Administration - Consultation Agreements","","NO","",""
"DOL","2020","Office of Workers' Compensation - Energy Employees Occupational Illness Compensation","","NO","",""
"DOL","2020","Office of Workers' Compensation - Federal Employees' Compensation Act","","YES","",""
"DOL","2020","Veterans Employment Training Service - Jobs for Veterans State Grants","","NO","",""
"DOL","2020","Wage and Hour Division","","NO","",""
"DOL","2021","Department of Labor - Departmental Management","","No","",""
"DOL","2021","Employee Benefits Security Administration","","No","",""
"DOL","2021","Employment & Training Administration - Adult Employment and Training Activities","","No","",""
"DOL","2021","Employment & Training Administration - Apprenticeship","","No","",""
"DOL","2021","Employment & Training Administration - Dislocated Worker Employment and Training Activities - Formula","","No","",""
"DOL","2021","Employment & Training Administration - Dislocated Worker Employment and Training Activities - National Reserves Demos","","No","",""
"DOL","2021","Employment & Training Administration - Federal State Unemployment Insurance","","Yes","",""
"DOL","2021","Employment & Training Administration - Migrant and Seasonal Farmworker","","No","",""
"DOL","2021","Employment & Training Administration - Reintegration of Ex-Offenders","","No","",""
"DOL","2021","Employment & Training Administration - Youth Activities","","No","",""
"DOL","2021","Employment & Training Administration - YouthBuild","","No","",""
"DOL","2021","Employment and Training Administration – Unemployment Insurance – Federal Pandemic Unemployment Assistance","","Yes","",""
"DOL","2021","International Labor Affairs Bureau","","No","",""
"DOL","2021","Office of Disability Employment Policy","","No","",""
"DOL","2021","Office of Federal Contract Compliance Programs","","No","",""
"DOL","2021","Veterans Employment Training Service - Homeless Veterans' Reintegration Program","","No","",""
"DOL","2021","Veterans Employment Training Service - Transition Assistance Program Employment Workshop","","No","",""
"DOL","2022","Bureau of Labor Statistics - Compensation and Working Conditions","0","No","",""
"DOL","2022","Bureau of Labor Statistics - Labor Force Statistics","0","No","",""
"DOL","2022","Department of Labor - Office of Inspector General","0","No","",""
"DOL","2022","Employment & Training Administration - Employment Service","0","No","",""
"DOL","2022","Employment & Training Administration - Indian and Native American Program","0","No","",""
"DOL","2022","Employment & Training Administration - Job Corps","0","No","",""
"DOL","2022","Employment & Training Administration - Permanent Labor Certification for Foreign Workers","0","No","",""
"DOL","2022","Employment & Training Administration - Trade Adjustment Assistance Federal Unemployment Benefits and Allowances","0","No","",""
"DOL","2022","Mine Health and Safety and Safety Counseling and Technical Assistance","0","No","",""
"DOL","2022","Office of Labor-Management Standards","0","No","",""
"DOL","2022","Office of Workers' Compensation - Coal Mine Workers' Compensation","0","No","",""
"DOL","2022","Office of Workers' Compensation - Longshore and Harbor Workers Compensation","0","No","",""
"DOL","2022","Veterans Employment Training Service - Federal Administration & Uniformed Services Employment and Reemployment Rights Act (USERRA) Enforcement","0","No","",""
"DOL","2023","Bureau of Labor Statistics - Compensation and Working Conditions","0","","No","No"
"DOL","2023","Bureau of Labor Statistics - Executive Direction and Staff Services","0","","Yes","No"
"DOL","2023","Bureau of Labor Statistics - Labor Force Statistics","0","","No","No"
"DOL","2023","Bureau of Labor Statistics - Prices and Cost of Living","0","","Yes","No"
"DOL","2023","Bureau of Labor Statistics - Productivity and Technology","0","","Yes","No"
"DOL","2023","Bureau of Labor Statistics- Headquarters Relocation","0","","Yes","No"
"DOL","2023","Department of Labor - Departmental Management","0","","No","No"
"DOL","2023","Department of Labor - Office of Inspector General","0","","No","No"
"DOL","2023","Employee Benefits Security Administration","0","","No","No"
"DOL","2023","Employment & Training Administration - Adult Employment and Training Activities","0","","No","No"
"DOL","2023","Employment & Training Administration - Apprenticeship","0","","No","No"
"DOL","2023","Employment & Training Administration - Community Service Employment for Older Americans","0","","Yes","No"
"DOL","2023","Employment & Training Administration - Dislocated Worker Employment and Training Activities - Formula","0","","No","No"
"DOL","2023","Employment & Training Administration - Dislocated Worker Employment and Training Activities - National Reserves Demos","0","","No","No"
"DOL","2023","Employment & Training Administration - Employment Service","0","","No","No"
"DOL","2023","Employment & Training Administration - Federal State Unemployment Insurance","0","","Yes","Yes"
"DOL","2023","Employment & Training Administration - Indian and Native American Program","0","","No","No"
"DOL","2023","Employment & Training Administration - Job Corps","0","","No","No"
"DOL","2023","Employment & Training Administration - Migrant and Seasonal Farmworker","0","","No","No"
"DOL","2023","Employment & Training Administration - Permanent Labor Certification for Foreign Workers","0","","No","No"
"DOL","2023","Employment & Training Administration - Reintegration of Ex-Offenders","0","","No","No"
"DOL","2023","Employment & Training Administration - Trade Adjustment Assistance Federal Unemployment Benefits and Allowances","0","","No","No"
"DOL","2023","Employment & Training Administration - Unemployment Insurance - Federal Pandemic Unemployment Assistance","0","","Yes","Yes"
"DOL","2023","Employment & Training Administration - Unemployment Insurance - Federal Pandemic Unemplyment Compensation","0","","No","No"
"DOL","2023","Employment & Training Administration - Workforce Data Quality Initiative","0","","No","No"
"DOL","2023","Employment & Training Administration - Workforce Information Etools","0","","No","No"
"DOL","2023","Employment & Training Administration - Youth Activities","0","","No","No"
"DOL","2023","Employment & Training Administration - YouthBuild","0","","No","No"
"DOL","2023","International Labor Affairs Bureau","0","","No","No"
"DOL","2023","Mine Health and Safety and Safety Counseling and Technical Assistance","0","","No","No"
"DOL","2023","Occupational Safety and Health Administration - Consultation Agreements","0","","Yes","No"
"DOL","2023","Office of Disability Employment Policy","0","","No","No"
"DOL","2023","Office of Federal Contract Compliance Programs","0","","No","No"
"DOL","2023","Office of Labor-Management Standards","0","","No","No"
"DOL","2023","Office of Workers' Compensation - Coal Mine Workers' Compensation","0","","No","No"
"DOL","2023","Office of Workers' Compensation - Energy Employees Occupational Illness Compensation","0","","Yes","No"
"DOL","2023","Office of Workers' Compensation - Federal Employees' Compensation Act","0","","Yes","Yes"
"DOL","2023","Office of Workers' Compensation - Longshore and Harbor Workers Compensation","0","","No","No"
"DOL","2023","Veterans Employment Training Service - Federal Administration & Uniformed Services Employment and Reemployment Rights Act (USERRA) Enforcement","0","","No","No"
"DOL","2023","Veterans Employment Training Service - Homeless Veterans' Reintegration Program","0","","No","No"
"DOL","2023","Veterans Employment Training Service - Jobs for Veterans State Grants","0","","Yes","No"
"DOL","2023","Veterans Employment Training Service - Transition Assistance Program Employment Workshop","0","","No","No"
"DOL","2023","Wage and Hour Division","0","","Yes","No"
"DOL","2023","Women's Bureau","0","","Yes","No"
"DOL","2024","Bureau of Labor Statistics - Compensation and Working Conditions","0","","No","No"
"DOL","2024","Bureau of Labor Statistics - Executive Direction and Staff Services","0","","No","No"
"DOL","2024","Bureau of Labor Statistics - Headquarters Relocation","0","","No","No"
"DOL","2024","Bureau of Labor Statistics - Labor Force Statistics","0","","No","No"
"DOL","2024","Bureau of Labor Statistics - Prices and Cost of Living","0","","No","No"
"DOL","2024","Bureau of Labor Statistics - Productivity and Technology","0","","No","No"
"DOL","2024","Department of Labor - Departmental Management","0","","Yes","No"
"DOL","2024","Department of Labor - Office of Inspector General","0","","Yes","No"
"DOL","2024","Employee Benefits Security Administration","0","","Yes","No"
"DOL","2024","Employment & Training Administration - Adult Employment and Training Activities","0","","Yes","No"
"DOL","2024","Employment & Training Administration - Apprenticeship","0","","Yes","No"
"DOL","2024","Employment & Training Administration - Community Projects","0","","Yes","No"
"DOL","2024","Employment & Training Administration - Community Service Employment for Older Americans","0","","Yes","No"
"DOL","2024","Employment & Training Administration - Dislocated Worker Employment and Training Activities - Formula","0","","Yes","No"
"DOL","2024","Employment & Training Administration - Dislocated Worker Employment and Training Activities - National Reserves Demos","0","","Yes","No"
"DOL","2024","Employment & Training Administration - Employment Service","0","","No","No"
"DOL","2024","Employment & Training Administration - Federal State Unemployment Insurance","0","","Yes","Yes"
"DOL","2024","Employment & Training Administration - Indian and Native American Program","0","","No","No"
"DOL","2024","Employment & Training Administration - Job Corps","0","","No","No"
"DOL","2024","Employment & Training Administration - Migrant and Seasonal Farmworker","0","","Yes","No"
"DOL","2024","Employment & Training Administration - Permanent Labor Certification for Foreign Workers","0","","No","No"
"DOL","2024","Employment & Training Administration - Reintegration of Ex-Offenders","0","","Yes","No"
"DOL","2024","Employment & Training Administration - Trade Adjustment Assistance Federal Unemployment Benefits and Allowances","0","","No","No"
"DOL","2024","Employment & Training Administration - Unemployment Insurance - Federal Pandemic Emergency Unemployment Compensation","0","","Yes","No"
"DOL","2024","Employment & Training Administration - Workforce Data Quality Initiative","0","","No","No"
"DOL","2024","Employment & Training Administration - Workforce Information Etools","0","","No","No"
"DOL","2024","Employment & Training Administration - Youth Activities","0","","Yes","No"
"DOL","2024","Employment & Training Administration - YouthBuild","0","","Yes","No"
"DOL","2024","International Labor Affairs Bureau","0","","Yes","No"
"DOL","2024","Mine Health and Safety and Safety Counseling and Technical Assistance","0","","No","No"
"DOL","2024","Occupational Safety and Health Administration - Consultation Agreements","0","","No","No"
"DOL","2024","Office of Disability Employment Policy","0","","Yes","No"
"DOL","2024","Office of Federal Contract Compliance Programs","0","","Yes","No"
"DOL","2024","Office of Labor-Management Standards","0","","No","No"
"DOL","2024","Office of Workers' Compensation - Coal Mine Workers' Compensation","0","","No","No"
"DOL","2024","Office of Workers' Compensation - Energy Employees Occupational Illness Compensation","0","","No","No"
"DOL","2024","Office of Workers' Compensation - Federal Employees' Compensation Act","0","","Yes","Yes"
"DOL","2024","Office of Workers' Compensation - Longshore and Harbor Workers Compensation","0","","No","No"
"DOL","2024","Veterans Employment Training Service - Federal Administration & Uniformed Services Employment and Reemployment Rights Act (USERRA) Enforcement","0","","No","No"
"DOL","2024","Veterans Employment Training Service - Homeless Veterans' Reintegration Program","0","","Yes","No"
"DOL","2024","Veterans Employment Training Service - Jobs for Veterans State Grants","0","","No","No"
"DOL","2024","Veterans Employment Training Service - Transition Assistance Program Employment Workshop","0","","Yes","No"
"DOL","2024","Wage and Hour Division","0","","No","No"
"DOL","2025","Bureau of Labor Statistics - Compensation and Working Conditions","1","","Yes","No"
"DOL","2025","Bureau of Labor Statistics - Executive Direction and Staff Services","","","No","No"
"DOL","2025","Bureau of Labor Statistics - Headquarters Relocation","","","No","No"
"DOL","2025","Bureau of Labor Statistics - Labor Force Statistics","1","","Yes","No"
"DOL","2025","Bureau of Labor Statistics - Prices and Cost of Living","","","No","No"
"DOL","2025","Bureau of Labor Statistics - Productivity and Technology","","","No","No"
"DOL","2025","Department of Labor - Departmental Management","","","No","No"
"DOL","2025","Department of Labor - Office of Inspector General","","","No","No"
"DOL","2025","Employee Benefits Security Administration","","","No","No"
"DOL","2025","Employment & Training Administration - Adult Employment and Training Activities","","","No","No"
"DOL","2025","Employment & Training Administration - Apprenticeship","","","No","No"
"DOL","2025","Employment & Training Administration - Community Projects","1","","Yes","No"
"DOL","2025","Employment & Training Administration - Community Service Employment for Older Americans","","","No","No"
"DOL","2025","Employment & Training Administration - Dislocated Worker Employment and Training Activities - Formula","","","No","No"
"DOL","2025","Employment & Training Administration - Dislocated Worker Employment and Training Activities - National Reserves Demos","1","","Yes","No"
"DOL","2025","Employment & Training Administration - Employment Service","1","","Yes","No"
"DOL","2025","Employment & Training Administration - Federal State Unemployment Insurance","","","No","No"
"DOL","2025","Employment & Training Administration - H-1B Job Training Grants","1","","Yes","No"
"DOL","2025","Employment & Training Administration - Indian and Native American Program","1","","Yes","No"
"DOL","2025","Employment & Training Administration - Job Corps","1","","Yes","No"
"DOL","2025","Employment & Training Administration - Migrant and Seasonal Farmworker","","","No","No"
"DOL","2025","Employment & Training Administration - Permanent Labor Certification for Foreign Workers","1","","Yes","No"
"DOL","2025","Employment & Training Administration - Reintegration of Ex-Offenders","","","No","No"
"DOL","2025","Employment & Training Administration - Temporary Labor Certification for Foreign Workers","1","","Yes","No"
"DOL","2025","Employment & Training Administration - Trade Adjustment Assistance Federal Unemployment Benefits and Allowances","1","","Yes","No"
"DOL","2025","Employment & Training Administration - WIOA Adult, Dislocated Worker and Youth Outlying Areas Consolidated Grants","","","No","No"
"DOL","2025","Employment & Training Administration - WIOA Dislocated Worker National Reserve Technical Assistance and Training","1","","Yes","No"
"DOL","2025","Employment & Training Administration - WIOA National Dislocated Worker Grants / WIA National Emergency Grants","1","","Yes","No"
"DOL","2025","Employment & Training Administration - Work Opportunity Tax Credit Program (WOTC)","1","","Yes","No"
"DOL","2025","Employment & Training Administration - Workforce Data Quality Initiative","","","No","No"
"DOL","2025","Employment & Training Administration - Workforce Information Etools","","","No","No"
"DOL","2025","Employment & Training Administration - Youth Activities","","","No","No"
"DOL","2025","Employment & Training Administration - YouthBuild","","","No","No"
"DOL","2025","International Labor Affairs Bureau","","","No","No"
"DOL","2025","Mine Health and Safety and Safety Counseling and Technical Assistance","","","No","No"
"DOL","2025","Mine Safety and Health Administration - Brookwood-Sago Grant","","","No","No"
"DOL","2025","Mine Safety and Health Administration - Mine Health and Safety Project Grants","","","No","No"
"DOL","2025","Mine Safety and Health Administration - Safety and Health Cooperative Grants","","","No","No"
"DOL","2025","Mine Safety and Health Administration","1","","Yes","No"
"DOL","2025","Occupational Safety and Health Administration - Consultation Agreements","","","No","No"
"DOL","2025","Occupational Safety and Health Administration - State Programs","","","No","No"
"DOL","2025","Occupational Safety and Health Administration - Susan Harwood Training Grants","","","No","No"
"DOL","2025","Occupational Safety and Health Program","","","No","No"
"DOL","2025","Office of Disability Employment Policy","","","No","No"
"DOL","2025","Office of Federal Contract Compliance Programs","","","No","No"
"DOL","2025","Office of Labor-Management Standards","1","","Yes","No"
"DOL","2025","Office of Workers' Compensation - Coal Mine Workers' Compensation","","","No","No"
"DOL","2025","Office of Workers' Compensation - Energy Employees Occupational Illness Compensation","","","No","No"
"DOL","2025","Office of Workers' Compensation - Federal Employees' Compensation Act","","","No","No"
"DOL","2025","Office of Workers' Compensation - Longshore and Harbor Workers Compensation","","","No","No"
"DOL","2025","Veterans Employment Training Service - Federal Administration & Uniformed Services Employment and Reemployment Rights Act (USERRA) Enforcement","1","","Yes","No"
"DOL","2025","Veterans Employment Training Service - Homeless Veterans' Reintegration Program","","","No","No"
"DOL","2025","Veterans Employment Training Service - Jobs for Veterans State Grants","","","No","No"
"DOL","2025","Veterans Employment Training Service - Transition Assistance Program Employment Workshop","","","No","No"
"DOL","2025","Wage and Hour Division","","","No","No"
"DOL","2025","Women’s Bureau - Women in Apprenticeship and Nontraditional Occupations Technical Assistance","","","No","No"
"DOL","2025","Women's Bureau","1","","Yes","No"
"DOT","2019","Federal Aviation Administration Grants-in-Aid for Airports","","No","",""
"DOT","2019","Federal Railroad Administration Grants to National Railroad Passenger Corporation","","No","",""
"DOT","2019","Federal Transit Administration Formula Grants","","No","",""
"DOT","2019","Federal Transit Administration Washington Metro","","No","",""
"DOT","2020","Federal Aviation Administration Facilities and Equipment","","NO","",""
"DOT","2020","Federal Aviation Administration Franchise Fund","","NO","",""
"DOT","2020","Federal Aviation Administration Operations","","NO","",""
"DOT","2020","Federal Aviation Administration Research, Engineering and Development","","NO","",""
"DOT","2020","Federal Highway Administration Other Grant Programs and Cooperative Agreements","","NO","",""
"DOT","2020","Federal Highway Administration Research Programs","","NO","",""
"DOT","2020","Federal Highway Administration Salaries and Expenses","","NO","",""
"DOT","2020","Federal Motor Carrier Safety Administration Motor Carrier Safety Grants","","NO","",""
"DOT","2020","Federal Motor Carrier Safety Administration Operations and Programs","","NO","",""
"DOT","2020","Federal Railroad Administration High-Speed Intercity Passenger Rail","","NO","",""
"DOT","2020","Federal Railroad Administration Other Grant Programs","","NO","",""
"DOT","2020","Federal Railroad Administration Railroad Research and Development","","NO","",""
"DOT","2020","Federal Railroad Administration Safety and Operations","","NO","",""
"DOT","2020","Federal Transit Administration Administrative Expenses","","NO","",""
"DOT","2020","Federal Transit Administration Capital Investment Grants","","NO","",""
"DOT","2020","Federal Transit Administration Other Grant Programs","","NO","",""
"DOT","2020","Federal Transit Administration Transit Infrastructure Grants","","NO","",""
"DOT","2020","Maritime Administration Approval Workflow Contract Payments","","NO","",""
"DOT","2020","Maritime Administration Assistance Programs","","NO","",""
"DOT","2020","Maritime Administration Electronic Invoicing System Ship Manager Payments","","NO","",""
"DOT","2020","Maritime Administration Federal Ship Financing Program Contracts","","NO","",""
"DOT","2020","Maritime Administration Personnel Compensation and Benefits","","NO","",""
"DOT","2020","Maritime Administration Student Incentive Program","","NO","",""
"DOT","2020","Maritime Administration Travel Payments","","NO","",""
"DOT","2020","National Highway Traffic Safety Administration Highway Traffic Safety Grants","","NO","",""
"DOT","2020","National Highway Traffic Safety Administration","","NO","",""
"DOT","2020","Office of Inspector General Salaries and Expenses","","NO","",""
"DOT","2020","Office of the Secretary Grant Programs - Allocation and Administered Accounts","","NO","",""
"DOT","2020","Office of the Secretary Grant Programs","","NO","",""
"DOT","2020","Office of the Secretary Loan Programs","","NO","",""
"DOT","2020","Office of the Secretary Salaries and Expenses","","NO","",""
"DOT","2020","Pipeline and Hazardous Materials Safety Administration Payments","","NO","",""
"DOT","2021","Federal Aviation Administration Grants-in-Aid for Airports","","No","",""
"DOT","2021","Federal Railroad Administration Grants to National Railroad Passenger Corporation","","No","",""
"DOT","2021","Federal Transit Administration Emergency Relief Program","","No","",""
"DOT","2021","Federal Transit Administration Transit Infrastructure Grants - COVID Relief Funds","","Yes","",""
"DOT","2022","Federal Aviation Administration Airport Concessionaire Relief","0","No","",""
"DOT","2022","Federal Aviation Administration Grants-in-Aid for Airports","","No","",""
"DOT","2022","Federal Railroad Administration Grants to National Railroad Passenger Corporation","0","No","",""
"DOT","2022","Federal Transit Administration Formula Grants","0","No","",""
"DOT","2022","Federal Transit Administration Washington Metro","0","No","",""
"DOT","2022","Office of the Secretary Aviation Manufacturing Jobs Protection Program","0","No","",""
"DOT","2023","Federal Aviation Administration Airport Concessionaire Relief","0","","No","No"
"DOT","2023","Federal Aviation Administration Airport Response Grant Program","0","","Yes","No"
"DOT","2023","Federal Aviation Administration Facilities and Equipment","0","","Yes","No"
"DOT","2023","Federal Aviation Administration Franchise Fund","0","","Yes","No"
"DOT","2023","Federal Aviation Administration Grants-in-Aid for Airports","0","","No","No"
"DOT","2023","Federal Aviation Administration Operations","0","","Yes","No"
"DOT","2023","Federal Aviation Administration Research, Engineering and Development","0","","Yes","No"
"DOT","2023","Federal Highway Administration Highway Planning and Construction","0","","No","No"
"DOT","2023","Federal Highway Administration Other Grant Programs and Cooperative Agreements","0","","Yes","No"
"DOT","2023","Federal Highway Administration Research Programs","0","","Yes","No"
"DOT","2023","Federal Highway Administration Salaries and Expenses","0","","Yes","No"
"DOT","2023","Federal Motor Carrier Safety Administration Motor Carrier Safety Grants","0","","Yes","No"
"DOT","2023","Federal Motor Carrier Safety Administration Operations and Programs","0","","Yes","No"
"DOT","2023","Federal Railroad Administration Grants to National Railroad Passenger Corporation","0","","No","No"
"DOT","2023","Federal Railroad Administration High-Speed Intercity Passenger Rail","0","","Yes","No"
"DOT","2023","Federal Railroad Administration Other Grant Programs","0","","Yes","No"
"DOT","2023","Federal Railroad Administration Railroad Research and Development","0","","Yes","No"
"DOT","2023","Federal Railroad Administration Safety and Operations","0","","Yes","No"
"DOT","2023","Federal Transit Administration Administrative Expenses","0","","Yes","No"
"DOT","2023","Federal Transit Administration Capital Investment Grants","0","","Yes","No"
"DOT","2023","Federal Transit Administration Emergency Relief Program","0","","No","No"
"DOT","2023","Federal Transit Administration Formula Grants","0","","No","No"
"DOT","2023","Federal Transit Administration Transit Infrastructure Grants - COVID Relief Funds","0","","No","No"
"DOT","2023","Federal Transit Administration Transit Infrastructure Grants","0","","Yes","No"
"DOT","2023","Federal Transit Administration Washington Metro","0","","No","No"
"DOT","2023","Maritime Administration Approval Workflow Contract Payments","0","","Yes","No"
"DOT","2023","Maritime Administration Assistance Programs","0","","Yes","No"
"DOT","2023","Maritime Administration Electronic Invoicing System Ship Manager Payments","0","","Yes","No"
"DOT","2023","Maritime Administration Federal Ship Financing Program Contracts","0","","Yes","No"
"DOT","2023","Maritime Administration Personnel Compensation and Benefits","0","","Yes","No"
"DOT","2023","Maritime Administration Port Infrastructure Development","0","","Yes","No"
"DOT","2023","Maritime Administration Student Incentive Program","0","","Yes","No"
"DOT","2023","National Highway Traffic Safety Administration Highway Traffic Safety Grants","0","","Yes","No"
"DOT","2023","National Highway Traffic Safety Administration","0","","Yes","No"
"DOT","2023","Office of Inspector General Salaries and Expenses","0","","Yes","No"
"DOT","2023","Office of the Secretary Aviation Manufacturing Jobs Protection Program","0","","No","No"
"DOT","2023","Office of the Secretary Grant Programs - Allocation and Administered Accounts","0","","Yes","No"
"DOT","2023","Office of the Secretary Grant Programs","0","","Yes","No"
"DOT","2023","Office of the Secretary Loan Programs","0","","Yes","No"
"DOT","2023","Office of the Secretary Salaries and Expenses","0","","Yes","No"
"DOT","2023","Pipeline and Hazardous Materials Safety Administration Payments","0","","Yes","No"
"DOT","2024","Federal Aviation Administration Airport Concessionaire Relief","0","","No","No"
"DOT","2024","Federal Aviation Administration Airport Response Grant Program","0","","No","No"
"DOT","2024","Federal Aviation Administration Facilities and Equipment","0","","No","No"
"DOT","2024","Federal Aviation Administration Franchise Fund","0","","No","No"
"DOT","2024","Federal Aviation Administration Grants-in-Aid for Airports","0","","No","No"
"DOT","2024","Federal Aviation Administration Operations","0","","No","No"
"DOT","2024","Federal Aviation Administration Research, Engineering and Development","0","","No","No"
"DOT","2024","Federal Highway Administration Highway Planning and Construction","0","","No","No"
"DOT","2024","Federal Highway Administration Other Grant Programs and Cooperative Agreements","0","","No","No"
"DOT","2024","Federal Highway Administration Research Programs","0","","No","No"
"DOT","2024","Federal Highway Administration Salaries and Expenses","0","","No","No"
"DOT","2024","Federal Motor Carrier Safety Administration Motor Carrier Safety Grants","0","","No","No"
"DOT","2024","Federal Motor Carrier Safety Administration Operations and Programs","0","","No","No"
"DOT","2024","Federal Railroad Administration Grants to National Railroad Passenger Corporation","0","","No","No"
"DOT","2024","Federal Railroad Administration High-Speed Intercity Passenger Rail","0","","No","No"
"DOT","2024","Federal Railroad Administration Other Grant Programs","0","","No","No"
"DOT","2024","Federal Railroad Administration Railroad Research and Development","0","","No","No"
"DOT","2024","Federal Railroad Administration Safety and Operations","0","","No","No"
"DOT","2024","Federal Transit Administration Administrative Expenses","0","","No","No"
"DOT","2024","Federal Transit Administration Capital Investment Grants","0","","No","No"
"DOT","2024","Federal Transit Administration Emergency Relief Program","0","","Yes","No"
"DOT","2024","Federal Transit Administration Formula Grants","0","","No","No"
"DOT","2024","Federal Transit Administration Transit Infrastructure Grants - COVID Relief Funds","0","","No","No"
"DOT","2024","Federal Transit Administration Transit Infrastructure Grants","0","","No","No"
"DOT","2024","Federal Transit Administration Washington Metro","0","","No","No"
"DOT","2024","Maritime Administration Approval Workflow Contract Payments","0","","No","No"
"DOT","2024","Maritime Administration Assistance Programs","0","","No","No"
"DOT","2024","Maritime Administration Electronic Invoicing System Ship Manager Payments","0","","No","No"
"DOT","2024","Maritime Administration Federal Ship Financing Program Contracts","0","","No","No"
"DOT","2024","Maritime Administration Personnel Compensation and Benefits","0","","No","No"
"DOT","2024","Maritime Administration Port Infrastructure Development","0","","No","No"
"DOT","2024","Maritime Administration Student Incentive Program","0","","No","No"
"DOT","2024","National Highway Traffic Safety Administration Highway Traffic Safety Grants","0","","No","No"
"DOT","2024","National Highway Traffic Safety Administration","0","","No","No"
"DOT","2024","Office of Inspector General Salaries and Expenses","0","","No","No"
"DOT","2024","Office of the Secretary Aviation Manufacturing Jobs Protection Program","0","","No","No"
"DOT","2024","Office of the Secretary Grant Programs - Allocation and Administered Accounts","0","","No","No"
"DOT","2024","Office of the Secretary Grant Programs","0","","No","No"
"DOT","2024","Office of the Secretary Loan Programs","0","","No","No"
"DOT","2024","Office of the Secretary Salaries and Expenses","0","","No","No"
"DOT","2024","Pipeline and Hazardous Materials Safety Administration Payments","0","","No","No"
"DOT","2025","Aviation Research Grants","","","No","No"
"DOT","2025","Behavioral Traffic Safety Cooperative Research","","","No","No"
"DOT","2025","Bridge and Other Transportation Infrastructure Research Program","","","No","No"
"DOT","2025","Capital Construction Fund","","","No","No"
"DOT","2025","Construction Reserve Fund","","","No","No"
"DOT","2025","Driver Alcohol Detection System for Safety","","","No","No"
"DOT","2025","Federal Aviation Administration Airport Concessionaire Relief","","","No","No"
"DOT","2025","Federal Aviation Administration Airport Response Grant Program","","","No","No"
"DOT","2025","Federal Aviation Administration Facilities and Equipment","","","No","No"
"DOT","2025","Federal Aviation Administration Franchise Fund","","","No","No"
"DOT","2025","Federal Aviation Administration Grants-in-Aid for Airports","0","","Yes","No"
"DOT","2025","Federal Aviation Administration Operations","","","No","No"
"DOT","2025","Federal Aviation Administration Research, Engineering and Development","","","No","No"
"DOT","2025","Federal Highway Administration Highway Planning and Construction","","","No","No"
"DOT","2025","Federal Highway Administration Other Grant Programs and Cooperative Agreements","","","No","No"
"DOT","2025","Federal Highway Administration Research Programs","","","No","No"
"DOT","2025","Federal Highway Administration Salaries and Expenses","","","No","No"
"DOT","2025","Federal Motor Carrier Safety Administration Motor Carrier Safety Grants","","","No","No"
"DOT","2025","Federal Motor Carrier Safety Administration Operations and Programs","","","No","No"
"DOT","2025","Federal Railroad Administration Grants to National Railroad Passenger Corporation","0","","Yes","No"
"DOT","2025","Federal Railroad Administration High-Speed Intercity Passenger Rail","","","No","No"
"DOT","2025","Federal Railroad Administration Other Grant Programs","","","No","No"
"DOT","2025","Federal Railroad Administration Railroad Research and Development","","","No","No"
"DOT","2025","Federal Railroad Administration Safety and Operations","","","No","No"
"DOT","2025","Federal Transit Administration Administrative Expenses","","","No","No"
"DOT","2025","Federal Transit Administration Capital Investment Grants","","","No","No"
"DOT","2025","Federal Transit Administration Emergency Relief Program","","","No","No"
"DOT","2025","Federal Transit Administration Formula Grants","0","","Yes","No"
"DOT","2025","Federal Transit Administration Transit Infrastructure Grants - COVID Relief Funds","","","No","No"
"DOT","2025","Federal Transit Administration Transit Infrastructure Grants","","","No","No"
"DOT","2025","Federal Transit Administration Washington Metro","0","","Yes","No"
"DOT","2025","Fueling Aviation's Sustainable Transition via Sustainable Aviation Fuels (FAST-SAF) and Low-Emissions Aviation Technologies (FAST-Tech) Grant","","","No","No"
"DOT","2025","Maritime Administration Approval Workflow Contract Payments","","","No","No"
"DOT","2025","Maritime Administration Assistance Programs","","","No","No"
"DOT","2025","Maritime Administration Electronic Invoicing System Ship Manager Payments","","","No","No"
"DOT","2025","Maritime Administration Federal Ship Financing Program Contracts","","","No","No"
"DOT","2025","Maritime Administration Personnel Compensation and Benefits","","","No","No"
"DOT","2025","Maritime Administration Port Infrastructure Development","","","No","No"
"DOT","2025","Maritime Administration Student Incentive Program","","","No","No"
"DOT","2025","Maritime War Risk Insurance","","","No","No"
"DOT","2025","Motor Vehicle Safety Research","","","No","No"
"DOT","2025","National Driver Register","","","No","No"
"DOT","2025","National Highway Traffic Safety Administration Highway Traffic Safety Grants","","","No","No"
"DOT","2025","National Highway Traffic Safety Administration","","","No","No"
"DOT","2025","Office of Inspector General Salaries and Expenses","","","No","No"
"DOT","2025","Office of the Secretary Aviation Manufacturing Jobs Protection Program","","","No","No"
"DOT","2025","Office of the Secretary Grant Programs - Allocation and Administered Accounts","","","No","No"
"DOT","2025","Office of the Secretary Grant Programs","","","No","No"
"DOT","2025","Office of the Secretary Loan Programs","","","No","No"
"DOT","2025","Office of the Secretary Salaries and Expenses","","","No","No"
"DOT","2025","Pipeline and Hazardous Materials Safety Administration Payments","","","No","No"
"DOT","2025","Railroad Safety","","","No","No"
"DOT","2025","State Electronic Data Collection (SEDC) Program Grant","","","No","No"
"DOT","2025","State Process for Informing Consumers of Recalls","","","No","No"
"DOT","2025","Transportation Planning, Research and Education","","","No","No"
"DOT","2025","Transportation Research and Technology Advancement","","","No","No"
"DOT","2025","Veterans Pilot Training Program","","","No","No"
"DOW","2019","Civilian Pay","","No","",""
"DOW","2019","Commercial Pay - U.S. Army Corps of Engineers (USACE)","","No","",""
"DOW","2019","Commercial Pay","","No","",""
"DOW","2019","Travel Pay - U.S. Army Corps of Engineers (USACE)","","No","",""
"DOW","2020","Civilian Pay","","YES","",""
"DOW","2020","Commercial Pay - U.S. Army Corps of Engineers (USACE)","","NO","",""
"DOW","2020","Commercial Pay","","YES","",""
"DOW","2020","DoD Travel Pay","","YES","",""
"DOW","2020","Military Health Benefits - Healthcare","","YES","",""
"DOW","2020","Military Pay - Army","","YES","",""
"DOW","2020","Military Pay - Department of Air Force","","YES","",""
"DOW","2020","Military Pay - Marine Corps","","NO","",""
"DOW","2020","Military Pay - Navy","","NO","",""
"DOW","2020","Military Retirement","","YES","",""
"DOW","2020","Travel Pay - U.S. Army Corps of Engineers (USACE)","","NO","",""
"DOW","2023","Civilian Pay","0","","No","No"
"DOW","2023","Commercial Pay - U.S. Army Corps of Engineers (USACE)","0","","Yes","No"
"DOW","2023","Commercial Pay","0","","No","No"
"DOW","2023","DoD Travel Pay","0","","No","No"
"DOW","2023","Military Health Benefits – Administrative","0","","Yes","No"
"DOW","2023","Military Health Benefits - TRICARE East Region Program (East)","0","","No","No"
"DOW","2023","Military Health Benefits - TRICARE Medicare Eligible Program (TMEP)","0","","No","No"
"DOW","2023","Military Health Benefits - TRICARE Overseas Program (TOP)","0","","No","No"
"DOW","2023","Military Health Benefits - TRICARE Pharmacy Program (TPharm)","0","","No","No"
"DOW","2023","Military Health Benefits - TRICARE West Region Program (West)","0","","No","No"
"DOW","2023","Military Pay - Army","0","","No","No"
"DOW","2023","Military Pay - Department of Air Force","0","","No","No"
"DOW","2023","Military Pay - Marine Corps","0","","No","No"
"DOW","2023","Military Pay - Navy","0","","No","No"
"DOW","2023","Military Retirement","0","","No","No"
"DOW","2023","Travel Pay - U.S. Army Corps of Engineers (USACE)","0","","Yes","No"
"DOW","2024","Civilian Pay – Army","0","","No","No"
"DOW","2024","Civilian Pay – Department of Air Force (DAF)","0","","Yes","No"
"DOW","2024","Civilian Pay – Navy","0","","Yes","No"
"DOW","2024","Civilian Pay – Other Defense Organization (ODO)","0","","No","No"
"DOW","2024","Commercial Pay – Computerized Accounts Payable System (CAPS/ CAPS-W)","0","","No","No"
"DOW","2024","Commercial Pay – Defense Agencies Initiative (DAI)","0","","No","No"
"DOW","2024","Commercial Pay – Defense Enterprise Accounting Management System (DEAMS)","0","","No","No"
"DOW","2024","Commercial Pay – Enterprise Business System (EBS)","0","","No","No"
"DOW","2024","Commercial Pay – Financial Accounting and Budgetary System (FABS)","0","","No","No"
"DOW","2024","Commercial Pay – General Fund Enterprise Business System (GFEBS)","0","","No","No"
"DOW","2024","Commercial Pay – Integrated Accounts Payable System (IAPS)","0","","No","No"
"DOW","2024","Commercial Pay – Mechanization of Contract Administration Services (MOCAS)","0","","No","No"
"DOW","2024","Commercial Pay – Navy Enterprise and Resource Planning (NERP)","0","","No","No"
"DOW","2024","Commercial Pay – ONEPAY","0","","No","No"
"DOW","2024","Commercial Pay – Standard Automated Voucher Examination System (SAVES)","0","","No","No"
"DOW","2024","Commercial Pay – Transportation Financial Management System (TFMS)","0","","No","No"
"DOW","2024","Commercial Pay - U.S. Army Corps of Engineers (USACE)","0","","No","No"
"DOW","2024","Military Health Benefits – Administrative","0","","No","No"
"DOW","2024","Military Health Benefits – TRICARE East Region Program (East)","0","","Yes","No"
"DOW","2024","Military Health Benefits – TRICARE Medicare Eligible Program (TMEP)","0","","Yes","No"
"DOW","2024","Military Health Benefits – TRICARE Overseas Program (TOP)","0","","Yes","No"
"DOW","2024","Military Health Benefits – TRICARE Pharmacy Program (TPharm)","0","","Yes","No"
"DOW","2024","Military Health Benefits – TRICARE West Region Program (West)","0","","Yes","No"
"DOW","2024","Military Pay Army – Active Duty","0","","No","No"
"DOW","2024","Military Pay Army – National Guard","0","","No","No"
"DOW","2024","Military Pay Army – Reserve","0","","No","No"
"DOW","2024","Military Pay Department of Air Force (DAF) – Active Duty","0","","Yes","No"
"DOW","2024","Military Pay Department of Air Force (DAF) – Air National Guard","0","","Yes","No"
"DOW","2024","Military Pay Department of Air Force (DAF) – Reserve","0","","Yes","No"
"DOW","2024","Military Pay Marie Corps – Reserve","0","","Yes","No"
"DOW","2024","Military Pay Marine Corps – Active Duty","0","","Yes","No"
"DOW","2024","Military Pay Navy – Active Duty","0","","Yes","No"
"DOW","2024","Military Pay Navy – Reserve","0","","Yes","No"
"DOW","2024","Military Retirement – Annuitant Pay","0","","No","No"
"DOW","2024","Military Retirement – Combat Related Special Compensation","0","","No","No"
"DOW","2024","Military Retirement – Retired Pay","0","","No","No"
"DOW","2024","Travel Pay - U.S. Army Corps of Engineers (USACE)","0","","No","No"
"DOW","2024","Travel Pay Army – Defense Travel System (DTS)","0","","No","No"
"DOW","2024","Travel Pay Army – Integrated Automated Travel System (IATS)","0","","No","No"
"DOW","2024","Travel Pay Department of Air Force (DAF) – Defense Travel System (DTS)","0","","No","No"
"DOW","2024","Travel Pay Department of Air Force (DAF) - Reserve Travel System (RTS)","0","","Yes","No"
"DOW","2024","Travel Pay Marine Corps – Defense Travel System (DTS)","0","","Yes","No"
"DOW","2024","Travel Pay Marine Corps – Integrated Automated Travel System (IATS)","0","","Yes","No"
"DOW","2024","Travel Pay Marine Corps - MARINE CORPS TOTAL FORCE SYSTEM (MCTFS)","0","","Yes","No"
"DOW","2024","Travel Pay Navy – Defense Travel System (DTS)","0","","Yes","No"
"DOW","2024","Travel Pay Navy – Integrated Automated Travel System (IATS)","0","","Yes","No"
"DOW","2024","Travel Pay Other Defense Organization (ODO) – Defense Travel System (DTS)","0","","No","No"
"DOW","2024","Travel Pay Other Defense Organization (ODO) – Integrated Automated Travel System (IATS)","0","","No","No"
"DOW","2025","Civilian Pay – Army","","","No","No"
"DOW","2025","Civilian Pay – Department of Air Force (DAF)","0","","Yes","No"
"DOW","2025","Civilian Pay – Navy","","","No","No"
"DOW","2025","Civilian Pay – Other Defense Organization (ODO)","","","No","No"
"DOW","2025","Commercial Pay – Computerized Accounts Payable System (CAPS/ CAPS-W)","","","No","No"
"DOW","2025","Commercial Pay – Defense Agencies Initiative (DAI)","","","No","No"
"DOW","2025","Commercial Pay – Defense Enterprise Accounting Management System (DEAMS)","","","No","No"
"DOW","2025","Commercial Pay – Enterprise Business System (EBS)","0","","Yes","No"
"DOW","2025","Commercial Pay – Financial Accounting and Budgetary System (FABS)","0","","Yes","No"
"DOW","2025","Commercial Pay – General Fund Enterprise Business System (GFEBS)","0","","Yes","No"
"DOW","2025","Commercial Pay – Integrated Accounts Payable System (IAPS)","0","","Yes","No"
"DOW","2025","Commercial Pay – Mechanization of Contract Administration Services (MOCAS)","0","","Yes","No"
"DOW","2025","Commercial Pay – Navy Enterprise and Resource Planning (NERP)","","","No","No"
"DOW","2025","Commercial Pay – ONEPAY","0","","Yes","No"
"DOW","2025","Commercial Pay – Standard Automated Voucher Examination System (SAVES)","0","","Yes","No"
"DOW","2025","Commercial Pay – Transportation Financial Management System (TFMS)","0","","Yes","No"
"DOW","2025","Commercial Pay - U.S. Army Corps of Engineers (USACE)","0","","Yes","No"
"DOW","2025","Military Health Benefits – Administrative","","","No","No"
"DOW","2025","Military Health Benefits – TRICARE East Region Program (East)","","","No","No"
"DOW","2025","Military Health Benefits – TRICARE Medicare Eligible Program (TMEP)","","","No","No"
"DOW","2025","Military Health Benefits – TRICARE Overseas Program (TOP)","","","No","No"
"DOW","2025","Military Health Benefits – TRICARE Pharmacy Program (TPharm)","","","No","No"
"DOW","2025","Military Health Benefits – TRICARE West Region Program (West)","","","No","No"
"DOW","2025","Military Pay Army – Active Duty","0","","Yes","No"
"DOW","2025","Military Pay Army – National Guard","","","No","No"
"DOW","2025","Military Pay Army – Reserve","0","","Yes","No"
"DOW","2025","Military Pay Department of Air Force (DAF) – Active Duty","0","","Yes","No"
"DOW","2025","Military Pay Department of Air Force (DAF) – Air National Guard","0","","Yes","No"
"DOW","2025","Military Pay Department of Air Force (DAF) – Reserve","0","","Yes","No"
"DOW","2025","Military Pay Marie Corps – Reserve","","","No","No"
"DOW","2025","Military Pay Marine Corps – Active Duty","","","No","No"
"DOW","2025","Military Pay Navy – Active Duty","","","No","No"
"DOW","2025","Military Pay Navy – Reserve","","","No","No"
"DOW","2025","Military Retirement – Annuitant Pay","0","","Yes","Yes"
"DOW","2025","Military Retirement – Combat Related Special Compensation","0","","Yes","No"
"DOW","2025","Military Retirement – Retired Pay","0","","Yes","Yes"
"DOW","2025","NSA Grants","","","No","No"
"DOW","2025","Travel Pay - U.S. Army Corps of Engineers (USACE)","","","No","No"
"DOW","2025","Travel Pay Army – Defense Travel System (DTS)","","","No","No"
"DOW","2025","Travel Pay Army – Integrated Automated Travel System (IATS)","","","No","No"
"DOW","2025","Travel Pay Department of Air Force (DAF) – Defense Travel System (DTS)","","","No","No"
"DOW","2025","Travel Pay Department of Air Force (DAF) - Reserve Travel System (RTS)","","","No","No"
"DOW","2025","Travel Pay Marine Corps – Defense Travel System (DTS)","","","No","No"
"DOW","2025","Travel Pay Marine Corps – Integrated Automated Travel System (IATS)","0","","Yes","No"
"DOW","2025","Travel Pay Marine Corps - MARINE CORPS TOTAL FORCE SYSTEM (MCTFS)","","","No","No"
"DOW","2025","Travel Pay Navy – Defense Travel System (DTS)","","","No","No"
"DOW","2025","Travel Pay Navy – Integrated Automated Travel System (IATS)","","","No","No"
"DOW","2025","Travel Pay Other Defense Organization (ODO) – Defense Travel System (DTS)","","","No","No"
"DOW","2025","Travel Pay Other Defense Organization (ODO) – Integrated Automated Travel System (IATS)","","","No","No"
"DRA","2025","Delta Program","","","No","No"
"EAC","2023","Election Security Grants","0","","Yes","No"
"EAC","2025","Election Security Grants","","","No","No"
"EAC","2025","Help America Vote Act Requirements Payments","","","No","No"
"EAC","2025","Help America Vote College Program","","","No","No"
"ED","2019","Adult Education - Basic Grants to States","","No","",""
"ED","2019","Adult Education National Leadership Activities","","No","",""
"ED","2019","Advanced Placement Program (Advanced Placement Test Fee; Advanced Placement Incentive Program Grants)","","No","",""
"ED","2019","Alaska Native Educational Programs","","No","",""
"ED","2019","American History and Civics Education","","No","",""
"ED","2019","American Indian Vocational Rehabilitation Services","","No","",""
"ED","2019","American Overseas Research Centers","","No","",""
"ED","2019","American Printing House for the Blind","","No","",""
"ED","2019","Arts in Education","","No","",""
"ED","2019","Career and Technical Education - Basic Grants to States","","No","",""
"ED","2019","Career and Technical Education - Grants to Native Americans and Alaska Natives","","No","",""
"ED","2019","Career and Technical Education - National Programs","","No","",""
"ED","2019","Centers for International Business Education","","No","",""
"ED","2019","Charter Schools","","No","",""
"ED","2019","Child Care Access Means Parents in School","","No","",""
"ED","2019","Civil Rights Training and Advisory Services (Equity Assistance Centers)","","No","",""
"ED","2019","College Access Challenge Grant Program","","No","",""
"ED","2019","Competitive Grants for State Assessments","","No","",""
"ED","2019","Comprehensive Centers","","No","",""
"ED","2019","Comprehensive Literacy Development","","No","",""
"ED","2019","Consolidated Grant to the Outlying Areas","","No","",""
"ED","2019","Credit Enhancement for Charter School Facilities","","No","",""
"ED","2019","DC Opportunity Scholarship Program","","No","",""
"ED","2019","Disability Innovation Fund (DIF)","","No","",""
"ED","2019","Disaster Recovery Assistance for Education","","No","",""
"ED","2019","Education for Homeless Children and Youth","","No","",""
"ED","2019","Education Innovation and Research (formerly Investing in Innovation (i3) Fund)","","No","",""
"ED","2019","Education Research, Development and Dissemination","","No","",""
"ED","2019","English Language Acquisition State Grants","","No","",""
"ED","2019","Fund for the Improvement of Postsecondary Education","","No","",""
"ED","2019","Gaining Early Awareness and Readiness for Undergraduate Programs","","No","",""
"ED","2019","Gallaudet University","","No","",""
"ED","2019","Graduate Assistance in Areas of National Need","","No","",""
"ED","2019","Graduate Research Opportunities for Minority Students (Minorities and Retirement Security Program)","","No","",""
"ED","2019","Grants for State Assessments and Related Activities","","No","",""
"ED","2019","Helen Keller National Center for Youths and Adults Who Are Deaf-Blind","","No","",""
"ED","2019","Higher Education Institutional Aid","","No","",""
"ED","2019","Howard University","","No","",""
"ED","2019","Impact Aid Facilities Maintenance","","No","",""
"ED","2019","Impact Aid","","No","",""
"ED","2019","Indian Education - Special Programs for Indian Children","","No","",""
"ED","2019","Indian Education Grants to Local Educational Agencies","","No","",""
"ED","2019","Indian Education National Activities (State Tribal Education Partnership (STEP) and Native American Language (NAL)","","No","",""
"ED","2019","Innovative Approaches to Literacy; Promise Neighborhoods; Full-Service Community Schools; and Congressionally Directed Spending for Elementary and Secondary Education Community Projects","","No","",""
"ED","2019","Innovative Rehabilitation Training","","No","",""
"ED","2019","International Research and Studies","","No","",""
"ED","2019","Javits Gifted and Talented Students Education","","No","",""
"ED","2019","Language Resource Centers","","No","",""
"ED","2019","Magnet Schools Assistance","","No","",""
"ED","2019","Mathematics and Science Partnerships","","No","",""
"ED","2019","Migrant and Seasonal Farmworkers Program","","No","",""
"ED","2019","Migrant Education College Assistance Migrant Program","","No","",""
"ED","2019","Migrant Education Coordination Program","","No","",""
"ED","2019","Migrant Education High School Equivalency Program","","No","",""
"ED","2019","Migrant Education State Grant Program","","No","",""
"ED","2019","Minority Science and Engineering Improvement","","No","",""
"ED","2019","National Resource Centers Program for Foreign Language and Area Studies or Foreign Language and International Studies Program and Foreign Language and Area Studies Fellowship Program","","No","",""
"ED","2019","National Technical Institute for the Deaf","","No","",""
"ED","2019","Native Hawaiian Career and Technical Education","","No","",""
"ED","2019","Native Hawaiian Education","","No","",""
"ED","2019","Overseas Programs - Doctoral Dissertation Research Abroad","","No","",""
"ED","2019","Overseas Programs - Group Projects Abroad","","No","",""
"ED","2019","Performance Partnership Pilots for Disconnected Youth","","No","",""
"ED","2019","Preschool Development Grants","","No","",""
"ED","2019","Program of Protection and Advocacy of Individual Rights","","No","",""
"ED","2019","Promoting Readiness of Minors in Supplemental Security Income","","No","",""
"ED","2019","Race to the Top - District Grants","","No","",""
"ED","2019","Race to the Top - Early Learning Challenge","","No","",""
"ED","2019","Ready-To-Learn Television","","No","",""
"ED","2019","Rehabilitation Long-Term Training","","No","",""
"ED","2019","Rehabilitation Services Client Assistance Program","","No","",""
"ED","2019","Rehabilitation Services Demonstration and Training Programs","","No","",""
"ED","2019","Rehabilitation Services Independent Living Services for Older Individuals Who are Blind","","No","",""
"ED","2019","Rehabilitation Services Vocational Rehabilitation Grants to States","","No","",""
"ED","2019","Rehabilitation Short-Term Training","","No","",""
"ED","2019","Rehabilitation Training Technical Assistance Centers","","No","",""
"ED","2019","Research in Special Education","","No","",""
"ED","2019","Rural Education","","No","",""
"ED","2019","School Improvement Grants","","No","",""
"ED","2019","School Leader Recruitment and Support (formerly School Leadership)","","No","",""
"ED","2019","School Safely National Activities","","No","",""
"ED","2019","Special Education - Personnel Development to Improve Services and Results for Children with Disabilities","","No","",""
"ED","2019","Special Education - Special Olympics Education Programs","","No","",""
"ED","2019","Special Education - State Personnel Development","","No","",""
"ED","2019","Special Education Educational Technology Media, and Materials for Individuals with Disabilities","","No","",""
"ED","2019","Special Education Grants to States","","No","",""
"ED","2019","Special Education Parent Information Centers","","No","",""
"ED","2019","Special Education Preschool Grants","","No","",""
"ED","2019","Special Education Technical Assistance and Dissemination to Improve Services and Results for Children with Disabilities","","No","",""
"ED","2019","Special Education Technical Assistance on State Data Collection","","No","",""
"ED","2019","Special Education-Grants for Infants and Families","","No","",""
"ED","2019","State Fiscal Stabilization Fund (SFSF) - Investing in Innovation (i3) Fund, Recovery Act","","No","",""
"ED","2019","Statewide Longitudinal Data Systems","","No","",""
"ED","2019","Strengthening Minority-Serving Institutions","","No","",""
"ED","2019","Student Support and Academic Enrichment Program","","No","",""
"ED","2019","Supported Employment Services for Individuals with the Most Significant Disabilities","","No","",""
"ED","2019","Supporting Effective Educator Development Program","","No","",""
"ED","2019","Supporting Effective Instruction State Grants (formerly Improving Teacher Quality State Grants)","","No","",""
"ED","2019","Teacher and School Leader Incentive Grants (formerly the Teacher Incentive Fund)","","No","",""
"ED","2019","Teacher Quality Partnership Grants","","No","",""
"ED","2019","Teacher Quality Partnerships, Recovery Act","","No","",""
"ED","2019","Territories and Freely Associated States Education Grant Program","","No","",""
"ED","2019","Title I Grants to Local Educational Agencies","","No","",""
"ED","2019","Title I State Agency Program for Neglected and Delinquent Children and Youth","","No","",""
"ED","2019","Traditionally Underserved Populations","","No","",""
"ED","2019","Training Interpreters for Individuals who are Deaf and Individuals who are Deaf-Blind","","No","",""
"ED","2019","Transition Programs for Students with Intellectual Disabilities into Higher Education","","No","",""
"ED","2019","Transition to Teaching","","No","",""
"ED","2019","Tribally Controlled Postsecondary Career and Technical Institutions","","No","",""
"ED","2019","TRIO Educational Opportunity Centers","","No","",""
"ED","2019","TRIO McNair Post-Baccalaureate Achievement","","No","",""
"ED","2019","TRIO Staff Training Program","","No","",""
"ED","2019","TRIO Student Support Services","","No","",""
"ED","2019","TRIO Talent Search","","No","",""
"ED","2019","TRIO Upward Bound","","No","",""
"ED","2019","Twenty-First Century Community Learning Centers","","No","",""
"ED","2019","Undergraduate International Studies and Foreign Language Programs","","No","",""
"ED","2020","American History and Civics Education","","NO","",""
"ED","2020","Arts in Education","","NO","",""
"ED","2020","Career and Technical Education - National Programs","","NO","",""
"ED","2020","Charter Schools","","NO","",""
"ED","2020","Competitive Grants for State Assessments","","NO","",""
"ED","2020","Comprehensive Literacy Development","","NO","",""
"ED","2020","Contractual Services","","NO","",""
"ED","2020","Credit Programs","","NO","",""
"ED","2020","DC Opportunity Scholarship Program","","NO","",""
"ED","2020","Education Innovation and Research (formerly Investing in Innovation (i3) Fund)","","NO","",""
"ED","2020","Education Research, Development and Dissemination","","NO","",""
"ED","2020","Federal Family Education Loan (FFEL)","","NO","",""
"ED","2020","Federal Perkins Loan (Perkins)","","NO","",""
"ED","2020","Federal Supplemental Educational Opportunity Grant (FSEOG)","","NO","",""
"ED","2020","Federal Work-Study","","NO","",""
"ED","2020","Health Education Assistance Loan (HEAL)","","NO","",""
"ED","2020","Higher Education Institutional Aid","","NO","",""
"ED","2020","Iraq and Afghanistan Service Grant (IASG)","","NO","",""
"ED","2020","Overseas Programs - Group Projects Abroad","","NO","",""
"ED","2020","Personnel Compensation and Benefits","","NO","",""
"ED","2020","Purchase Cards - Department of Education","","NO","",""
"ED","2020","Rehabilitation Training Technical Assistance Centers","","NO","",""
"ED","2020","Research in Special Education","","NO","",""
"ED","2020","School Safely National Activities","","NO","",""
"ED","2020","Special Education - Personnel Development to Improve Services and Results for Children with Disabilities","","NO","",""
"ED","2020","Special Education - Special Olympics Education Programs","","NO","",""
"ED","2020","Special Education Grants to States","","NO","",""
"ED","2020","Special Education Technical Assistance and Dissemination to Improve Services and Results for Children with Disabilities","","NO","",""
"ED","2020","Special Education Technical Assistance on State Data Collection","","NO","",""
"ED","2020","Statewide Family Engagement Centers","","NO","",""
"ED","2020","Student Support and Academic Enrichment Program","","NO","",""
"ED","2020","Teacher Education Assistance for College and Higher Education Grant (TEACH)","","NO","",""
"ED","2020","Title I Grants to Local Educational Agencies","","YES","",""
"ED","2020","Transit Benefits","","NO","",""
"ED","2020","Travel and Transportation - Department of Education","","NO","",""
"ED","2021","Charter Schools","","No","",""
"ED","2021","Consolidated Grant to the Outlying Areas","","No","",""
"ED","2021","Credit Enhancement for Charter School Facilities","","No","",""
"ED","2021","DC Opportunity Scholarship Program","","No","",""
"ED","2021","Education Stabilization Fund","","Yes","",""
"ED","2021","Helen Keller National Center for Youths and Adults Who Are Deaf-Blind","","No","",""
"ED","2021","Impact Aid Facilities Maintenance","","No","",""
"ED","2021","Impact Aid","","No","",""
"ED","2021","Innovative Approaches to Literacy; Promise Neighborhoods; Full-Service Community Schools; and Congressionally Directed Spending for Elementary and Secondary Education Community Projects","","No","",""
"ED","2021","Personnel Compensation and Benefits","","No","",""
"ED","2021","Special Education Grants to States","","Yes","",""
"ED","2021","Special Education Technical Assistance on State Data Collection","","No","",""
"ED","2021","Statewide Longitudinal Data Systems","","No","",""
"ED","2022","Adult Education - Basic Grants to States","0","No","",""
"ED","2022","Alaska Native Educational Programs","0","No","",""
"ED","2022","American Indian Vocational Rehabilitation Services","0","No","",""
"ED","2022","American Printing House for the Blind","0","No","",""
"ED","2022","Arts in Education","0","No","",""
"ED","2022","Career and Technical Education - Basic Grants to States","0","No","",""
"ED","2022","Career and Technical Education - Grants to Native Americans and Alaska Natives","0","No","",""
"ED","2022","Charter Schools","0","No","",""
"ED","2022","Child Care Access Means Parents in School","0","No","",""
"ED","2022","Comprehensive Centers","0","No","",""
"ED","2022","Comprehensive Literacy Development","0","No","",""
"ED","2022","Credit Programs","0","No","",""
"ED","2022","Disability Innovation Fund (DIF)","0","No","",""
"ED","2022","Education for Homeless Children and Youth","0","No","",""
"ED","2022","Education Innovation and Research (formerly Investing in Innovation (i3) Fund)","0","No","",""
"ED","2022","Education Research, Development and Dissemination","0","No","",""
"ED","2022","Emergency Assistance to Institutions of Higher Education","0","No","",""
"ED","2022","English Language Acquisition State Grants","0","No","",""
"ED","2022","Gaining Early Awareness and Readiness for Undergraduate Programs","0","No","",""
"ED","2022","Gallaudet University","0","No","",""
"ED","2022","Graduate Assistance in Areas of National Need","0","No","",""
"ED","2022","Grants for State Assessments and Related Activities","0","No","",""
"ED","2022","Higher Education Institutional Aid","0","No","",""
"ED","2022","Howard University","0","No","",""
"ED","2022","Immediate Aid To Restart School Operations (RESTART)","0","No","",""
"ED","2022","Indian Education - Special Programs for Indian Children","0","No","",""
"ED","2022","Indian Education Grants to Local Educational Agencies","0","No","",""
"ED","2022","Innovative Approaches to Literacy; Promise Neighborhoods; Full-Service Community Schools; and Congressionally Directed Spending for Elementary and Secondary Education Community Projects","0","No","",""
"ED","2022","Javits Gifted and Talented Students Education","0","No","",""
"ED","2022","Magnet Schools Assistance","0","No","",""
"ED","2022","Migrant Education College Assistance Migrant Program","0","No","",""
"ED","2022","Migrant Education High School Equivalency Program","0","No","",""
"ED","2022","Migrant Education State Grant Program","0","No","",""
"ED","2022","National Resource Centers Program for Foreign Language and Area Studies or Foreign Language and International Studies Program and Foreign Language and Area Studies Fellowship Program","0","No","",""
"ED","2022","National Technical Institute for the Deaf","0","No","",""
"ED","2022","Native Hawaiian Education","0","No","",""
"ED","2022","Program of Protection and Advocacy of Individual Rights","0","No","",""
"ED","2022","Randolph-Sheppard - Financial Relief and Restoration Payments","0","No","",""
"ED","2022","Ready-To-Learn Television","0","No","",""
"ED","2022","Rehabilitation Long-Term Training","0","No","",""
"ED","2022","Rehabilitation Services Client Assistance Program","0","No","",""
"ED","2022","Rehabilitation Services Independent Living Services for Older Individuals Who are Blind","0","No","",""
"ED","2022","Rehabilitation Services Vocational Rehabilitation Grants to States","0","No","",""
"ED","2022","Research in Special Education","0","No","",""
"ED","2022","Rural Education","0","No","",""
"ED","2022","School Improvement Grants","0","No","",""
"ED","2022","School Safely National Activities","0","No","",""
"ED","2022","Special Education - Personnel Development to Improve Services and Results for Children with Disabilities","0","No","",""
"ED","2022","Special Education - Special Olympics Education Programs","0","No","",""
"ED","2022","Special Education - State Personnel Development","0","No","",""
"ED","2022","Special Education Educational Technology Media, and Materials for Individuals with Disabilities","0","No","",""
"ED","2022","Special Education Parent Information Centers","0","No","",""
"ED","2022","Special Education Preschool Grants","0","No","",""
"ED","2022","Special Education Technical Assistance and Dissemination to Improve Services and Results for Children with Disabilities","0","No","",""
"ED","2022","Special Education Technical Assistance on State Data Collection","0","No","",""
"ED","2022","Special Education-Grants for Infants and Families","0","No","",""
"ED","2022","Statewide Family Engagement Centers","0","No","",""
"ED","2022","Strengthening Minority-Serving Institutions","0","No","",""
"ED","2022","Student Support and Academic Enrichment Program","0","No","",""
"ED","2022","Supported Employment Services for Individuals with the Most Significant Disabilities","0","No","",""
"ED","2022","Supporting Effective Educator Development Program","0","No","",""
"ED","2022","Supporting Effective Instruction State Grants (formerly Improving Teacher Quality State Grants)","0","No","",""
"ED","2022","Teacher and School Leader Incentive Grants (formerly the Teacher Incentive Fund)","0","No","",""
"ED","2022","Teacher Quality Partnership Grants","0","No","",""
"ED","2022","Title I State Agency Program for Neglected and Delinquent Children and Youth","0","No","",""
"ED","2022","Transition Programs for Students with Intellectual Disabilities into Higher Education","0","No","",""
"ED","2022","TRIO Educational Opportunity Centers","0","No","",""
"ED","2022","TRIO McNair Post-Baccalaureate Achievement","0","No","",""
"ED","2022","TRIO Student Support Services","0","No","",""
"ED","2022","TRIO Talent Search","0","No","",""
"ED","2022","TRIO Upward Bound","0","No","",""
"ED","2022","Twenty-First Century Community Learning Centers","0","No","",""
"ED","2023","Adult Education - Basic Grants to States","0","","Yes","No"
"ED","2023","Alaska Native Educational Programs","0","","No","No"
"ED","2023","American Indian Vocational Rehabilitation Services","0","","No","No"
"ED","2023","American Printing House for the Blind","0","","No","No"
"ED","2023","Arts in Education","0","","No","No"
"ED","2023","Career and Technical Education - Basic Grants to States","0","","Yes","No"
"ED","2023","Career and Technical Education - Grants to Native Americans and Alaska Natives","0","","No","No"
"ED","2023","Charter Schools","0","","No","No"
"ED","2023","Child Care Access Means Parents in School","0","","No","No"
"ED","2023","Comprehensive Centers","0","","No","No"
"ED","2023","Comprehensive Literacy Development","0","","No","No"
"ED","2023","Consolidated Grant to the Outlying Areas","0","","No","No"
"ED","2023","Contractual Services","0","","Yes","No"
"ED","2023","Credit Enhancement for Charter School Facilities","0","","No","No"
"ED","2023","Credit Programs","0","","No","No"
"ED","2023","DC Opportunity Scholarship Program","0","","No","No"
"ED","2023","Disaster Recovery Assistance for Education","0","","No","No"
"ED","2023","Education for Homeless Children and Youth","0","","No","No"
"ED","2023","Education Innovation and Research (formerly Investing in Innovation (i3) Fund)","0","","No","No"
"ED","2023","Education Research, Development and Dissemination","0","","No","No"
"ED","2023","Education Stabilization Fund","0","","No","No"
"ED","2023","English Language Acquisition State Grants","0","","Yes","No"
"ED","2023","Federal Family Education Loan (FFEL)","0","","Yes","No"
"ED","2023","Federal Pell Grant Program","0","","No","No"
"ED","2023","Federal Perkins Loan (Perkins)","0","","Yes","No"
"ED","2023","Federal Supplemental Educational Opportunity Grant (FSEOG)","0","","Yes","No"
"ED","2023","Federal Work-Study","0","","Yes","No"
"ED","2023","Fund for the Improvement of Postsecondary Education","0","","Yes","No"
"ED","2023","Gaining Early Awareness and Readiness for Undergraduate Programs","0","","No","No"
"ED","2023","Gallaudet University","0","","No","No"
"ED","2023","Graduate Assistance in Areas of National Need","0","","No","No"
"ED","2023","Grants for State Assessments and Related Activities","0","","No","No"
"ED","2023","Health Education Assistance Loan (HEAL)","0","","Yes","No"
"ED","2023","Higher Education Institutional Aid","0","","Yes","No"
"ED","2023","Howard University","0","","No","No"
"ED","2023","Impact Aid","0","","No","No"
"ED","2023","Indian Education - Special Programs for Indian Children","0","","No","No"
"ED","2023","Indian Education Grants to Local Educational Agencies","0","","No","No"
"ED","2023","Innovative Approaches to Literacy; Promise Neighborhoods; Full-Service Community Schools; and Congressionally Directed Spending for Elementary and Secondary Education Community Projects","0","","No","No"
"ED","2023","Iraq and Afghanistan Service Grant (IASG)","0","","Yes","No"
"ED","2023","Javits Gifted and Talented Students Education","0","","No","No"
"ED","2023","Magnet Schools Assistance","0","","No","No"
"ED","2023","Migrant Education College Assistance Migrant Program","0","","No","No"
"ED","2023","Migrant Education High School Equivalency Program","0","","No","No"
"ED","2023","Migrant Education State Grant Program","0","","No","No"
"ED","2023","Minority Science and Engineering Improvement","0","","No","No"
"ED","2023","National Resource Centers Program for Foreign Language and Area Studies or Foreign Language and International Studies Program and Foreign Language and Area Studies Fellowship Program","0","","No","No"
"ED","2023","National Technical Institute for the Deaf","0","","No","No"
"ED","2023","Native Hawaiian Education","0","","No","No"
"ED","2023","Personnel Compensation and Benefits","0","","Yes","No"
"ED","2023","Program of Protection and Advocacy of Individual Rights","0","","No","No"
"ED","2023","Ready-To-Learn Television","0","","No","No"
"ED","2023","Rehabilitation Long-Term Training","0","","No","No"
"ED","2023","Rehabilitation Services Client Assistance Program","0","","No","No"
"ED","2023","Rehabilitation Services Independent Living Services for Older Individuals Who are Blind","0","","No","No"
"ED","2023","Rehabilitation Services Service Projects","0","","No","No"
"ED","2023","Rehabilitation Services Vocational Rehabilitation Grants to States","0","","No","No"
"ED","2023","Research in Special Education","0","","No","No"
"ED","2023","Rural Education","0","","No","No"
"ED","2023","School Improvement Grants","0","","No","No"
"ED","2023","School Safely National Activities","0","","No","No"
"ED","2023","Special Education - Personnel Development to Improve Services and Results for Children with Disabilities","0","","No","No"
"ED","2023","Special Education - Special Olympics Education Programs","0","","No","No"
"ED","2023","Special Education - State Personnel Development","0","","No","No"
"ED","2023","Special Education Educational Technology Media, and Materials for Individuals with Disabilities","0","","No","No"
"ED","2023","Special Education Grants to States","0","","No","No"
"ED","2023","Special Education Parent Information Centers","0","","No","No"
"ED","2023","Special Education Preschool Grants","0","","No","No"
"ED","2023","Special Education Technical Assistance and Dissemination to Improve Services and Results for Children with Disabilities","0","","No","No"
"ED","2023","Special Education Technical Assistance on State Data Collection","0","","No","No"
"ED","2023","Special Education-Grants for Infants and Families","0","","No","No"
"ED","2023","Statewide Family Engagement Centers","0","","No","No"
"ED","2023","Statewide Longitudinal Data Systems","0","","No","No"
"ED","2023","Strengthening Minority-Serving Institutions","0","","No","No"
"ED","2023","Student Support and Academic Enrichment Program","0","","Yes","No"
"ED","2023","Supported Employment Services for Individuals with the Most Significant Disabilities","0","","No","No"
"ED","2023","Supporting Effective Educator Development Program","0","","No","No"
"ED","2023","Supporting Effective Instruction State Grants (formerly Improving Teacher Quality State Grants)","0","","Yes","No"
"ED","2023","Teacher and School Leader Incentive Grants (formerly the Teacher Incentive Fund)","0","","Yes","No"
"ED","2023","Teacher Education Assistance for College and Higher Education Grant (TEACH)","0","","Yes","No"
"ED","2023","Teacher Quality Partnership Grants","0","","No","No"
"ED","2023","Title I Grants to Local Educational Agencies","0","","No","No"
"ED","2023","Title I State Agency Program for Neglected and Delinquent Children and Youth","0","","No","No"
"ED","2023","Transition Programs for Students with Intellectual Disabilities into Higher Education","0","","No","No"
"ED","2023","TRIO Educational Opportunity Centers","0","","No","No"
"ED","2023","TRIO McNair Post-Baccalaureate Achievement","0","","No","No"
"ED","2023","TRIO Student Support Services","0","","No","No"
"ED","2023","TRIO Talent Search","0","","No","No"
"ED","2023","TRIO Upward Bound","0","","No","No"
"ED","2023","Twenty-First Century Community Learning Centers","0","","Yes","No"
"ED","2023","William D. Ford Federal Direct Loan Program","0","","No","No"
"ED","2024","Adult Education - Basic Grants to States","0","","Yes","No"
"ED","2024","Alaska Native Educational Programs","0","","No","No"
"ED","2024","American Indian Vocational Rehabilitation Services","0","","Yes","No"
"ED","2024","American Printing House for the Blind","0","","No","No"
"ED","2024","Arts in Education","0","","No","No"
"ED","2024","Career and Technical Education - Basic Grants to States","0","","Yes","No"
"ED","2024","Career and Technical Education - Grants to Native Americans and Alaska Natives","0","","No","No"
"ED","2024","Charter Schools","0","","No","No"
"ED","2024","Child Care Access Means Parents in School","0","","No","No"
"ED","2024","Competitive Grants for State Assessments","0","","No","No"
"ED","2024","Comprehensive Centers","0","","No","No"
"ED","2024","Comprehensive Literacy Development","0","","No","No"
"ED","2024","Consolidated Grant to the Outlying Areas","0","","No","No"
"ED","2024","Contractual Services","0","","Yes","No"
"ED","2024","Credit Enhancement for Charter School Facilities","0","","No","No"
"ED","2024","Credit Programs","0","","No","No"
"ED","2024","DC Opportunity Scholarship Program","0","","No","No"
"ED","2024","Disability Innovation Fund (DIF)","0","","No","No"
"ED","2024","Disaster Recovery Assistance for Education","0","","No","No"
"ED","2024","Education for Homeless Children and Youth","0","","No","No"
"ED","2024","Education Innovation and Research (formerly Investing in Innovation (i3) Fund)","0","","No","No"
"ED","2024","Education Research, Development and Dissemination","0","","No","No"
"ED","2024","Education Stabilization Fund","0","","No","No"
"ED","2024","English Language Acquisition State Grants","0","","Yes","No"
"ED","2024","Federal Family Education Loan (FFEL)","0","","No","No"
"ED","2024","Federal Pell Grant Program","0","","No","No"
"ED","2024","Federal Perkins Loan (Perkins)","0","","No","No"
"ED","2024","Federal Supplemental Educational Opportunity Grant (FSEOG)","0","","No","No"
"ED","2024","Federal Work-Study","0","","No","No"
"ED","2024","Fund for the Improvement of Postsecondary Education","0","","Yes","No"
"ED","2024","Gaining Early Awareness and Readiness for Undergraduate Programs","0","","No","No"
"ED","2024","Gallaudet University","0","","Yes","No"
"ED","2024","Graduate Assistance in Areas of National Need","0","","No","No"
"ED","2024","Grants for State Assessments and Related Activities","0","","No","No"
"ED","2024","Health Education Assistance Loan (HEAL)","0","","No","No"
"ED","2024","Higher Education Institutional Aid","0","","Yes","No"
"ED","2024","Howard University","0","","No","No"
"ED","2024","Impact Aid","0","","Yes","No"
"ED","2024","Indian Education - Special Programs for Indian Children","0","","Yes","No"
"ED","2024","Indian Education Grants to Local Educational Agencies","0","","No","No"
"ED","2024","Innovative Approaches to Literacy; Promise Neighborhoods; Full-Service Community Schools; and Congressionally Directed Spending for Elementary and Secondary Education Community Projects","0","","Yes","No"
"ED","2024","Javits Gifted and Talented Students Education","0","","No","No"
"ED","2024","Magnet Schools Assistance","0","","Yes","No"
"ED","2024","Migrant Education College Assistance Migrant Program","0","","No","No"
"ED","2024","Migrant Education High School Equivalency Program","0","","No","No"
"ED","2024","Migrant Education State Grant Program","0","","No","No"
"ED","2024","Minority Science and Engineering Improvement","0","","No","No"
"ED","2024","National Resource Centers Program for Foreign Language and Area Studies or Foreign Language and International Studies Program and Foreign Language and Area Studies Fellowship Program","0","","No","No"
"ED","2024","National Technical Institute for the Deaf","0","","No","No"
"ED","2024","Native Hawaiian Education","0","","No","No"
"ED","2024","Personnel Compensation and Benefits","0","","Yes","No"
"ED","2024","Program of Protection and Advocacy of Individual Rights","0","","No","No"
"ED","2024","Ready-To-Learn Television","0","","No","No"
"ED","2024","Rehabilitation Long-Term Training","0","","Yes","No"
"ED","2024","Rehabilitation Services Client Assistance Program","0","","No","No"
"ED","2024","Rehabilitation Services Independent Living Services for Older Individuals Who are Blind","0","","No","No"
"ED","2024","Rehabilitation Services Service Projects","0","","No","No"
"ED","2024","Rehabilitation Services Vocational Rehabilitation Grants to States","0","","Yes","No"
"ED","2024","Research in Special Education","0","","No","No"
"ED","2024","Rural Education","0","","No","No"
"ED","2024","School Safely National Activities","0","","Yes","No"
"ED","2024","Special Education - Personnel Development to Improve Services and Results for Children with Disabilities","0","","No","No"
"ED","2024","Special Education - Special Olympics Education Programs","0","","No","No"
"ED","2024","Special Education - State Personnel Development","0","","No","No"
"ED","2024","Special Education Educational Technology Media, and Materials for Individuals with Disabilities","0","","No","No"
"ED","2024","Special Education Grants to States","0","","Yes","No"
"ED","2024","Special Education Parent Information Centers","0","","No","No"
"ED","2024","Special Education Preschool Grants","0","","No","No"
"ED","2024","Special Education Technical Assistance and Dissemination to Improve Services and Results for Children with Disabilities","0","","No","No"
"ED","2024","Special Education Technical Assistance on State Data Collection","0","","No","No"
"ED","2024","Special Education-Grants for Infants and Families","0","","Yes","No"
"ED","2024","Statewide Family Engagement Centers","0","","No","No"
"ED","2024","Statewide Longitudinal Data Systems","0","","No","No"
"ED","2024","Strengthening Minority-Serving Institutions","0","","No","No"
"ED","2024","Student Support and Academic Enrichment Program","0","","No","No"
"ED","2024","Supported Employment Services for Individuals with the Most Significant Disabilities","0","","No","No"
"ED","2024","Supporting Effective Educator Development Program","0","","No","No"
"ED","2024","Supporting Effective Instruction State Grants (formerly Improving Teacher Quality State Grants)","0","","Yes","No"
"ED","2024","Teacher and School Leader Incentive Grants (formerly the Teacher Incentive Fund)","0","","No","No"
"ED","2024","Teacher Education Assistance for College and Higher Education Grant (TEACH)","0","","No","No"
"ED","2024","Teacher Quality Partnership Grants","0","","No","No"
"ED","2024","Title I Grants to Local Educational Agencies","0","","Yes","No"
"ED","2024","Title I State Agency Program for Neglected and Delinquent Children and Youth","0","","No","No"
"ED","2024","Transition Programs for Students with Intellectual Disabilities into Higher Education","0","","No","No"
"ED","2024","Tribally Controlled Postsecondary Career and Technical Institutions","0","","Yes","No"
"ED","2024","TRIO Educational Opportunity Centers","0","","No","No"
"ED","2024","TRIO McNair Post-Baccalaureate Achievement","0","","No","No"
"ED","2024","TRIO Student Support Services","0","","No","No"
"ED","2024","TRIO Talent Search","0","","No","No"
"ED","2024","TRIO Upward Bound","0","","No","No"
"ED","2024","Twenty-First Century Community Learning Centers","0","","Yes","No"
"ED","2024","William D. Ford Federal Direct Loan Program","0","","No","No"
"ED","2025","Adult Education - Basic Grants to States","0","","Yes","No"
"ED","2025","Adult Education National Leadership Activities","","","No","No"
"ED","2025","Alaska Native Educational Programs","0","","Yes","No"
"ED","2025","American History and Civics Education","0","","Yes","No"
"ED","2025","American Indian Vocational Rehabilitation Services","","","No","No"
"ED","2025","American Overseas Research Centers","","","No","No"
"ED","2025","American Printing House for the Blind","0","","Yes","No"
"ED","2025","Arts in Education","0","","Yes","No"
"ED","2025","Augustus F. Hawkins Centers of Excellence - Teacher Preparation and Development","","","No","No"
"ED","2025","Business and International Education Projects","","","No","No"
"ED","2025","Career and Technical Education - Basic Grants to States","0","","Yes","No"
"ED","2025","Career and Technical Education - Grants to Native Americans and Alaska Natives","0","","Yes","No"
"ED","2025","Career and Technical Education -- National Programs","","","No","No"
"ED","2025","Centers for International Business Education","","","No","No"
"ED","2025","Charter Schools","0","","Yes","No"
"ED","2025","Child Care Access Means Parents in School","0","","Yes","No"
"ED","2025","Civil Rights Training and Advisory Services (also known as Equity Assistance Centers)","","","No","No"
"ED","2025","Competitive Grants for State Assessments","","","No","No"
"ED","2025","Comprehensive Centers","0","","Yes","No"
"ED","2025","Comprehensive Literacy Development","0","","Yes","No"
"ED","2025","Congressionally Directed Spending - Rehabilitation Services and Disability Research","","","No","No"
"ED","2025","Consolidated Grant to the Outlying Areas","0","","Yes","No"
"ED","2025","Contractual Services","","","No","No"
"ED","2025","Credit Enhancement for Charter School Facilities","0","","Yes","No"
"ED","2025","Credit Programs","0","","Yes","No"
"ED","2025","DC Opportunity Scholarship Program","0","","Yes","No"
"ED","2025","Directed Grants and Awards","","","No","No"
"ED","2025","Disability Innovation Fund (DIF)","","","No","No"
"ED","2025","Disaster Recovery Assistance for Education","0","","Yes","No"
"ED","2025","Education Evaluation and Technical Assistance Grants","","","No","No"
"ED","2025","Education for Homeless Children and Youth","0","","Yes","No"
"ED","2025","Education Innovation and Research (formerly Investing in Innovation (i3) Fund)","0","","Yes","No"
"ED","2025","Education Research, Development and Dissemination","0","","Yes","No"
"ED","2025","Education Stabilization Fund","","","No","No"
"ED","2025","English Language Acquisition State Grants","0","","Yes","No"
"ED","2025","Federal Family Education Loan (FFEL)","","","No","No"
"ED","2025","Federal Pell Grant Program","","","No","No"
"ED","2025","Federal Perkins Loan (Perkins)","","","No","No"
"ED","2025","Federal Real Property Assistance Program","","","No","No"
"ED","2025","Federal Supplemental Educational Opportunity Grant (FSEOG)","","","No","No"
"ED","2025","Federal Work-Study","","","No","No"
"ED","2025","Fund for the Improvement of Postsecondary Education","","","No","No"
"ED","2025","Gaining Early Awareness and Readiness for Undergraduate Programs","0","","Yes","No"
"ED","2025","Gallaudet University","","","No","No"
"ED","2025","Graduate Assistance in Areas of National Need","0","","Yes","No"
"ED","2025","Grants for State Assessments and Related Activities","0","","Yes","No"
"ED","2025","Health Education Assistance Loan (HEAL)","","","No","No"
"ED","2025","Helen Keller National Center for Youths and Adults Who Are Deaf-Blind","0","","Yes","No"
"ED","2025","Higher Education Institutional Aid","","","No","No"
"ED","2025","Howard University","0","","Yes","No"
"ED","2025","Impact Aid Facilities Maintenance","","","No","No"
"ED","2025","Impact Aid","","","No","No"
"ED","2025","Indian Education - Special Programs for Indian Children","0","","Yes","No"
"ED","2025","Indian Education Grants to Local Educational Agencies","0","","Yes","No"
"ED","2025","Indian Education National Activities (State Tribal Education Partnership (STEP) and Native American Language (NAL)","","","No","No"
"ED","2025","Innovative Approaches to Literacy; Promise Neighborhoods; Full-Service Community Schools; and Congressionally Directed Spending for Elementary and Secondary Education Community Projects","","","No","No"
"ED","2025","Innovative Rehabilitation Training","","","No","No"
"ED","2025","International Research and Studies","","","No","No"
"ED","2025","Javits Gifted and Talented Students Education","0","","Yes","No"
"ED","2025","Language Resource Centers","","","No","No"
"ED","2025","Magnet Schools Assistance","","","No","No"
"ED","2025","Migrant Education College Assistance Migrant Program","0","","Yes","No"
"ED","2025","Migrant Education Coordination Program","","","No","No"
"ED","2025","Migrant Education High School Equivalency Program","0","","Yes","No"
"ED","2025","Migrant Education State Grant Program","0","","Yes","No"
"ED","2025","Minority Science and Engineering Improvement","0","","Yes","No"
"ED","2025","National Resource Centers Program for Foreign Language and Area Studies or Foreign Language and International Studies Program and Foreign Language and Area Studies Fellowship Program","0","","Yes","No"
"ED","2025","National Technical Institute for the Deaf","0","","Yes","No"
"ED","2025","Native Hawaiian Career and Technical Education","","","No","No"
"ED","2025","Native Hawaiian Education","0","","Yes","No"
"ED","2025","Overseas Programs - Doctoral Dissertation Research Abroad","","","No","No"
"ED","2025","Overseas Programs - Faculty Research Abroad","","","No","No"
"ED","2025","Overseas Programs - Group Projects Abroad","","","No","No"
"ED","2025","Overseas Programs Special Bilateral Projects","","","No","No"
"ED","2025","Personnel Compensation and Benefits","0","","Yes","No"
"ED","2025","Postsecondary Education Scholarships for Veteran's Dependents","","","No","No"
"ED","2025","Program of Protection and Advocacy of Individual Rights","0","","Yes","No"
"ED","2025","Randolph-Sheppard - Financial Relief and Restoration Payments","","","No","No"
"ED","2025","Ready-To-Learn Television","0","","Yes","No"
"ED","2025","Rehabilitation Long-Term Training","","","No","No"
"ED","2025","Rehabilitation Services Client Assistance Program","0","","Yes","No"
"ED","2025","Rehabilitation Services Demonstration and Training Programs","","","No","No"
"ED","2025","Rehabilitation Services Independent Living Services for Older Individuals Who are Blind","0","","Yes","No"
"ED","2025","Rehabilitation Services Service Projects","","","No","No"
"ED","2025","Rehabilitation Services Vocational Rehabilitation Grants to States","0","","Yes","No"
"ED","2025","Rehabilitation Short-Term Training","","","No","No"
"ED","2025","Rehabilitation Training Technical Assistance Centers","","","No","No"
"ED","2025","Research in Special Education","0","","Yes","No"
"ED","2025","Rural Education","0","","Yes","No"
"ED","2025","School Safely National Activities","","","No","No"
"ED","2025","Special Education - Personnel Development to Improve Services and Results for Children with Disabilities","0","","Yes","No"
"ED","2025","Special Education - Special Olympics Education Programs","0","","Yes","No"
"ED","2025","Special Education - State Personnel Development","0","","Yes","No"
"ED","2025","Special Education Educational Technology Media, and Materials for Individuals with Disabilities","0","","Yes","No"
"ED","2025","Special Education Grants to States","0","","Yes","No"
"ED","2025","Special Education Parent Information Centers","0","","Yes","No"
"ED","2025","Special Education Preschool Grants","0","","Yes","No"
"ED","2025","Special Education Studies and Evaluations","","","No","No"
"ED","2025","Special Education Technical Assistance and Dissemination to Improve Services and Results for Children with Disabilities","0","","Yes","No"
"ED","2025","Special Education Technical Assistance on State Data Collection","0","","Yes","No"
"ED","2025","Special Education-Grants for Infants and Families","","","No","No"
"ED","2025","Statewide Family Engagement Centers","0","","Yes","No"
"ED","2025","Statewide Longitudinal Data Systems","0","","Yes","No"
"ED","2025","Strengthening Minority-Serving Institutions","0","","Yes","No"
"ED","2025","Student Support and Academic Enrichment Program","0","","Yes","No"
"ED","2025","Supported Employment Services for Individuals with the Most Significant Disabilities","0","","Yes","No"
"ED","2025","Supporting Effective Educator Development Program","0","","Yes","No"
"ED","2025","Supporting Effective Instruction State Grants (formerly Improving Teacher Quality State Grants)","0","","Yes","No"
"ED","2025","Teacher and School Leader Incentive Grants (formerly the Teacher Incentive Fund)","0","","Yes","No"
"ED","2025","Teacher Education Assistance for College and Higher Education Grant (TEACH)","","","No","No"
"ED","2025","Teacher Quality Partnership Grants","0","","Yes","No"
"ED","2025","Title I Grants to Local Educational Agencies","0","","Yes","No"
"ED","2025","Title I State Agency Program for Neglected and Delinquent Children and Youth","0","","Yes","No"
"ED","2025","Traditionally Underserved Populations","","","No","No"
"ED","2025","Training Interpreters for Individuals who are Deaf and Individuals who are Deaf-Blind","","","No","No"
"ED","2025","Transition Programs for Students with Intellectual Disabilities into Higher Education","0","","Yes","No"
"ED","2025","Tribally Controlled Postsecondary Career and Technical Institutions","","","No","No"
"ED","2025","TRIO Educational Opportunity Centers","0","","Yes","No"
"ED","2025","TRIO McNair Post-Baccalaureate Achievement","0","","Yes","No"
"ED","2025","TRIO Staff Training Program","","","No","No"
"ED","2025","TRIO Student Support Services","0","","Yes","No"
"ED","2025","TRIO Talent Search","0","","Yes","No"
"ED","2025","TRIO Upward Bound","0","","Yes","No"
"ED","2025","Twenty-First Century Community Learning Centers","","","No","No"
"ED","2025","Undergraduate International Studies and Foreign Language Programs","","","No","No"
"ED","2025","William D. Ford Federal Direct Loan Program","","","No","No"
"EEOC","2022","Pay and Benefits","0","No","",""
"EEOC","2022","Vendor Payments","0","No","",""
"EEOC","2023","Pay and Benefits","0","","Yes","No"
"EEOC","2023","Vendor Payments","0","","Yes","No"
"EEOC","2024","Pay and Benefits","0","","Yes","No"
"EEOC","2024","Vendor Payments","0","","No","No"
"EEOC","2025","Communications, Utilities, and Misc. Charges","","","No","No"
"EEOC","2025","Employment Discrimination Private Bar Program (Private Attorney Referral)","","","No","No"
"EEOC","2025","Equipment","","","No","No"
"EEOC","2025","Pay and Benefits","","","No","No"
"EEOC","2025","Rental Payments to GSA","0","","Yes","No"
"EEOC","2025","Supplies and Materials","","","No","No"
"EEOC","2025","Travel","0","","Yes","No"
"EEOC","2025","Vendor Payments","0","","Yes","No"
"EOP","2025","Congressional Directives","","","No","No"
"EOP","2025","DFC NATIONAL COMMUNITY ANTIDRUG COALITION INSTITUTE","","","No","No"
"EOP","2025","Drug Court Training and Technical Assistance","","","No","No"
"EOP","2025","Drug-Free Communities Support Program - National Youth Leadership Initiative","","","No","No"
"EOP","2025","Model Acts Program","","","No","No"
"EOP","2025","Office of National Drug Control Policy (ONDCP) - Anti-Doping Activities","","","No","No"
"EOP","2025","Office of National Drug Control Policy (ONDCP) - High Intensity Drug Trafficking Areas (HIDTA)","","","No","No"
"EOP","2025","Research and Data Analysis","","","No","No"
"EPA","2019","Disaster Relief Funds (2018)","","No","",""
"EPA","2021","Air Pollution Control Program Support","","No","",""
"EPA","2021","Clean Water State Revolving Fund","","No","",""
"EPA","2021","Commodities - Environmental Protection Agency","","No","",""
"EPA","2021","Contracts - Environmental Protection Agency","","No","",""
"EPA","2021","Disaster Relief - Hurricane Sandy Fund (Sandy)","","No","",""
"EPA","2021","Drinking Water State Revolving Fund","","No","",""
"EPA","2021","Payroll - Environmental Protection Agency","","No","",""
"EPA","2021","Purchase Cards - Environmental Protection Agency","","No","",""
"EPA","2023","[Water Infrastructure Finance and Innovation Act Program (WIFIA)]","0","","Yes","No"
"EPA","2023","Air Pollution Control Program Support","0","","Yes","Yes"
"EPA","2023","Clean Water State Revolving Fund","0","","Yes","No"
"EPA","2023","Commodities - Environmental Protection Agency","0","","Yes","No"
"EPA","2023","Contracts - Environmental Protection Agency","0","","Yes","No"
"EPA","2023","Drinking Water State Revolving Fund","0","","Yes","No"
"EPA","2023","Payroll - Environmental Protection Agency","0","","Yes","No"
"EPA","2023","Purchase Cards - Environmental Protection Agency","0","","Yes","No"
"EPA","2023","Travel - Environmental Protection Agency","0","","Yes","No"
"EPA","2024","Air Pollution Control Program Support","0","","No","No"
"EPA","2024","Clean School Bus Program - Grants and Rebates","0","","Yes","No"
"EPA","2024","Clean Water State Revolving Fund","0","","No","No"
"EPA","2024","Commodities - Environmental Protection Agency","0","","No","No"
"EPA","2024","Contracts - Environmental Protection Agency","0","","No","No"
"EPA","2024","Drinking Water State Revolving Fund","0","","No","No"
"EPA","2024","Environmental and Climate Justice Community Change Grants Program","0","","No","No"
"EPA","2024","Greenhouse Gas Reduction Fund: Clean Communities Investment Accelerator","0","","No","No"
"EPA","2024","Payroll - Environmental Protection Agency","0","","No","No"
"EPA","2024","Purchase Cards - Environmental Protection Agency","0","","No","No"
"EPA","2024","Settlements - Environmental Protection Agency","0","","Yes","No"
"EPA","2024","Travel - Environmental Protection Agency","0","","No","No"
"EPA","2024","Water Infrastructure Finance and Innovation Act Program (WIFIA) - Loans","0","","No","No"
"EPA","2025","Air Pollution Control Program Support","","","No","No"
"EPA","2025","Alternative or Innovative Treatment Technology Research, Demonstration, Training, and Hazardous Substance Research Grants","","","No","No"
"EPA","2025","Beach Monitoring and Notification Program Implementation Grants","","","No","No"
"EPA","2025","Brownfields Job Training Cooperative Agreements","","","No","No"
"EPA","2025","Brownfields Multipurpose, Assessment, Revolving Loan Fund, and Cleanup Cooperative Agreements","","","No","No"
"EPA","2025","Brownfields Training, Research, and Technical Assistance Grants and Cooperative Agreements","","","No","No"
"EPA","2025","Centers of Excellence for Stormwater Control Infrastructure Technologies Grant Program","","","No","No"
"EPA","2025","Clean Heavy-Duty Vehicles Program","","","No","No"
"EPA","2025","Clean Ports Program","","","No","No"
"EPA","2025","Clean School Bus Program - Grants and Rebates","0","","Yes","No"
"EPA","2025","Clean Water State Revolving Fund","","","No","No"
"EPA","2025","Climate Pollution Reduction Grants","","","No","No"
"EPA","2025","Commodities - Environmental Protection Agency","","","No","No"
"EPA","2025","Compliance Assistance Support for Services to the Regulated Community and Other Assistance Providers","","","No","No"
"EPA","2025","Congressionally Mandated Projects","","","No","No"
"EPA","2025","Consolidated Pesticide Enforcement Cooperative Agreements","","","No","No"
"EPA","2025","Construction Grants for Wastewater Treatment Works","0","","Yes","No"
"EPA","2025","Contaminated Alaska Native Claims Settlement Act Lands Assistance Agreements","","","No","No"
"EPA","2025","Contracts - Environmental Protection Agency","","","No","No"
"EPA","2025","Diesel Emission Reduction Act (DERA) National Grants","","","No","No"
"EPA","2025","Diesel Emissions Reduction Act (DERA) State Grants","","","No","No"
"EPA","2025","Direct Implementation Tribal Cooperative Agreements","","","No","No"
"EPA","2025","Disaster Relief Funds (2018)","","","No","No"
"EPA","2025","Drinking Water State Revolving Fund","0","","Yes","No"
"EPA","2025","Drinking Water System Infrastructure Resilience and Sustainability Program â€“ SDWA 1459A(l)","","","No","No"
"EPA","2025","Enhanced Aquifer Use and Recharge Program","","","No","No"
"EPA","2025","Environmental and Climate Justice Community Change Grants Program","0","","Yes","No"
"EPA","2025","Environmental Education Grants Program","","","No","No"
"EPA","2025","Environmental Finance Center Grants","","","No","No"
"EPA","2025","Environmental Information Exchange Network Grant Program and Related Assistance","","","No","No"
"EPA","2025","Environmental Justice Collaborative Problem- Solving Cooperative Agreement Program","0","","Yes","No"
"EPA","2025","Environmental Justice Government-to-Government (EJG2G) Program","0","","Yes","No"
"EPA","2025","Environmental Justice Small Grant Program","0","","Yes","No"
"EPA","2025","Environmental Justice Thriving Communities Grantmaking Program (EJ TCGM)","0","","Yes","No"
"EPA","2025","Environmental Policy and Innovation Grants","","","No","No"
"EPA","2025","Environmental Protection Consolidated Grants for the Insular Areas - Program Support","","","No","No"
"EPA","2025","Financial Assistance For Community Support Activities To Address Environmental Justice Issues","0","","Yes","No"
"EPA","2025","Geographic Programs - Chesapeake Bay Program Implementation, Regulatory/Accountability and Monitoring Grants","","","No","No"
"EPA","2025","Geographic Programs - Chesapeake Bay Program","","","No","No"
"EPA","2025","Geographic Programs - Coastal Wetlands Planning Protection and Restoration Act","","","No","No"
"EPA","2025","Geographic Programs - Columbia River Basin Restoration (CRBR) Program","","","No","No"
"EPA","2025","Geographic Programs - Great Lakes Restoration Initiative","","","No","No"
"EPA","2025","Geographic Programs - Gulf Coast Ecosystem Restoration Council Comprehensive Plan Component","","","No","No"
"EPA","2025","Geographic Programs - Gulf of Mexico Program","","","No","No"
"EPA","2025","Geographic Programs - Lake Champlain Basin Program","","","No","No"
"EPA","2025","Geographic Programs - Lake Pontchartrain Basic Restoration Program (PRP) Improvement Fund","","","No","No"
"EPA","2025","Geographic Programs - Long Island Sound Program","","","No","No"
"EPA","2025","Geographic Programs - Puget Sound Action Agenda: Technical Investigations and Implementation Assistance Program","","","No","No"
"EPA","2025","Geographic Programs - Puget Sound Protection and Restoration: Tribal Implementation Assistance Program","","","No","No"
"EPA","2025","Geographic Programs - San Francisco Bay Water Quality","","","No","No"
"EPA","2025","Geographic Programs - South Florida Geographic Initiatives Program","","","No","No"
"EPA","2025","Geographic Programs - Southeast New England Coastal Watershed Restoration Program","","","No","No"
"EPA","2025","Greenhouse Gas and Zero Emission On-road Mobile Source Standards","","","No","No"
"EPA","2025","Greenhouse Gas Reduction Fund: Clean Communities Investment Accelerator","0","","Yes","No"
"EPA","2025","Greenhouse Gas Reduction Fund: National Clean Investment Fund","0","","Yes","No"
"EPA","2025","Greenhouse Gas Reduction Fund: Solar for All","0","","Yes","No"
"EPA","2025","Hazardous Waste Management Grant Program for Tribes","","","No","No"
"EPA","2025","Hazardous Waste Management State Program Support","","","No","No"
"EPA","2025","Headquarters and Regional Underground Storage Tanks Program","","","No","No"
"EPA","2025","Healthy Communities Grant Program","","","No","No"
"EPA","2025","Healthy Environmental Living Program (HELP)","","","No","No"
"EPA","2025","Healthy Watersheds Consortium Grant Program","","","No","No"
"EPA","2025","Hydrofluorocarbon Reclaim and Innovative Destruction Grants","","","No","No"
"EPA","2025","Indian Environmental General Assistance Program (GAP)","","","No","No"
"EPA","2025","Innovative Water Infrastructure Workforce Development Program (SDWA 1459E)","","","No","No"
"EPA","2025","Innovative Water Technology Grant Program","","","No","No"
"EPA","2025","International Compliance and Enforcement Projects","","","No","No"
"EPA","2025","International Financial Assistance Projects Sponsored by the Office of International and Tribal Affairs","","","No","No"
"EPA","2025","Internships, Training, and Workshops for the Environmental Protection Agency's (EPA) Office of Air and Radiation","","","No","No"
"EPA","2025","Leaking Underground Storage Tank Trust Fund Corrective Action Program","","","No","No"
"EPA","2025","Multipurpose Grants to States and Tribes","","","No","No"
"EPA","2025","National Environmental Education Training Program","","","No","No"
"EPA","2025","National Estuary Program","","","No","No"
"EPA","2025","National Wetland Program Development Grants and Five- Star Restoration Training Grant","","","No","No"
"EPA","2025","Nonpoint Source Implementation Grants","","","No","No"
"EPA","2025","Non-State Member Support for the Gulf Hypoxia Action Plan","","","No","No"
"EPA","2025","Office of Research and Development Consolidated Research/Training/Fellowships","","","No","No"
"EPA","2025","Ozone Transport Commission","","","No","No"
"EPA","2025","P3 Award: National Student Design Competition for Sustainability","","","No","No"
"EPA","2025","Payroll - Environmental Protection Agency","","","No","No"
"EPA","2025","Performance Partnership Grants","","","No","No"
"EPA","2025","Pesticide Environmental Stewardship Program (PESP) Grants","","","No","No"
"EPA","2025","Pesticide Registration Improvement Act Employee Training","","","No","No"
"EPA","2025","Pollution Prevention Grants Program","","","No","No"
"EPA","2025","PRIA 5: Farm Worker and Health Care Provider Training and Education Grants","","","No","No"
"EPA","2025","Protection of Children from Environmental Health Risks","","","No","No"
"EPA","2025","Purchase Cards - Environmental Protection Agency","","","No","No"
"EPA","2025","Reduce, Reuse, Recycling Education and Outreach Grants","","","No","No"
"EPA","2025","Reducing Embodied Greenhouse Gas Emissions for Construction Materials and Products","","","No","No"
"EPA","2025","Reducing Lead in Drinking Water (SDWA 1459B)","","","No","No"
"EPA","2025","Regional Applied Research Efforts (RARE)","","","No","No"
"EPA","2025","Regional Wetland Program Development Grants","","","No","No"
"EPA","2025","Research, Development, Monitoring, Public Education, Outreach, Training, Demonstrations, and Studies","","","No","No"
"EPA","2025","Response to Emergency Situations Affecting Public Water Systems (SDWA 1442b)","","","No","No"
"EPA","2025","Science To Achieve Results (STAR) Research Program","","","No","No"
"EPA","2025","Senior Environmental Employment Program","","","No","No"
"EPA","2025","Settlements - Environmental Protection Agency","","","No","No"
"EPA","2025","Sewer Overflow and Stormwater Reuse Municipal Grant Program","","","No","No"
"EPA","2025","Solid Waste Infrastructure for Recycling Infrastructure Grants","","","No","No"
"EPA","2025","Solid Waste Management Assistance Grants","","","No","No"
"EPA","2025","Source Reduction Assistance","","","No","No"
"EPA","2025","State and Tribal Indoor Radon Grants","","","No","No"
"EPA","2025","State and Tribal Response Program Grants","","","No","No"
"EPA","2025","State Programs for Control of Coal Combustion Residuals","","","No","No"
"EPA","2025","State Public Water System Supervision","","","No","No"
"EPA","2025","State Senior Environmental Employment Program","","","No","No"
"EPA","2025","State Underground Water Source Protection","","","No","No"
"EPA","2025","Superfund State and Indian Tribe Combined Cooperative Agreements (Site-Specific and Core)","","","No","No"
"EPA","2025","Superfund State and Indian Tribe Core Program Cooperative Agreements","","","No","No"
"EPA","2025","Superfund State, Political Subdivision, and Indian Tribe Site-Specific Cooperative Agreements","","","No","No"
"EPA","2025","Superfund Technical Assistance Grants (TAG) for Community Groups at National Priority List (NPL) Sites","","","No","No"
"EPA","2025","Support for the Gulf Hypoxia Action Plan","","","No","No"
"EPA","2025","Surveys, Studies, Investigations and Special Purpose Grants within the Office of Research and Development","","","No","No"
"EPA","2025","Surveys, Studies, Investigations and Special Purpose Grants within the Office of the Administrator","","","No","No"
"EPA","2025","Surveys, Studies, Investigations, Demonstrations, and Training Grants - Section 1442 of the Safe Drinking Water Act","","","No","No"
"EPA","2025","Surveys, Studies, Investigations, Demonstrations, and Training Grants and Cooperative Agreements - Section 104(b)(3) of the Clean Water Act","","","No","No"
"EPA","2025","Surveys, Studies, Investigations, Training and Special Purpose Activities Relating to Environmental Justice","","","No","No"
"EPA","2025","Surveys, Studies, Research, Investigations, Demonstrations, and Special Purpose Activities Relating to the Clean Air Act Air and Radiation","","","No","No"
"EPA","2025","Targeted Airshed Grant Program","","","No","No"
"EPA","2025","Technical Assistance for Treatment Works (Clean Water Act [CWA] Section 104(b)(8))","0","","Yes","No"
"EPA","2025","Temporally Integrated Monitoring of Ecosystems (TIME) and Long-Term Monitoring (LTM) Program","","","No","No"
"EPA","2025","Toxic Substances Compliance Monitoring Cooperative Agreements","","","No","No"
"EPA","2025","Training, Investigations, and Special Purpose Activities of Federally-Recognized Indian Tribes Consistent With the Clean Air Act (CAA), Tribal Sovereignty and the Protection and Management of Air Quality","","","No","No"
"EPA","2025","Travel - Environmental Protection Agency","","","No","No"
"EPA","2025","TSCA Title IV State Lead Grants Certification of Lead-Based Paint Professionals","","","No","No"
"EPA","2025","Underground Injection Control Program Grants: Class VI Carbon Sequestration Wells","","","No","No"
"EPA","2025","Underground Storage Tank (UST) Prevention, Detection, and Compliance Program","","","No","No"
"EPA","2025","Urban Waters Small Grants","","","No","No"
"EPA","2025","Voluntary School and Child Care Lead Testing and Reduction Grant Program (SDWA 1464(d))","","","No","No"
"EPA","2025","Water Infrastructure Finance and Innovation Act Program (WIFIA) - Loans","","","No","No"
"EPA","2025","Water Infrastructure Improvements for the Nation Small and Underserved Communities Emerging Contaminants Grant Program","","","No","No"
"EPA","2025","Water Pollution Control State, Interstate, and Tribal Program Support","","","No","No"
"EPA","2025","Water Quality Management Planning","","","No","No"
"EPA","2025","Wildfire Smoke Preparedness in Community Buildings Grant Program","","","No","No"
"EXIM","2022","Cash-control Disbursements","0","No","",""
"EXIM","2022","Long-term Authorizations","0","No","",""
"EXIM","2022","Medium-term Authorizations","0","No","",""
"EXIM","2022","Short-term Authorizations","0","No","",""
"EXIM","2023","Cash-control Disbursements","0","","Yes","No"
"EXIM","2023","Long-term Authorizations","0","","Yes","No"
"EXIM","2023","Medium-term Authorizations","0","","Yes","No"
"EXIM","2023","Short-term Authorizations","0","","Yes","No"
"EXIM","2024","Cash-control Disbursements","0","","No","No"
"EXIM","2024","Long-term Authorizations","0","","No","No"
"EXIM","2024","Medium-term Authorizations","0","","No","No"
"EXIM","2024","Short-term Authorizations","0","","No","No"
"EXIM","2025","Cash-Control Disbursements","","","No","No"
"EXIM","2025","Long-Term Authorizations","","","No","No"
"EXIM","2025","Medium-Term Authorizations","","","No","No"
"EXIM","2025","Short-Term Authorizations","","","No","No"
"FCC","2019","Federal Communications Commission Operating Expenses","","No","",""
"FCC","2019","North American Numbering Plan","","No","",""
"FCC","2019","Telecommunications Relay Service","","No","",""
"FCC","2019","TV Broadcasting Relocation Fund","","No","",""
"FCC","2019","Universal Service Administrative Company (USAC) - Administrative Costs","","No","",""
"FCC","2020","COVID-19 Telehealth","","NO","",""
"FCC","2020","Federal Communications Commission Operating Expenses","","NO","",""
"FCC","2020","North American Numbering Plan","","NO","",""
"FCC","2020","Telecommunications Relay Service","","NO","",""
"FCC","2020","TV Broadcasting Relocation Fund","","NO","",""
"FCC","2020","Universal Service Administrative Company (USAC) - Administrative Costs","","NO","",""
"FCC","2021","COVID-19 Telehealth","","No","",""
"FCC","2021","Federal Communications Commission Operating Expenses","","No","",""
"FCC","2021","Telecommunications Relay Service","","No","",""
"FCC","2021","TV Broadcasting Relocation Fund","","No","",""
"FCC","2021","Universal Service Administrative Company (USAC) - Administrative Costs","","No","",""
"FCC","2021","Universal Service Fund - High Cost Legacy","","Yes","",""
"FCC","2022","Telecommunications Relay Service","0","Yes","",""
"FCC","2022","Universal Service Fund - Rural Health Care","0","No","",""
"FCC","2023","COVID-19 Telehealth","0","","Yes","No"
"FCC","2023","FCC Affordable Connectivity Program (ACP)","0","","Yes","No"
"FCC","2023","FCC Emergency Connectivity Fund (ECF)","0","","Yes","No"
"FCC","2023","FCC Secured & Trusted Communications Network Reimbursement Program (STCNRP)","0","","Yes","No"
"FCC","2023","Federal Communications Commission Operating Expenses","0","","Yes","No"
"FCC","2023","Telecommunications Relay Service","0","","No","No"
"FCC","2023","TV Broadcasting Relocation Fund","0","","Yes","No"
"FCC","2023","Universal Service Administrative Company (USAC) - Administrative Costs","0","","Yes","No"
"FCC","2023","Universal Service Fund - High Cost Legacy","0","","No","No"
"FCC","2023","Universal Service Fund - High Cost Modernized","0","","No","No"
"FCC","2023","Universal Service Fund – Lifeline","0","","No","No"
"FCC","2023","Universal Service Fund - Rural Health Care","0","","No","No"
"FCC","2023","Universal Service Fund - Schools and Libraries","0","","No","No"
"FCC","2024","COVID-19 Telehealth","0","","No","No"
"FCC","2024","FCC Affordable Connectivity Program (ACP)","0","","No","No"
"FCC","2024","FCC Affordable Connectivity Program Outreach Grants","0","","No","No"
"FCC","2024","FCC Emergency Connectivity Fund (ECF)","0","","No","No"
"FCC","2024","FCC Secured & Trusted Communications Network Reimbursement Program (STCNRP)","0","","No","No"
"FCC","2024","Federal Communications Commission Operating Expenses","0","","No","No"
"FCC","2024","Telecommunications Relay Service","0","","No","No"
"FCC","2024","Universal Service Administrative Company (USAC) - Administrative Costs","0","","No","No"
"FCC","2024","Universal Service Fund - High Cost Legacy","0","","No","No"
"FCC","2024","Universal Service Fund - High Cost Modernized","0","","No","No"
"FCC","2024","Universal Service Fund – Lifeline","0","","No","No"
"FCC","2024","Universal Service Fund - Rural Health Care","0","","No","No"
"FCC","2024","Universal Service Fund - Schools and Libraries","0","","No","No"
"FCC","2025","FCC Affordable Connectivity Program (ACP)","","","No","No"
"FCC","2025","FCC Affordable Connectivity Program Outreach Grants","","","No","No"
"FCC","2025","FCC Emergency Connectivity Fund (ECF)","","","No","No"
"FCC","2025","FCC Secured & Trusted Communications Network Reimbursement Program (STCNRP)","0","","Yes","Yes"
"FCC","2025","Federal Communications Commission Operating Expenses","","","No","No"
"FCC","2025","Telecommunications Relay Service","","","No","No"
"FCC","2025","Universal Service Administrative Company (USAC) - Administrative Costs","","","No","No"
"FCC","2025","Universal Service Fund – Cybersecurity Pilot Program","","","No","No"
"FCC","2025","Universal Service Fund - High Cost Legacy","","","No","No"
"FCC","2025","Universal Service Fund - High Cost Modernized","0","","Yes","No"
"FCC","2025","Universal Service Fund – Lifeline","","","No","No"
"FCC","2025","Universal Service Fund - Rural Health Care","0","","Yes","No"
"FCC","2025","Universal Service Fund - Schools and Libraries","","","No","No"
"FEC","2023","Federal Election Campaign Act (FECA)","0","","No","No"
"FEC","2024","Federal Election Campaign Act (FECA)","0","","Yes","No"
"FEC","2025","Federal Election Campaign Act (FECA)","","","No","No"
"FERC","2024","Payroll - Federal Energy Regulatory Commission","0","","Yes","No"
"FERC","2024","Vendor/Contract - Federal Energy Regulatory Commission","0","","Yes","No"
"FERC","2025","Payroll - Federal Energy Regulatory Commission","","","No","No"
"FERC","2025","Vendor/Contract - Federal Energy Regulatory Commission","","","No","No"
"FLRA","2025","Claims and/or Vouchers","0","","Yes","No"
"FLRA","2025","Contract Payments and/or Invoices","0","","Yes","No"
"FLRA","2025","Federal Employee Payments, including Payroll","0","","Yes","No"
"FLRA","2025","Purchase Card","0","","Yes","No"
"FLRA","2025","Travel Card","0","","Yes","No"
"FMC","2020","Office of Inspector General","","NO","",""
"FMC","2020","Operations and Administration","","NO","",""
"FTC","2024","Payroll","0","","Yes","No"
"FTC","2024","Vendor Contract","0","","Yes","No"
"FTC","2025","Payroll","","","No","No"
"FTC","2025","Vendor Contract","","","No","No"
"GCRC","2023","Comprehensive Plan Expenses","0","","No","No"
"GCRC","2023","Comprehensive Plan Projects and Programs","0","","No","No"
"GCRC","2023","Spill Impact Projects and Programs","0","","No","No"
"GCRC","2024","Comprehensive Plan Expenses","0","","No","No"
"GCRC","2024","Comprehensive Plan Projects and Programs","0","","No","No"
"GCRC","2024","Spill Impact Projects and Programs","0","","No","No"
"GCRC","2025","Gulf Coast Ecosystem Restoration Council Comprehensive Plan Component Program","0","","Yes","No"
"GCRC","2025","Gulf Coast Ecosystem Restoration Council Oil Spill Impact Program","0","","Yes","No"
"GSA","2019","Common Acquisition Platform (CAP)","","No","",""
"GSA","2019","Direct Program Activity","","No","",""
"GSA","2019","Disaster Emergency Funds","","No","",""
"GSA","2019","Environmental Review Improvement","","No","",""
"GSA","2019","IT Modernization and Development","","No","",""
"GSA","2019","Reimbursable Program Activity","","No","",""
"GSA","2020","Employee Payments","","NO","",""
"GSA","2020","Purchase Cards","","NO","",""
"GSA","2021","Acquisition Services Fund - Operating","","No","",""
"GSA","2021","Assisted Acquisition Services (AAS)","","No","",""
"GSA","2021","Audit Contracts and Contract Administration","","No","",""
"GSA","2021","Building Operations","","No","",""
"GSA","2021","Construction and Acquisition of Facilities","","No","",""
"GSA","2021","Disaster Emergency Funds","","No","",""
"GSA","2021","Government-wide Policy (Reimbursable)","","No","",""
"GSA","2021","Government-wide Policy","","No","",""
"GSA","2021","Information Technology Category","","No","",""
"GSA","2021","Integrated Award Environment","","No","",""
"GSA","2021","Office of Products and Programs","","No","",""
"GSA","2021","Operating Expenses (Direct)","","No","",""
"GSA","2021","Rental of Space","","No","",""
"GSA","2021","Repairs and Alterations","","No","",""
"GSA","2021","Sale of Federal Surplus Personal Property","","No","",""
"GSA","2021","Special Services and Improvements","","No","",""
"GSA","2021","Technology Transformation Service","","No","",""
"GSA","2021","Travel, Transportation, and Logistics Categories","","No","",""
"GSA","2021","Working Capital Fund (Reimbursable)","","No","",""
"GSA","2022","Acquisition Workforce Training","0","No","",""
"GSA","2023","Acquisition Services Fund - Operating","0","","No","No"
"GSA","2023","Assisted Acquisition Services (AAS)","0","","No","No"
"GSA","2023","Audit Contracts and Contract Administration","0","","No","No"
"GSA","2023","Building Operations","0","","No","No"
"GSA","2023","Construction and Acquisition of Facilities","0","","No","No"
"GSA","2023","Disaster Emergency Funds","0","","No","No"
"GSA","2023","Employee Payments","0","","Yes","No"
"GSA","2023","Government-wide Policy (Reimbursable)","0","","No","No"
"GSA","2023","Government-wide Policy","0","","No","No"
"GSA","2023","Information Technology Category","0","","No","No"
"GSA","2023","Office of Products and Programs","0","","No","No"
"GSA","2023","Operating Expenses (Direct)","0","","No","No"
"GSA","2023","Purchase Cards","0","","Yes","No"
"GSA","2023","Rental of Space","0","","No","No"
"GSA","2023","Repairs and Alterations","0","","No","No"
"GSA","2023","Sale of Federal Surplus Personal Property","0","","No","No"
"GSA","2023","Special Services and Improvements","0","","No","No"
"GSA","2023","Technology Transformation Service","0","","No","No"
"GSA","2023","Travel, Transportation, and Logistics Categories","0","","No","No"
"GSA","2023","Working Capital Fund (Reimbursable)","0","","No","No"
"GSA","2024","Acquisition Services Fund - Operating","0","","Yes","No"
"GSA","2024","Acquisition Workforce Training","0","","No","No"
"GSA","2024","Assisted Acquisition Services (AAS)","0","","Yes","No"
"GSA","2024","Building Operations","0","","Yes","No"
"GSA","2024","Construction and Acquisition of Facilities","0","","Yes","No"
"GSA","2024","Disaster Emergency Funds","0","","Yes","No"
"GSA","2024","Employee Payments","0","","No","No"
"GSA","2024","Federal Citizen Services Fund","0","","Yes","No"
"GSA","2024","Government-wide Policy (Reimbursable)","0","","Yes","No"
"GSA","2024","Government-wide Policy","0","","Yes","No"
"GSA","2024","Information Technology Category","0","","Yes","No"
"GSA","2024","Infrastructure Investment and Jobs Act","0","","Yes","No"
"GSA","2024","Integrated Award Environment","0","","Yes","No"
"GSA","2024","Multiyear 2021-2025 ARP","0","","Yes","No"
"GSA","2024","Office of Products and Programs","0","","Yes","No"
"GSA","2024","Operating Expenses (Direct)","0","","Yes","No"
"GSA","2024","Purchase Cards","0","","No","No"
"GSA","2024","Rental of Space","0","","Yes","No"
"GSA","2024","Repairs and Alterations","0","","Yes","No"
"GSA","2024","Sale of Federal Surplus Personal Property","0","","Yes","No"
"GSA","2024","Special Services and Improvements","0","","Yes","No"
"GSA","2024","Technology Transformation Service","0","","Yes","No"
"GSA","2024","Travel Cards","0","","Yes","No"
"GSA","2024","Travel, Transportation, and Logistics Categories","0","","Yes","No"
"GSA","2024","Working Capital Fund (Reimbursable)","0","","Yes","No"
"GSA","2025","Acquisition Workforce Training","0","","Yes","No"
"GSA","2025","Allowances, Pensions, And Office Staff","","","No","No"
"GSA","2025","American Rescue Plan","","","No","No"
"GSA","2025","Assisted Acquisition Services (AAS)","","","No","No"
"GSA","2025","Audit Contracts And Contract Administration","0","","Yes","No"
"GSA","2025","Building Operations","","","No","No"
"GSA","2025","Construction and Acquisition of Facilities","","","No","No"
"GSA","2025","Digital Services","","","No","No"
"GSA","2025","Direct Program Activity","","","No","No"
"GSA","2025","Disaster Emergency Funds","","","No","No"
"GSA","2025","Disposal of Federal Surplus Real Property","","","No","No"
"GSA","2025","Donation of Federal Surplus Personal Property","","","No","No"
"GSA","2025","Electronic Government","","","No","No"
"GSA","2025","Employee Payments","","","No","No"
"GSA","2025","Federal Citizen Services Fund","","","No","No"
"GSA","2025","General Supplies and Services (GSS)","","","No","No"
"GSA","2025","Government-wide Policy (Reimbursable)","","","No","No"
"GSA","2025","Government-wide Policy","","","No","No"
"GSA","2025","Inflation Reduction Act","0","","Yes","No"
"GSA","2025","Information Technology Category","","","No","No"
"GSA","2025","Infrastructure Investment and Jobs Act","","","No","No"
"GSA","2025","Installment Acquisition Payments","","","No","No"
"GSA","2025","Integrated Award Environment","","","No","No"
"GSA","2025","IT Modernization and Development","","","No","No"
"GSA","2025","Lapsed Balances","","","No","No"
"GSA","2025","Multiyear 2021-2025 ARP","","","No","No"
"GSA","2025","Office of Products and Programs","","","No","No"
"GSA","2025","Operating Expenses (Direct)","","","No","No"
"GSA","2025","Operating Expenses (Reimbursable)","","","No","No"
"GSA","2025","Pre-Election Transition","","","No","No"
"GSA","2025","Presidential Transition","","","No","No"
"GSA","2025","Professional Services and Human Capital","","","No","No"
"GSA","2025","Purchase Cards","","","No","No"
"GSA","2025","Real Property Relocation","","","No","No"
"GSA","2025","Real Property Utilization And Disposal","","","No","No"
"GSA","2025","Reimbursable Program Activity","","","No","No"
"GSA","2025","Rental of Space","","","No","No"
"GSA","2025","Repairs and Alterations","","","No","No"
"GSA","2025","Sale of Federal Surplus Personal Property","","","No","No"
"GSA","2025","Space Management","","","No","No"
"GSA","2025","Special Services and Improvements","","","No","No"
"GSA","2025","Technology Modernization Fund","","","No","No"
"GSA","2025","Technology Transformation Service","","","No","No"
"GSA","2025","Travel Cards","","","No","No"
"GSA","2025","Travel, Transportation, and Logistics Categories","","","No","No"
"GSA","2025","Unconditional Gifts","","","No","No"
"GSA","2025","Working Capital Fund (Direct)","","","No","No"
"GSA","2025","Working Capital Fund (Reimbursable)","","","No","No"
"HHS","2019","?FDA Vendor Disbursements","","No","",""
"HHS","2019","ACF Title V Maternal and Child Health Services Block Grant to the States Program","","No","",""
"HHS","2019","Administration for Children and Families (ACF) - Low-Income Home Energy Assistance","","No","",""
"HHS","2019","Administration for Children and Families (ACF) - Temporary Assistance for Needy Families","","No","",""
"HHS","2019","Agency for Healthcare Research and Quality (AHRQ) - Research on Health Costs, Quality, and Outcomes","","No","",""
"HHS","2019","CDC National Tobacco Education Program","","No","",""
"HHS","2019","CDC Pasteur Foundation","","No","",""
"HHS","2019","Centers for Disease Control and Prevention (CDC) Vaccines for Children","","No","",""
"HHS","2019","Centers for Medicare & Medicaid Services (CMS) - Basic Health Program","","No","",""
"HHS","2019","Centers for Medicare & Medicaid Services (CMS) - Federal Exchange Operations","","No","",""
"HHS","2019","Centers for Medicare & Medicaid Services (CMS) - Navigator Grants","","No","",""
"HHS","2019","Centers for Medicare & Medicaid Services (CMS) - Private Insurance Risk Adjustment Program","","No","",""
"HHS","2019","Centers for Medicare & Medicaid Services (CMS) Consumer Operated and Oriented Plan","","No","",""
"HHS","2019","Centers for Medicare & Medicaid Services (CMS) Risk Corridors","","No","",""
"HHS","2019","Centers for Medicare & Medicaid Services (CMS) State Marketplace Establishment Grants","","No","",""
"HHS","2019","Centers for Medicare & Medicaid Services (CMS) Transitional Reinsurance","","No","",""
"HHS","2019","Centers for Medicare & Medicaid Services (CMS) Women’s Preventive Services Exemption","","No","",""
"HHS","2019","FDA Charge Cards","","No","",""
"HHS","2019","HRSA Bureau of Health Workforce Loan Repayment Programs","","No","",""
"HHS","2019","HRSA Bureau of Health Workforce Scholarship Programs","","No","",""
"HHS","2019","Indian Health Service (IHS) - Hospitals and Health Clinics (Clinical Services)","","No","",""
"HHS","2019","Indian Health Service (IHS) - Purchased/Referred Care (Clinical Services)","","No","",""
"HHS","2019","National Institutes of Health (NIH) - Office of the Director","","No","",""
"HHS","2019","National Institutes of Health (NIH) National Institute of Allergy and Infectious Diseases (NIAID)","","No","",""
"HHS","2019","National Institutes of Health (NIH) National Institute of Environmental Health Sciences (NIEHS)","","No","",""
"HHS","2019","Office of the National Coordinator for Health Information Technology (ONC) Closing the Gap between Standards Development and Implementation Maturing the Consolidated Clinical Document Architecture and Fast Healthcare Interoperability Resources","","No","",""
"HHS","2019","Office of the National Coordinator for Health Information Technology (ONC) Market Transparency Project for Health Information Technology Interoperability Services","","No","",""
"HHS","2019","OS Office of Minority Health","","No","",""
"HHS","2019","SAMHSA Alcohol and Substance Abuse","","No","",""
"HHS","2019","Substance Abuse and Mental Health Services Administration (SAMHSA) - State Opioid Response","","No","",""
"HHS","2020","ACF Child Support Incentive Payments","","NO","",""
"HHS","2020","ACF State Child Support Administrative Costs","","NO","",""
"HHS","2020","Administration for Children and Families (ACF) - Community Services Block Grant","","NO","",""
"HHS","2020","Administration for Children and Families (ACF) - Social Services Block Grant","","NO","",""
"HHS","2020","Administration for Community Living (ACL) - State Aging Formula Programs","","NO","",""
"HHS","2020","Administration for Strategic Preparedness & Response (ASPR) Office of Preparedness","","NO","",""
"HHS","2020","Agency for Healthcare Research and Quality (AHRQ) - Program Support","","NO","",""
"HHS","2020","ASPR Emergency Management and Medical Operations - Regional Operations","","NO","",""
"HHS","2020","Centers for Disease Control and Prevention (CDC) - National Center for HIV, Viral Hepatitis, STD, and TB Prevention","","NO","",""
"HHS","2020","Centers for Disease Control and Prevention (CDC) Vaccines for Children","","NO","",""
"HHS","2020","Centers for Medicare & Medicaid Services (CMS) - Medicare Shared Savings (Hospital Insurance)","","NO","",""
"HHS","2020","Centers for Medicare & Medicaid Services (CMS) Merit-Based Incentive Payment System","","NO","",""
"HHS","2020","Food and Drug Administration (FDA) - Foods","","NO","",""
"HHS","2020","Food and Drug Administration (FDA) - Reimbursable Program - User Fees","","NO","",""
"HHS","2020","Indian Health Service (IHS) - Contract Support Costs","","NO","",""
"HHS","2020","Indian Health Service (IHS) - Purchased/Referred Care (Clinical Services)","","NO","",""
"HHS","2020","National Institutes of Health (NIH) Contract Payments","","NO","",""
"HHS","2020","National Institutes of Health (NIH) Purchase Care Program","","NO","",""
"HHS","2020","OASH Office on Women's Health","","NO","",""
"HHS","2020","Office of the National Coordinator for Health Information Technology (ONC) Certified Health IT Surveillance Capacity and Infrastructure Improvement Cooperative Agreement Program","","NO","",""
"HHS","2020","Office of the National Coordinator for Health Information Technology (ONC) Closing the Gap between Standards Development and Implementation Maturing the Consolidated Clinical Document Architecture and Fast Healthcare Interoperability Resources","","NO","",""
"HHS","2021","Administration for Children and Families (ACF) - Adoption Assistance","","No","",""
"HHS","2021","Administration for Children and Families (ACF) - Child Welfare Research Training or Demonstration","","No","",""
"HHS","2021","Administration for Children and Families (ACF) - Community Services Block Grant","","No","",""
"HHS","2021","Administration for Children and Families (ACF) - Family Violence Prevention and Services/Discretionary","","No","",""
"HHS","2021","Administration for Children and Families (ACF) - Foster Care Title IV-E","","Yes","",""
"HHS","2021","Administration for Children and Families (ACF) - Guardianship Assistance","","No","",""
"HHS","2021","Administration for Children and Families (ACF) - Head Start","","Yes","",""
"HHS","2021","Administration for Children and Families (ACF) - Healthy Marriage Promotion and Responsible Fatherhood Grants","","No","",""
"HHS","2021","Administration for Children and Families (ACF) - Low-Income Home Energy Assistance","","No","",""
"HHS","2021","Administration for Children and Families (ACF) - Unaccompanied Alien Children Program","","No","",""
"HHS","2021","Administration for Community Living (ACL) - State Aging Formula Programs","","No","",""
"HHS","2021","Agency for Healthcare Research and Quality (AHRQ) - Medical Expenditure Panel Survey","","No","",""
"HHS","2021","CDC Office of Operations","","No","",""
"HHS","2021","Centers for Disease Control and Prevention (CDC) Office of Readiness and Response","","No","",""
"HHS","2021","Centers for Medicare & Medicaid Services (CMS) Medicare Fee-for-Service (FFS) - Accelerated and Advance Payment Program","","No","",""
"HHS","2021","Centers for Medicare & Medicaid Services (CMS) Quality Activities (Medicare Fee-for-Service)","","No","",""
"HHS","2021","Food and Drug Administration (FDA) - Center for Biologics","","No","",""
"HHS","2021","Food and Drug Administration (FDA) - Center for Devices and Radiological Health","","No","",""
"HHS","2021","Food and Drug Administration (FDA) - GSA Rental Payments","","No","",""
"HHS","2021","Food and Drug Administration (FDA) - Human Drugs","","No","",""
"HHS","2021","Food and Drug Administration (FDA) - Other Rent and Rent Related Activities","","No","",""
"HHS","2021","Food and Drug Administration (FDA) - Working Capital Fund","","No","",""
"HHS","2021","Health Resources and Services Administration (HRSA) - Primary Health Care Health Centers and Free Clinics","","No","",""
"HHS","2021","Health Resources and Services Administration (HRSA) - Primary Health Care","","No","",""
"HHS","2021","Health Resources and Services Administration (HRSA) - Provider Relief Fund General and Targeted","","Yes","",""
"HHS","2021","Health Resources and Services Administration (HRSA) - Provider Relief Fund Uninsured","","Yes","",""
"HHS","2021","Indian Health Service (IHS) Clinical Services - Testing, Tracing, Containment, Mitigation, and Related Activities (Transfer from Public Health Emergency and Social Services Emergency Fund) - Disaster Relief","","No","",""
"HHS","2021","Indian Health Service (IHS) Testing, Contact Tracing, Monitoring, and Mitigation - Disaster Relief","","No","",""
"HHS","2021","National Institutes of Health (NIH) - National Cancer Institute","","No","",""
"HHS","2021","National Institutes of Health (NIH) Small Business Innovation Research","","No","",""
"HHS","2021","SAMHSA Mental Health","","No","",""
"HHS","2021","SAMHSA Substance Abuse Treatment","","No","",""
"HHS","2022","Administration for Children and Families (ACF) - Affordable Care Act (ACA) Personal Responsibility Education Program","0","No","",""
"HHS","2022","Administration for Children and Families (ACF) - Assistance for Torture Victims","0","No","",""
"HHS","2022","Administration for Children and Families (ACF) - Basic Center Grant","0","No","",""
"HHS","2022","Administration for Children and Families (ACF) - Chafee Education and Training Vouchers Program (ETV)","0","No","",""
"HHS","2022","Administration for Children and Families (ACF) - Child Care Stabilization Grants (American Rescue Plan)","0","No","",""
"HHS","2022","Administration for Children and Families (ACF) - Education and Prevention Grants to Reduce Sexual Abuse of Runaway, Homeless and Street Youth","0","No","",""
"HHS","2022","Administration for Children and Families (ACF) - John H. Chafee Foster Care Program for Successful Transition to Adulthood","0","No","",""
"HHS","2022","Administration for Children and Families (ACF) - Low Income Household Water Assistance Program","0","No","",""
"HHS","2022","Administration for Children and Families (ACF) - Payments to Territories - Adults","0","No","",""
"HHS","2022","Administration for Children and Families (ACF) - Refugee and Entrant Assistance Discretionary Grants","0","No","",""
"HHS","2022","Administration for Children and Families (ACF) - Refugee and Entrant Assistance State/Replacement Designee Administered Programs","0","No","",""
"HHS","2022","Administration for Children and Families (ACF) - Refugee and Entrant Assistance Voluntary Agency Programs","0","No","",""
"HHS","2022","Administration for Children and Families (ACF) - Sexual Risk Avoidance Education","0","No","",""
"HHS","2022","Administration for Children and Families (ACF) - Title V Sexual Risk Avoidance Education Program (Discretionary Grants)","0","No","",""
"HHS","2022","Administration for Children and Families (ACF) - Title V State Sexual Risk Avoidance Education (Title V State SRAE) Program","0","No","",""
"HHS","2022","Administration for Children and Families (ACF) - Transitional Living for Homeless Youth","0","No","",""
"HHS","2022","Administration for Community Living (ACL) - State Aging Formula Programs","0","No","",""
"HHS","2022","Agency for Healthcare Research and Quality (AHRQ) - Program Support","0","No","",""
"HHS","2022","Centers for Disease Control and Prevention (CDC) - National Center for Chronic Disease Prevention and Health Promotion","0","No","",""
"HHS","2022","Centers for Medicare & Medicaid Services (CMS) - Medicare-Medicaid Coordination","0","No","",""
"HHS","2022","Centers for Medicare & Medicaid Services (CMS) - Primary Care First Model Options","0","No","",""
"HHS","2022","Food and Drug Administration (FDA) - Animal Drugs and Feed","0","No","",""
"HHS","2022","Food and Drug Administration (FDA) - Buildings and Facilities","0","No","",""
"HHS","2022","Food and Drug Administration (FDA) - Coronavirus Emergency Funding Supplemental","0","No","",""
"HHS","2022","Food and Drug Administration (FDA) - National Center for Toxicological Research","0","No","",""
"HHS","2022","Food and Drug Administration (FDA) - Other Headquarters Activities","0","No","",""
"HHS","2022","Food and Drug Administration (FDA) - Payment to FDA Innovation","0","No","",""
"HHS","2022","Food and Drug Administration (FDA) - User fees (Non General Fund)","0","No","",""
"HHS","2022","Health Resources and Services Administration (HRSA) - Compensation Claims for Post-FY 1989 Injuries","0","No","",""
"HHS","2022","Health Resources and Services Administration (HRSA) - Health Workforce","0","No","",""
"HHS","2022","Indian Health Service (IHS) - Contract Support Costs","0","No","",""
"HHS","2022","Indian Health Service (IHS) Clinical Services - Testing, Tracing, Containment, Mitigation, and Related Activities (Transfer from Public Health Emergency and Social Services Emergency Fund) - Disaster Relief","0","No","",""
"HHS","2022","National Institutes of Health (NIH) National Institute of Allergy and Infectious Diseases (NIAID)","0","No","",""
"HHS","2022","National Institutes of Health (NIH) Rapid Acceleration of Diagnostics","0","No","",""
"HHS","2022","Substance Abuse and Mental Health Services Administration (SAMHSA) Congressional Directive Spending Projects","0","No","",""
"HHS","2022","Substance Abuse and Mental Health Services Administration (SAMHSA) National Suicide Prevention Lifeline Expansion","0","No","",""
"HHS","2023","Administration for Children and Families (ACF) - Adoption and Legal Guardianship Incentive Payments Program","0","","No","No"
"HHS","2023","Administration for Children and Families (ACF) - Adoption Assistance","0","","No","No"
"HHS","2023","Administration for Children and Families (ACF) - Adoption Opportunities","0","","No","No"
"HHS","2023","Administration for Children and Families (ACF) - Affordable Care Act (ACA) Personal Responsibility Education Program","0","","No","No"
"HHS","2023","Administration for Children and Families (ACF) - Assistance for Torture Victims","0","","No","No"
"HHS","2023","Administration for Children and Families (ACF) - Basic Center Grant","0","","No","No"
"HHS","2023","Administration for Children and Families (ACF) - Chafee Education and Training Vouchers Program (ETV)","0","","No","No"
"HHS","2023","Administration for Children and Families (ACF) - Child Abuse and Neglect Discretionary Activities","0","","Yes","No"
"HHS","2023","Administration for Children and Families (ACF) - Child Abuse and Neglect State Grants","0","","Yes","No"
"HHS","2023","Administration for Children and Families (ACF) - Child Care and Development Fund","0","","No","No"
"HHS","2023","Administration for Children and Families (ACF) - Child Support Services Research","0","","Yes","No"
"HHS","2023","Administration for Children and Families (ACF) - Child Support Services","0","","Yes","No"
"HHS","2023","Administration for Children and Families (ACF) - Child Welfare Research Training or Demonstration","0","","Yes","No"
"HHS","2023","Administration for Children and Families (ACF) - Children's Justice Grants to States","0","","Yes","No"
"HHS","2023","Administration for Children and Families (ACF) - Community Services Block Grant Discretionary Awards","0","","No","No"
"HHS","2023","Administration for Children and Families (ACF) - Community Services Block Grant","0","","No","No"
"HHS","2023","Administration for Children and Families (ACF) - Community-Based Child Abuse Prevention Grants","0","","Yes","No"
"HHS","2023","Administration for Children and Families (ACF) - Education and Prevention Grants to Reduce Sexual Abuse of Runaway, Homeless and Street Youth","0","","No","No"
"HHS","2023","Administration for Children and Families (ACF) - Enhance Safety of Children Affected by Substance Abuse","0","","No","No"
"HHS","2023","Administration for Children and Families (ACF) - Every Student Succeeds Act/Preschool Development Grants","0","","Yes","No"
"HHS","2023","Administration for Children and Families (ACF) - Family Violence Prevention and Services/Discretionary","0","","No","No"
"HHS","2023","Administration for Children and Families (ACF) - Family Violence Prevention and Services/Domestic Violence Shelter and Supportive Services","0","","No","No"
"HHS","2023","Administration for Children and Families (ACF) - Family Violence Prevention and Services/State Domestic Violence Coalitions","0","","No","No"
"HHS","2023","Administration for Children and Families (ACF) - Foster Care Title IV-E","0","","No","No"
"HHS","2023","Administration for Children and Families (ACF) - Grants to Culturally Specific Populations (American Rescue Plan)","0","","No","No"
"HHS","2023","Administration for Children and Families (ACF) - Grants to Support Survivors of Sexual Assault (American Rescue Plan)","0","","No","No"
"HHS","2023","Administration for Children and Families (ACF) - Guardianship Assistance","0","","No","No"
"HHS","2023","Administration for Children and Families (ACF) - Head Start","0","","No","No"
"HHS","2023","Administration for Children and Families (ACF) - Healthy Marriage Promotion and Responsible Fatherhood Grants","0","","No","No"
"HHS","2023","Administration for Children and Families (ACF) - John H. Chafee Foster Care Program for Successful Transition to Adulthood","0","","No","No"
"HHS","2023","Administration for Children and Families (ACF) - Low-Income Home Energy Assistance","0","","No","No"
"HHS","2023","Administration for Children and Families (ACF) - MaryLee Allen Promoting Safe and Stable Families Program","0","","Yes","No"
"HHS","2023","Administration for Children and Families (ACF) - Native American Programs","0","","Yes","No"
"HHS","2023","Administration for Children and Families (ACF) - Payments to Territories - Adults","0","","No","No"
"HHS","2023","Administration for Children and Families (ACF) - Promote the Survival and Continuing Vitality of Native American Languages","0","","Yes","No"
"HHS","2023","Administration for Children and Families (ACF) - Refugee and Entrant Assistance Discretionary Grants","0","","No","No"
"HHS","2023","Administration for Children and Families (ACF) - Refugee and Entrant Assistance State/Replacement Designee Administered Programs","0","","No","No"
"HHS","2023","Administration for Children and Families (ACF) - Refugee and Entrant Assistance Voluntary Agency Programs","0","","No","No"
"HHS","2023","Administration for Children and Families (ACF) - Refugee and Entrant Assistance Wilson/Fish Program","0","","No","No"
"HHS","2023","Administration for Children and Families (ACF) - Services to Victims of a Severe Form of Trafficking","0","","No","No"
"HHS","2023","Administration for Children and Families (ACF) - Sexual Risk Avoidance Education","0","","No","No"
"HHS","2023","Administration for Children and Families (ACF) - Social Services Block Grant","0","","Yes","No"
"HHS","2023","Administration for Children and Families (ACF) - Social Services Research and Demonstration","0","","Yes","No"
"HHS","2023","Administration for Children and Families (ACF) - State Court Improvement Program","0","","Yes","No"
"HHS","2023","Administration for Children and Families (ACF) - Stephanie Tubbs Jones Child Welfare Services Program","0","","No","No"
"HHS","2023","Administration for Children and Families (ACF) - Temporary Assistance for Needy Families","0","","No","No"
"HHS","2023","Administration for Children and Families (ACF) - Title IV-E Kinship Navigator Program","0","","Yes","No"
"HHS","2023","Administration for Children and Families (ACF) - Title IV-E Prevention Program","0","","Yes","No"
"HHS","2023","Administration for Children and Families (ACF) - Title V Sexual Risk Avoidance Education Program (Discretionary Grants)","0","","No","No"
"HHS","2023","Administration for Children and Families (ACF) - Title V State Sexual Risk Avoidance Education (Title V State SRAE) Program","0","","No","No"
"HHS","2023","Administration for Children and Families (ACF) - Transitional Living for Homeless Youth","0","","No","No"
"HHS","2023","Administration for Children and Families (ACF) - Tribal Maternal, Infant, and Early Childhood Home Visiting","0","","No","No"
"HHS","2023","Administration for Children and Families (ACF) - Unaccompanied Alien Children Program","0","","No","No"
"HHS","2023","Administration for Community Living (ACL) - Aging Programs","0","","No","No"
"HHS","2023","Administration for Community Living (ACL) - Alzheimers Programs","0","","No","No"
"HHS","2023","Administration for Community Living (ACL) - Assistive Technology Programs","0","","Yes","No"
"HHS","2023","Administration for Community Living (ACL) - Court Improvement Program (CIP) Discretionary Programs","0","","No","No"
"HHS","2023","Administration for Community Living (ACL) - Court Improvement Program (CIP) Formula Programs","0","","No","No"
"HHS","2023","Administration for Community Living (ACL) - Developmental Disabilities (DD) Council Formula Program","0","","Yes","No"
"HHS","2023","Administration for Community Living (ACL) - Disabilities Discretionary Programs","0","","No","No"
"HHS","2023","Administration for Community Living (ACL) - Independent Living Programs","0","","No","No"
"HHS","2023","Administration for Community Living (ACL) - Nutrition Services Incentive Program (NSIP) Formula Program","0","","Yes","No"
"HHS","2023","Administration for Community Living (ACL) - Protection & Advocacy Programs","0","","No","No"
"HHS","2023","Administration for Community Living (ACL) - State Aging Formula Programs","0","","Yes","No"
"HHS","2023","Administration for Community Living (ACL) - Tribal Aging Formula Program","0","","No","No"
"HHS","2023","Administration for Strategic Preparedness & Response (ASPR) Office of Preparedness","0","","No","No"
"HHS","2023","Administration for Strategic Preparedness and Response (ASPR) - Health Care Readiness","0","","Yes","No"
"HHS","2023","Administration for Strategic Preparedness and Response (ASPR) - Office of Security, Vetting, and Protection","0","","Yes","No"
"HHS","2023","Agency for Healthcare Research and Quality (AHRQ) - Medical Expenditure Panel Survey","0","","No","No"
"HHS","2023","Agency for Healthcare Research and Quality (AHRQ) - Program Support","0","","No","No"
"HHS","2023","Agency for Healthcare Research and Quality (AHRQ) - Research on Health Costs, Quality, and Outcomes","0","","Yes","No"
"HHS","2023","Centers for Disease Control and Prevention (CDC) - Global Health Center","0","","Yes","No"
"HHS","2023","Centers for Disease Control and Prevention (CDC) - National Center for Chronic Disease Prevention and Health Promotion","0","","No","No"
"HHS","2023","Centers for Disease Control and Prevention (CDC) - National Center for Emerging and Zoonotic Infectious Diseases","0","","No","No"
"HHS","2023","Centers for Disease Control and Prevention (CDC) - National Center for Environmental Health/Agency for Toxic Substances and Disease Registry (ATSDR)","0","","No","No"
"HHS","2023","Centers for Disease Control and Prevention (CDC) - National Center for Health Statistics","0","","No","No"
"HHS","2023","Centers for Disease Control and Prevention (CDC) - National Center for HIV, Viral Hepatitis, STD, and TB Prevention","0","","No","No"
"HHS","2023","Centers for Disease Control and Prevention (CDC) - National Center for Immunization and Respiratory Diseases","0","","No","No"
"HHS","2023","Centers for Disease Control and Prevention (CDC) - National Center for Injury Prevention and Control","0","","No","No"
"HHS","2023","Centers for Disease Control and Prevention (CDC) - National Center for State, Tribal, Local, and Territorial Public Health Infrastructure and Workforce","0","","No","No"
"HHS","2023","Centers for Disease Control and Prevention (CDC) - National Center on Birth Defects and Developmental Disabilities","0","","No","No"
"HHS","2023","Centers for Disease Control and Prevention (CDC) - National Institute for Occupational Safety and Health","0","","Yes","No"
"HHS","2023","Centers for Disease Control and Prevention (CDC) - Office of Laboratory Systems and Response","0","","No","No"
"HHS","2023","Centers for Disease Control and Prevention (CDC) - Office of Science","0","","No","No"
"HHS","2023","Centers for Disease Control and Prevention (CDC) - Office of the Director","0","","No","No"
"HHS","2023","Centers for Disease Control and Prevention (CDC) Center for Forecasting and Outbreak Analytics","0","","No","No"
"HHS","2023","Centers for Disease Control and Prevention (CDC) National Center for Environmental Health/Agency for Toxic Substances and Disease Registry (ATSDR)","0","","No","No"
"HHS","2023","Centers for Disease Control and Prevention (CDC) Office of Public Health Data, Surveillance, and Technology","0","","No","No"
"HHS","2023","Centers for Disease Control and Prevention (CDC) Office of Readiness and Response","0","","No","No"
"HHS","2023","Centers for Disease Control and Prevention (CDC) Vaccines for Children","0","","No","No"
"HHS","2023","Centers for Medicare & Medicaid Services (CMS) - ACO REACH (Medicare Part A)","0","","Yes","No"
"HHS","2023","Centers for Medicare & Medicaid Services (CMS) - ACO REACH (Medicare Part B)","0","","Yes","No"
"HHS","2023","Centers for Medicare & Medicaid Services (CMS) - Administration (Innovation)","0","","No","No"
"HHS","2023","Centers for Medicare & Medicaid Services (CMS) - Advance Premium Tax Credit (APTC)","0","","No","No"
"HHS","2023","Centers for Medicare & Medicaid Services (CMS) - Basic Health Program","0","","No","No"
"HHS","2023","Centers for Medicare & Medicaid Services (CMS) - Bundled Payments for Care Improvement Advanced Model","0","","No","No"
"HHS","2023","Centers for Medicare & Medicaid Services (CMS) - Children's Health Insurance Program (CHIP)","0","","No","No"
"HHS","2023","Centers for Medicare & Medicaid Services (CMS) - Coronavirus Supplemental","0","","No","No"
"HHS","2023","Centers for Medicare & Medicaid Services (CMS) - ESRD Networks","0","","No","No"
"HHS","2023","Centers for Medicare & Medicaid Services (CMS) - Exchange Program Integrity","0","","No","No"
"HHS","2023","Centers for Medicare & Medicaid Services (CMS) - Federal Administration (Medicare Fee-for-Service)","0","","No","No"
"HHS","2023","Centers for Medicare & Medicaid Services (CMS) - Federal Exchange Operations","0","","No","No"
"HHS","2023","Centers for Medicare & Medicaid Services (CMS) - Financial Alignment Initiative for Medicare-Medicaid Enrollees","0","","No","No"
"HHS","2023","Centers for Medicare & Medicaid Services (CMS) - Home Health Service Prior Authorization","0","","No","No"
"HHS","2023","Centers for Medicare & Medicaid Services (CMS) - Integrated Care for Kids Model","0","","No","No"
"HHS","2023","Centers for Medicare & Medicaid Services (CMS) - Kidney Care Choices (Benefits)","0","","No","No"
"HHS","2023","Centers for Medicare & Medicaid Services (CMS) - Kidney Care Choices Model","0","","No","No"
"HHS","2023","Centers for Medicare & Medicaid Services (CMS) - Learning Networks","0","","No","No"
"HHS","2023","Centers for Medicare & Medicaid Services (CMS) - Maryland Total Cost of Care (Benefits)","0","","Yes","No"
"HHS","2023","Centers for Medicare & Medicaid Services (CMS) - Maryland Total Cost of Care Model","0","","No","No"
"HHS","2023","Centers for Medicare & Medicaid Services (CMS) - Medicaid Adult Quality Measures","0","","No","No"
"HHS","2023","Centers for Medicare & Medicaid Services (CMS) - Medicaid Integrity Program","0","","No","No"
"HHS","2023","Centers for Medicare & Medicaid Services (CMS) - Medicaid Program Integrity","0","","No","No"
"HHS","2023","Centers for Medicare & Medicaid Services (CMS) - Medicaid","0","","No","No"
"HHS","2023","Centers for Medicare & Medicaid Services (CMS) - Medicare Advantage (Part C)","0","","No","No"
"HHS","2023","Centers for Medicare & Medicaid Services (CMS) - Medicare Fee-for-Service (FFS)","0","","No","No"
"HHS","2023","Centers for Medicare & Medicaid Services (CMS) - Medicare Independence at Home (Benefits)","0","","No","No"
"HHS","2023","Centers for Medicare & Medicaid Services (CMS) - Medicare Operations Anomaly","0","","No","No"
"HHS","2023","Centers for Medicare & Medicaid Services (CMS) - Medicare Prescription Drug Benefit (Part D)","0","","No","No"
"HHS","2023","Centers for Medicare & Medicaid Services (CMS) - Medicare Program Integrity","0","","No","No"
"HHS","2023","Centers for Medicare & Medicaid Services (CMS) - Medicare Shared Savings (Hospital Insurance)","0","","No","No"
"HHS","2023","Centers for Medicare & Medicaid Services (CMS) - Medicare Shared Savings (Supplementary Medical Insurance)","0","","No","No"
"HHS","2023","Centers for Medicare & Medicaid Services (CMS) - Medicare-Medicaid Coordination","0","","No","No"
"HHS","2023","Centers for Medicare & Medicaid Services (CMS) - Money Follows the Person Demonstration","0","","No","No"
"HHS","2023","Centers for Medicare & Medicaid Services (CMS) - Navigator Grants","0","","No","No"
"HHS","2023","Centers for Medicare & Medicaid Services (CMS) - No Surprises Act Implementation Fund","0","","No","No"
"HHS","2023","Centers for Medicare & Medicaid Services (CMS) - Oncology Care Model (Benefits)","0","","No","No"
"HHS","2023","Centers for Medicare & Medicaid Services (CMS) - Over the Counter COVID-19 Test Benefits","0","","No","No"
"HHS","2023","Centers for Medicare & Medicaid Services (CMS) - Primary Care First (Benefits)","0","","No","No"
"HHS","2023","Centers for Medicare & Medicaid Services (CMS) - Primary Care First Model Options","0","","No","No"
"HHS","2023","Centers for Medicare & Medicaid Services (CMS) - Private Insurance Innovation Waivers","0","","No","No"
"HHS","2023","Centers for Medicare & Medicaid Services (CMS) - Private Insurance Risk Adjustment Program","0","","No","No"
"HHS","2023","Centers for Medicare & Medicaid Services (CMS) - Program Operations (Medicare Fee-for-Service)","0","","No","No"
"HHS","2023","Centers for Medicare & Medicaid Services (CMS) - Quality Improvement Organizations - Administration","0","","No","No"
"HHS","2023","Centers for Medicare & Medicaid Services (CMS) - Quality Improvement Organizations - Beneficiary and Family Centered Care","0","","No","No"
"HHS","2023","Centers for Medicare & Medicaid Services (CMS) - Quality Improvement Organizations - Clinical Quality Improvement","0","","No","No"
"HHS","2023","Centers for Medicare & Medicaid Services (CMS) - Quality Improvement Organizations - SNF Infection Control Support","0","","No","No"
"HHS","2023","Centers for Medicare & Medicaid Services (CMS) - Quality Improvement Organizations - Support Contracts","0","","No","No"
"HHS","2023","Centers for Medicare & Medicaid Services (CMS) - Quality Measure Endorsement","0","","No","No"
"HHS","2023","Centers for Medicare & Medicaid Services (CMS) - Research (Medicare Fee-for-Service)","0","","No","No"
"HHS","2023","Centers for Medicare & Medicaid Services (CMS) - State Strike Teams for Resident & Employee Safety","0","","No","No"
"HHS","2023","Centers for Medicare & Medicaid Services (CMS) - Strike Teams for Resident & Employee Safety","0","","No","No"
"HHS","2023","Centers for Medicare & Medicaid Services (CMS) - Survey and Certification (Grants to States for Medicaid)","0","","No","No"
"HHS","2023","Centers for Medicare & Medicaid Services (CMS) - Survey and Certification (Medicare Fee-for-Service)","0","","No","No"
"HHS","2023","Centers for Medicare & Medicaid Services (CMS) - Temporary High Risk Health Insurance Pool Program","0","","No","No"
"HHS","2023","Centers for Medicare & Medicaid Services (CMS) Accountable Health Communities Model","0","","No","No"
"HHS","2023","Centers for Medicare & Medicaid Services (CMS) Consumer Operated and Oriented Plan","0","","No","No"
"HHS","2023","Centers for Medicare & Medicaid Services (CMS) Coronavirus Supplemental Survey","0","","No","No"
"HHS","2023","Centers for Medicare & Medicaid Services (CMS) Demonstration to Increase Substance Abuse Providers","0","","No","No"
"HHS","2023","Centers for Medicare & Medicaid Services (CMS) Direct Contracting (Innovation)","0","","No","No"
"HHS","2023","Centers for Medicare & Medicaid Services (CMS) Implementation Funding (Medicare Fee-for-Service)","0","","No","No"
"HHS","2023","Centers for Medicare & Medicaid Services (CMS) Maternal Opioid Misuse Model","0","","No","No"
"HHS","2023","Centers for Medicare & Medicaid Services (CMS) Oncology Care Model","0","","No","No"
"HHS","2023","Centers for Medicare & Medicaid Services (CMS) Quality Activities (Medicare Fee-for-Service)","0","","No","No"
"HHS","2023","Centers for Medicare & Medicaid Services (CMS) State Exchange Modernization Program","0","","No","No"
"HHS","2023","Centers for Medicare & Medicaid Services (CMS) Vaccine Distribution & Related Activities","0","","No","No"
"HHS","2023","Food and Drug Administration (FDA) - Animal Drugs and Feed","0","","No","No"
"HHS","2023","Food and Drug Administration (FDA) - Buildings and Facilities","0","","No","No"
"HHS","2023","Food and Drug Administration (FDA) - Center for Biologics","0","","Yes","No"
"HHS","2023","Food and Drug Administration (FDA) - Center for Devices and Radiological Health","0","","No","No"
"HHS","2023","Food and Drug Administration (FDA) - Coronavirus Emergency Funding Supplemental","0","","No","No"
"HHS","2023","Food and Drug Administration (FDA) - CURES Activities","0","","Yes","No"
"HHS","2023","Food and Drug Administration (FDA) - Foods","0","","Yes","No"
"HHS","2023","Food and Drug Administration (FDA) - GSA Rental Payments","0","","No","No"
"HHS","2023","Food and Drug Administration (FDA) - Human Drugs","0","","Yes","No"
"HHS","2023","Food and Drug Administration (FDA) - National Center for Toxicological Research","0","","No","No"
"HHS","2023","Food and Drug Administration (FDA) - Opioids - International Mail Facilities (IMF)","0","","Yes","No"
"HHS","2023","Food and Drug Administration (FDA) - Other Headquarters Activities","0","","No","No"
"HHS","2023","Food and Drug Administration (FDA) - Other Rent and Rent Related Activities","0","","No","No"
"HHS","2023","Food and Drug Administration (FDA) - Payment to FDA Innovation","0","","No","No"
"HHS","2023","Food and Drug Administration (FDA) - Reimbursable Program - Federal Sources","0","","Yes","No"
"HHS","2023","Food and Drug Administration (FDA) - User fees (Non General Fund)","0","","No","No"
"HHS","2023","Food and Drug Administration (FDA) - Working Capital Fund","0","","No","No"
"HHS","2023","Health Resources and Services Administration (HRSA) - Compensation Claims for Post-FY 1989 Injuries","0","","No","No"
"HHS","2023","Health Resources and Services Administration (HRSA) – COVID-19 Claims Reimbursement to Health Care Providers and Facilities for Testing, Treatment, and Vaccine Administration for the Uninsured Program (UIP)","0","","No","No"
"HHS","2023","Health Resources and Services Administration (HRSA) - Health Care Systems","0","","No","No"
"HHS","2023","Health Resources and Services Administration (HRSA) - Health Workforce (Mandatory)","0","","No","No"
"HHS","2023","Health Resources and Services Administration (HRSA) - Health Workforce","0","","No","No"
"HHS","2023","Health Resources and Services Administration (HRSA) - Maternal & Child Health (Discretionary)","0","","Yes","No"
"HHS","2023","Health Resources and Services Administration (HRSA) - Maternal & Child Health (Mandatory)","0","","Yes","No"
"HHS","2023","Health Resources and Services Administration (HRSA) - Maternal, Infant, and Early Childhood Home Visiting Programs","0","","Yes","No"
"HHS","2023","Health Resources and Services Administration (HRSA) - Primary Health Care Health Centers and Free Clinics","0","","No","No"
"HHS","2023","Health Resources and Services Administration (HRSA) - Primary Health Care","0","","No","No"
"HHS","2023","Health Resources and Services Administration (HRSA) - Program Management","0","","No","No"
"HHS","2023","Health Resources and Services Administration (HRSA) - Provider Relief Fund General and Targeted","0","","No","No"
"HHS","2023","Health Resources and Services Administration (HRSA) - Provider Relief Fund Uninsured","0","","No","No"
"HHS","2023","Health Resources and Services Administration (HRSA) - Reimbursable","0","","No","No"
"HHS","2023","Health Resources and Services Administration (HRSA) - Rural Health","0","","No","No"
"HHS","2023","Health Resources and Services Administration (HRSA) - Ryan White HIV/AIDS","0","","No","No"
"HHS","2023","Indian Health Service (IHS) - Contract Support Costs","0","","No","No"
"HHS","2023","Indian Health Service (IHS) - Hospitals and Health Clinics (Clinical Services)","0","","No","No"
"HHS","2023","Indian Health Service (IHS) - Purchased/Referred Care (Clinical Services)","0","","Yes","No"
"HHS","2023","National Institutes of Health (NIH) - Buildings and Facilities","0","","Yes","No"
"HHS","2023","National Institutes of Health (NIH) - Eunice K. Shriver National Institute of Child Health and Human Development","0","","No","No"
"HHS","2023","National Institutes of Health (NIH) - Fogarty International Center","0","","No","No"
"HHS","2023","National Institutes of Health (NIH) - National Cancer Institute Frederick National Laboratory for Cancer Research/Federally Funded Research and Development Centers","0","","Yes","No"
"HHS","2023","National Institutes of Health (NIH) - National Cancer Institute","0","","Yes","No"
"HHS","2023","National Institutes of Health (NIH) - National Center for Advancing Translational Sciences","0","","No","No"
"HHS","2023","National Institutes of Health (NIH) - National Center for Complementary and Integrative Health","0","","No","No"
"HHS","2023","National Institutes of Health (NIH) - National Eye Institute","0","","No","No"
"HHS","2023","National Institutes of Health (NIH) - National Heart, Lung, and Blood Institute","0","","Yes","No"
"HHS","2023","National Institutes of Health (NIH) - National Human Genome Research Institute","0","","Yes","No"
"HHS","2023","National Institutes of Health (NIH) - National Institute of Allergy and Infectious Diseases","0","","No","No"
"HHS","2023","National Institutes of Health (NIH) - National Institute of Arthritis and Musculoskeletal and Skin Diseases","0","","No","No"
"HHS","2023","National Institutes of Health (NIH) - National Institute of Biomedical Imaging and Bioengineering","0","","No","No"
"HHS","2023","National Institutes of Health (NIH) - National Institute of Dental and Craniofacial Research","0","","No","No"
"HHS","2023","National Institutes of Health (NIH) - National Institute of Diabetes and Digestive and Kidney Diseases","0","","No","No"
"HHS","2023","National Institutes of Health (NIH) - National Institute of Environmental Health Sciences","0","","Yes","No"
"HHS","2023","National Institutes of Health (NIH) - National Institute of General Medical Sciences","0","","No","No"
"HHS","2023","National Institutes of Health (NIH) - National Institute of Mental Health","0","","No","No"
"HHS","2023","National Institutes of Health (NIH) - National Institute of Neurological Disorders and Stroke","0","","No","No"
"HHS","2023","National Institutes of Health (NIH) - National Institute on Aging","0","","Yes","No"
"HHS","2023","National Institutes of Health (NIH) - National Institute on Alcohol Abuse and Alcoholism","0","","Yes","No"
"HHS","2023","National Institutes of Health (NIH) - National Institute on Deafness and Communication Disorders","0","","Yes","No"
"HHS","2023","National Institutes of Health (NIH) - National Institute on Drug Abuse","0","","No","No"
"HHS","2023","National Institutes of Health (NIH) - National Institute on Minority Health and Health Disparities","0","","Yes","No"
"HHS","2023","National Institutes of Health (NIH) - National Institute on Nursing Research","0","","No","No"
"HHS","2023","National Institutes of Health (NIH) - National Library of Medicine","0","","No","No"
"HHS","2023","National Institutes of Health (NIH) - Office of the Director","0","","No","No"
"HHS","2023","National Institutes of Health (NIH) National Institute of Allergy and Infectious Diseases (NIAID)","0","","No","No"
"HHS","2023","National Institutes of Health (NIH) National Institute of Environmental Health Sciences (NIEHS)","0","","No","No"
"HHS","2023","Office of the National Coordinator for Health Information Technology (ONC) Public Health Informatics & Technology (PHIT) Workforce Development Program","0","","Yes","No"
"HHS","2023","Office of the National Coordinator for Health Information Technology (ONC) The ONC IIS HIE COVID-19 Data Management","0","","Yes","No"
"HHS","2023","Office of the Secretary (OS) Office of the National Coordinator for Health Information Technology (ONC) Public Health Informatics & Technology (PHIT) Workforce Development Program","0","","No","No"
"HHS","2023","Office of the Secretary (OS) Office of the National Coordinator for Health Information Technology (ONC) The ONC IIS HIE COVID-19 Data Management","0","","No","No"
"HHS","2023","Substance Abuse and Mental Health Services Administration (SAMHSA) - Certified Community Behavioral Health Clinics","0","","No","No"
"HHS","2023","Substance Abuse and Mental Health Services Administration (SAMHSA) - Disaster Relief","0","","No","No"
"HHS","2023","Substance Abuse and Mental Health Services Administration (SAMHSA) - Homelessness Prevention Programs","0","","No","No"
"HHS","2023","Substance Abuse and Mental Health Services Administration (SAMHSA) - Linking Actions for Unmet Needs in Children's Health (Project LAUNCH)","0","","No","No"
"HHS","2023","Substance Abuse and Mental Health Services Administration (SAMHSA) - Projects for Assistance in Transition from Homelessness","0","","No","No"
"HHS","2023","Substance Abuse and Mental Health Services Administration (SAMHSA) - State Opioid Response","0","","No","No"
"HHS","2023","Substance Abuse and Mental Health Services Administration (SAMHSA) Alcohol and Substance Abuse Prevention","0","","Yes","No"
"HHS","2023","Substance Abuse and Mental Health Services Administration (SAMHSA) Emergency Grants to Address Mental and Substance Use Disorders During COVID-19 - Disaster Relief","0","","No","No"
"HHS","2023","Substance Abuse and Mental Health Services Administration (SAMHSA) Health Surveillance and Program Support","0","","No","No"
"HHS","2023","Substance Abuse and Mental Health Services Administration (SAMHSA) Mental Health","0","","No","No"
"HHS","2023","Substance Abuse and Mental Health Services Administration (SAMHSA) Substance Abuse Prevention","0","","No","No"
"HHS","2023","Substance Abuse and Mental Health Services Administration (SAMHSA) Substance Abuse Treatment","0","","No","No"
"HHS","2024","Administration for Children and Families (ACF) - Adoption and Legal Guardianship Incentive Payments Program","0","","Yes","No"
"HHS","2024","Administration for Children and Families (ACF) - Adoption Assistance","0","","Yes","No"
"HHS","2024","Administration for Children and Families (ACF) - Adoption Opportunities","0","","Yes","No"
"HHS","2024","Administration for Children and Families (ACF) - Affordable Care Act (ACA) Personal Responsibility Education Program","0","","No","No"
"HHS","2024","Administration for Children and Families (ACF) - Assistance for Torture Victims","0","","No","No"
"HHS","2024","Administration for Children and Families (ACF) - Basic Center Grant","0","","No","No"
"HHS","2024","Administration for Children and Families (ACF) - Chafee Education and Training Vouchers Program (ETV)","0","","No","No"
"HHS","2024","Administration for Children and Families (ACF) - Child Abuse and Neglect Discretionary Activities","0","","No","No"
"HHS","2024","Administration for Children and Families (ACF) - Child Abuse and Neglect State Grants","0","","No","No"
"HHS","2024","Administration for Children and Families (ACF) - Child Care and Development Fund","0","","No","No"
"HHS","2024","Administration for Children and Families (ACF) - Child Support Services Research","0","","No","No"
"HHS","2024","Administration for Children and Families (ACF) - Child Support Services","0","","No","No"
"HHS","2024","Administration for Children and Families (ACF) - Child Welfare Research Training or Demonstration","0","","No","No"
"HHS","2024","Administration for Children and Families (ACF) - Children's Justice Grants to States","0","","No","No"
"HHS","2024","Administration for Children and Families (ACF) - Community Services Block Grant Discretionary Awards","0","","Yes","No"
"HHS","2024","Administration for Children and Families (ACF) - Community Services Block Grant","0","","Yes","No"
"HHS","2024","Administration for Children and Families (ACF) - Community-Based Child Abuse Prevention Grants","0","","No","No"
"HHS","2024","Administration for Children and Families (ACF) - Congressional Directives","0","","Yes","No"
"HHS","2024","Administration for Children and Families (ACF) - Education and Prevention Grants to Reduce Sexual Abuse of Runaway, Homeless and Street Youth","0","","No","No"
"HHS","2024","Administration for Children and Families (ACF) - Enhance Safety of Children Affected by Substance Abuse","0","","Yes","No"
"HHS","2024","Administration for Children and Families (ACF) - Every Student Succeeds Act/Preschool Development Grants","0","","No","No"
"HHS","2024","Administration for Children and Families (ACF) - Family Violence Prevention and Services/Discretionary","0","","Yes","No"
"HHS","2024","Administration for Children and Families (ACF) - Family Violence Prevention and Services/Domestic Violence Shelter and Supportive Services","0","","Yes","No"
"HHS","2024","Administration for Children and Families (ACF) - Family Violence Prevention and Services/State Domestic Violence Coalitions","0","","Yes","No"
"HHS","2024","Administration for Children and Families (ACF) - Foster Care Title IV-E","0","","No","No"
"HHS","2024","Administration for Children and Families (ACF) - Grants to States for Access and Visitation Programs","0","","Yes","No"
"HHS","2024","Administration for Children and Families (ACF) - Grants to Support Survivors of Sexual Assault (American Rescue Plan)","0","","No","No"
"HHS","2024","Administration for Children and Families (ACF) - Guardianship Assistance","0","","Yes","No"
"HHS","2024","Administration for Children and Families (ACF) - Head Start","0","","No","No"
"HHS","2024","Administration for Children and Families (ACF) - Healthy Marriage Promotion and Responsible Fatherhood Grants","0","","Yes","No"
"HHS","2024","Administration for Children and Families (ACF) - John H. Chafee Foster Care Program for Successful Transition to Adulthood","0","","No","No"
"HHS","2024","Administration for Children and Families (ACF) - Low-Income Home Energy Assistance","0","","Yes","No"
"HHS","2024","Administration for Children and Families (ACF) - MaryLee Allen Promoting Safe and Stable Families Program","0","","No","No"
"HHS","2024","Administration for Children and Families (ACF) - Native American Programs","0","","No","No"
"HHS","2024","Administration for Children and Families (ACF) - Payments to Territories - Adults","0","","No","No"
"HHS","2024","Administration for Children and Families (ACF) - Promote the Survival and Continuing Vitality of Native American Languages","0","","Yes","No"
"HHS","2024","Administration for Children and Families (ACF) - Refugee and Entrant Assistance Discretionary Grants","0","","No","No"
"HHS","2024","Administration for Children and Families (ACF) - Refugee and Entrant Assistance State/Replacement Designee Administered Programs","0","","No","No"
"HHS","2024","Administration for Children and Families (ACF) - Refugee and Entrant Assistance Voluntary Agency Programs","0","","No","No"
"HHS","2024","Administration for Children and Families (ACF) - Refugee and Entrant Assistance Wilson/Fish Program","0","","Yes","No"
"HHS","2024","Administration for Children and Families (ACF) - Services to Victims of a Severe Form of Trafficking","0","","Yes","No"
"HHS","2024","Administration for Children and Families (ACF) - Sexual Risk Avoidance Education","0","","No","No"
"HHS","2024","Administration for Children and Families (ACF) - Social Services Block Grant","0","","No","No"
"HHS","2024","Administration for Children and Families (ACF) - Social Services Research and Demonstration","0","","No","No"
"HHS","2024","Administration for Children and Families (ACF) - State Court Improvement Program","0","","No","No"
"HHS","2024","Administration for Children and Families (ACF) - Stephanie Tubbs Jones Child Welfare Services Program","0","","Yes","No"
"HHS","2024","Administration for Children and Families (ACF) - Temporary Assistance for Needy Families","0","","No","No"
"HHS","2024","Administration for Children and Families (ACF) - Title IV-E Kinship Navigator Program","0","","No","No"
"HHS","2024","Administration for Children and Families (ACF) - Title IV-E Prevention Program","0","","No","No"
"HHS","2024","Administration for Children and Families (ACF) - Title V Sexual Risk Avoidance Education Program (Discretionary Grants)","0","","No","No"
"HHS","2024","Administration for Children and Families (ACF) - Title V State Sexual Risk Avoidance Education (Title V State SRAE) Program","0","","No","No"
"HHS","2024","Administration for Children and Families (ACF) - Transitional Living for Homeless Youth","0","","No","No"
"HHS","2024","Administration for Children and Families (ACF) - Tribal Maternal, Infant, and Early Childhood Home Visiting","0","","Yes","No"
"HHS","2024","Administration for Children and Families (ACF) - Unaccompanied Alien Children Program","0","","Yes","No"
"HHS","2024","Administration for Community Living (ACL) - Aging Programs","0","","No","No"
"HHS","2024","Administration for Community Living (ACL) - Alzheimers Programs","0","","No","No"
"HHS","2024","Administration for Community Living (ACL) - Assistive Technology Programs","0","","Yes","No"
"HHS","2024","Administration for Community Living (ACL) - Court Improvement Program (CIP) Discretionary Programs","0","","No","No"
"HHS","2024","Administration for Community Living (ACL) - Court Improvement Program (CIP) Formula Programs","0","","No","No"
"HHS","2024","Administration for Community Living (ACL) - Developmental Disabilities (DD) Council Formula Program","0","","No","No"
"HHS","2024","Administration for Community Living (ACL) - Disabilities Discretionary Programs","0","","No","No"
"HHS","2024","Administration for Community Living (ACL) - Independent Living Programs","0","","Yes","No"
"HHS","2024","Administration for Community Living (ACL) - Nutrition Services Incentive Program (NSIP) Formula Program","0","","No","No"
"HHS","2024","Administration for Community Living (ACL) - Protection & Advocacy Programs","0","","No","No"
"HHS","2024","Administration for Community Living (ACL) - State Aging Formula Programs","0","","No","No"
"HHS","2024","Administration for Community Living (ACL) - Tribal Aging Formula Program","0","","No","No"
"HHS","2024","Administration for Strategic Preparedness and Response (ASPR) - Analytics, Data, and IT","0","","No","No"
"HHS","2024","Administration for Strategic Preparedness and Response (ASPR) - Community Mitigation & Recovery","0","","Yes","No"
"HHS","2024","Administration for Strategic Preparedness and Response (ASPR) - Contract Management and Acquisitions","0","","No","No"
"HHS","2024","Administration for Strategic Preparedness and Response (ASPR) - Finance","0","","No","No"
"HHS","2024","Administration for Strategic Preparedness and Response (ASPR) - Health Care Readiness","0","","No","No"
"HHS","2024","Administration for Strategic Preparedness and Response (ASPR) - Infectious Disease Response","0","","No","No"
"HHS","2024","Administration for Strategic Preparedness and Response (ASPR) - Logistics","0","","Yes","No"
"HHS","2024","Administration for Strategic Preparedness and Response (ASPR) - Management and Business Operations","0","","Yes","No"
"HHS","2024","Administration for Strategic Preparedness and Response (ASPR) - Management Operations","0","","No","No"
"HHS","2024","Administration for Strategic Preparedness and Response (ASPR) - Medical Countermeasures Program Support Services","0","","No","No"
"HHS","2024","Administration for Strategic Preparedness and Response (ASPR) - Medical Countermeasures Program","0","","No","No"
"HHS","2024","Administration for Strategic Preparedness and Response (ASPR) - National Disaster Medical System","0","","Yes","No"
"HHS","2024","Administration for Strategic Preparedness and Response (ASPR) - National Readiness and Response","0","","Yes","No"
"HHS","2024","Administration for Strategic Preparedness and Response (ASPR) - Office of Administration Acquisitions","0","","No","No"
"HHS","2024","Administration for Strategic Preparedness and Response (ASPR) - Office of Critical Medical Equipment","0","","No","No"
"HHS","2024","Administration for Strategic Preparedness and Response (ASPR) - Office of Defense Production Act and Emergency Response Authorities","0","","No","No"
"HHS","2024","Administration for Strategic Preparedness and Response (ASPR) - Office of Enabling Innovation and Technologies","0","","No","No"
"HHS","2024","Administration for Strategic Preparedness and Response (ASPR) - Office of Security, Vetting, and Protection","0","","No","No"
"HHS","2024","Administration for Strategic Preparedness and Response (ASPR) - Office of Supply Chain Optimization","0","","No","No"
"HHS","2024","Administration for Strategic Preparedness and Response (ASPR) - Office of Testing and Diagnostics","0","","No","No"
"HHS","2024","Administration for Strategic Preparedness and Response (ASPR) - Planning and Operational Coordination","0","","No","No"
"HHS","2024","Administration for Strategic Preparedness and Response (ASPR) - Regional Response","0","","Yes","No"
"HHS","2024","Administration for Strategic Preparedness and Response (ASPR) - Response Logistics","0","","Yes","No"
"HHS","2024","Administration for Strategic Preparedness and Response (ASPR) - Security and Assurance","0","","No","No"
"HHS","2024","Administration for Strategic Preparedness and Response (ASPR) - Supply, Production, and Distribution","0","","No","No"
"HHS","2024","Agency for Healthcare Research and Quality (AHRQ) - Medical Expenditure Panel Survey","0","","Yes","No"
"HHS","2024","Agency for Healthcare Research and Quality (AHRQ) - Program Support","0","","No","No"
"HHS","2024","Agency for Healthcare Research and Quality (AHRQ) - Research on Health Costs, Quality, and Outcomes","0","","No","No"
"HHS","2024","Centers for Disease Control and Prevention (CDC) - Global Health Center","0","","No","No"
"HHS","2024","Centers for Disease Control and Prevention (CDC) - National Center for Chronic Disease Prevention and Health Promotion","0","","No","No"
"HHS","2024","Centers for Disease Control and Prevention (CDC) - National Center for Emerging and Zoonotic Infectious Diseases","0","","No","No"
"HHS","2024","Centers for Disease Control and Prevention (CDC) - National Center for Environmental Health/Agency for Toxic Substances and Disease Registry (ATSDR)","0","","Yes","No"
"HHS","2024","Centers for Disease Control and Prevention (CDC) - National Center for Health Statistics","0","","Yes","No"
"HHS","2024","Centers for Disease Control and Prevention (CDC) - National Center for HIV, Viral Hepatitis, STD, and TB Prevention","0","","Yes","No"
"HHS","2024","Centers for Disease Control and Prevention (CDC) - National Center for Immunization and Respiratory Diseases","0","","Yes","No"
"HHS","2024","Centers for Disease Control and Prevention (CDC) - National Center for Injury Prevention and Control","0","","Yes","No"
"HHS","2024","Centers for Disease Control and Prevention (CDC) - National Center for State, Tribal, Local, and Territorial Public Health Infrastructure and Workforce","0","","No","No"
"HHS","2024","Centers for Disease Control and Prevention (CDC) - National Center on Birth Defects and Developmental Disabilities","0","","Yes","No"
"HHS","2024","Centers for Disease Control and Prevention (CDC) - National Institute for Occupational Safety and Health","0","","No","No"
"HHS","2024","Centers for Disease Control and Prevention (CDC) - Office of Communications","0","","No","No"
"HHS","2024","Centers for Disease Control and Prevention (CDC) - Office of Health Equity","0","","No","No"
"HHS","2024","Centers for Disease Control and Prevention (CDC) - Office of Laboratory Systems and Response","0","","No","No"
"HHS","2024","Centers for Disease Control and Prevention (CDC) - Office of Policy, Performance, and Evaluation","0","","No","No"
"HHS","2024","Centers for Disease Control and Prevention (CDC) - Office of Readiness and Response","0","","No","No"
"HHS","2024","Centers for Disease Control and Prevention (CDC) - Office of Science","0","","Yes","No"
"HHS","2024","Centers for Disease Control and Prevention (CDC) - Office of the Chief of Staff","0","","No","No"
"HHS","2024","Centers for Disease Control and Prevention (CDC) - Office of the Chief Operating Officer","0","","No","No"
"HHS","2024","Centers for Disease Control and Prevention (CDC) - Office of the Director","0","","No","No"
"HHS","2024","Centers for Medicare & Medicaid Services (CMS) - ACO REACH (Medicare Part A)","0","","No","No"
"HHS","2024","Centers for Medicare & Medicaid Services (CMS) - ACO REACH (Medicare Part B)","0","","No","No"
"HHS","2024","Centers for Medicare & Medicaid Services (CMS) - ACO REACH Model","0","","No","No"
"HHS","2024","Centers for Medicare & Medicaid Services (CMS) - Administration (Innovation)","0","","No","No"
"HHS","2024","Centers for Medicare & Medicaid Services (CMS) - Advance Premium Tax Credit (APTC)","0","","No","No"
"HHS","2024","Centers for Medicare & Medicaid Services (CMS) - Basic Health Program","0","","No","No"
"HHS","2024","Centers for Medicare & Medicaid Services (CMS) - Building Innovation Pipeline","0","","No","No"
"HHS","2024","Centers for Medicare & Medicaid Services (CMS) - Bundled Payments for Care Improvement Advanced Model","0","","No","No"
"HHS","2024","Centers for Medicare & Medicaid Services (CMS) - Children's Health Insurance Program (CHIP)","0","","No","No"
"HHS","2024","Centers for Medicare & Medicaid Services (CMS) - Consolidated Appropriations Act of 2021 Implementation Fund","0","","Yes","No"
"HHS","2024","Centers for Medicare & Medicaid Services (CMS) - Coronavirus Supplemental","0","","No","No"
"HHS","2024","Centers for Medicare & Medicaid Services (CMS) - ESRD Networks","0","","Yes","No"
"HHS","2024","Centers for Medicare & Medicaid Services (CMS) - Exchange Program Integrity","0","","Yes","No"
"HHS","2024","Centers for Medicare & Medicaid Services (CMS) - Federal Administration (Medicare Fee-for-Service)","0","","No","No"
"HHS","2024","Centers for Medicare & Medicaid Services (CMS) - Federal Exchange Operations","0","","Yes","No"
"HHS","2024","Centers for Medicare & Medicaid Services (CMS) - Financial Alignment Initiative for Medicare-Medicaid Enrollees","0","","No","No"
"HHS","2024","Centers for Medicare & Medicaid Services (CMS) - Home Health Service Prior Authorization","0","","Yes","No"
"HHS","2024","Centers for Medicare & Medicaid Services (CMS) - Inflation Reduction Act Implementation Fund","0","","No","No"
"HHS","2024","Centers for Medicare & Medicaid Services (CMS) - Integrated Care for Kids Model","0","","No","No"
"HHS","2024","Centers for Medicare & Medicaid Services (CMS) - Kidney Care Choices (Benefits)","0","","No","No"
"HHS","2024","Centers for Medicare & Medicaid Services (CMS) - Kidney Care Choices Model","0","","No","No"
"HHS","2024","Centers for Medicare & Medicaid Services (CMS) - Learning Networks","0","","No","No"
"HHS","2024","Centers for Medicare & Medicaid Services (CMS) - Maryland Total Cost of Care (Benefits)","0","","No","No"
"HHS","2024","Centers for Medicare & Medicaid Services (CMS) - Maryland Total Cost of Care Model","0","","No","No"
"HHS","2024","Centers for Medicare & Medicaid Services (CMS) - Meaningful Use of EHRs","0","","No","No"
"HHS","2024","Centers for Medicare & Medicaid Services (CMS) - Medicaid Adult Quality Measures","0","","Yes","No"
"HHS","2024","Centers for Medicare & Medicaid Services (CMS) - Medicaid Fraud Control Units","0","","No","No"
"HHS","2024","Centers for Medicare & Medicaid Services (CMS) - Medicaid Home Health Planning Grants","0","","No","No"
"HHS","2024","Centers for Medicare & Medicaid Services (CMS) - Medicaid Integrity Program","0","","No","No"
"HHS","2024","Centers for Medicare & Medicaid Services (CMS) - Medicaid Program Integrity","0","","No","No"
"HHS","2024","Centers for Medicare & Medicaid Services (CMS) - Medicaid","0","","No","No"
"HHS","2024","Centers for Medicare & Medicaid Services (CMS) - Medicare Advantage (Part C)","0","","No","No"
"HHS","2024","Centers for Medicare & Medicaid Services (CMS) - Medicare Enrollment","0","","No","No"
"HHS","2024","Centers for Medicare & Medicaid Services (CMS) - Medicare Fee-for-Service (FFS)","0","","No","No"
"HHS","2024","Centers for Medicare & Medicaid Services (CMS) - Medicare Independence at Home (Benefits)","0","","No","No"
"HHS","2024","Centers for Medicare & Medicaid Services (CMS) - Medicare Operations Anomaly","0","","Yes","No"
"HHS","2024","Centers for Medicare & Medicaid Services (CMS) - Medicare Prescription Drug Benefit (Part D)","0","","No","No"
"HHS","2024","Centers for Medicare & Medicaid Services (CMS) - Medicare Program Integrity","0","","No","No"
"HHS","2024","Centers for Medicare & Medicaid Services (CMS) - Medicare Shared Savings (Hospital Insurance)","0","","No","No"
"HHS","2024","Centers for Medicare & Medicaid Services (CMS) - Medicare Shared Savings (Supplementary Medical Insurance)","0","","No","No"
"HHS","2024","Centers for Medicare & Medicaid Services (CMS) - Medicare-Medicaid Coordination","0","","No","No"
"HHS","2024","Centers for Medicare & Medicaid Services (CMS) - Money Follows the Person Demonstration","0","","No","No"
"HHS","2024","Centers for Medicare & Medicaid Services (CMS) - Navigator Grants","0","","Yes","No"
"HHS","2024","Centers for Medicare & Medicaid Services (CMS) - No Surprises Act Implementation Fund","0","","No","No"
"HHS","2024","Centers for Medicare & Medicaid Services (CMS) - Oncology Care Model (Benefits)","0","","No","No"
"HHS","2024","Centers for Medicare & Medicaid Services (CMS) - Over the Counter COVID-19 Test Benefits","0","","No","No"
"HHS","2024","Centers for Medicare & Medicaid Services (CMS) - Part D Redesign Implementation","0","","No","No"
"HHS","2024","Centers for Medicare & Medicaid Services (CMS) - Primary Care First (Benefits)","0","","No","No"
"HHS","2024","Centers for Medicare & Medicaid Services (CMS) - Primary Care First Model Options","0","","No","No"
"HHS","2024","Centers for Medicare & Medicaid Services (CMS) - Private Insurance Innovation Waivers","0","","Yes","No"
"HHS","2024","Centers for Medicare & Medicaid Services (CMS) - Private Insurance Risk Adjustment Program","0","","No","No"
"HHS","2024","Centers for Medicare & Medicaid Services (CMS) - Program Operations (Medicare Fee-for-Service)","0","","Yes","No"
"HHS","2024","Centers for Medicare & Medicaid Services (CMS) - Quality Improvement Organizations - Administration","0","","Yes","No"
"HHS","2024","Centers for Medicare & Medicaid Services (CMS) - Quality Improvement Organizations - Beneficiary and Family Centered Care","0","","Yes","No"
"HHS","2024","Centers for Medicare & Medicaid Services (CMS) - Quality Improvement Organizations - Clinical Quality Improvement","0","","Yes","No"
"HHS","2024","Centers for Medicare & Medicaid Services (CMS) - Quality Improvement Organizations - SNF Infection Control Support","0","","Yes","No"
"HHS","2024","Centers for Medicare & Medicaid Services (CMS) - Quality Improvement Organizations - Support Contracts","0","","Yes","No"
"HHS","2024","Centers for Medicare & Medicaid Services (CMS) - Quality Measure Endorsement","0","","Yes","No"
"HHS","2024","Centers for Medicare & Medicaid Services (CMS) - Research (Medicare Fee-for-Service)","0","","Yes","No"
"HHS","2024","Centers for Medicare & Medicaid Services (CMS) - Survey and Certification (Grants to States for Medicaid)","0","","Yes","No"
"HHS","2024","Centers for Medicare & Medicaid Services (CMS) - Survey and Certification (Medicare Fee-for-Service)","0","","Yes","No"
"HHS","2024","Centers for Medicare & Medicaid Services (CMS) - Temporary High Risk Health Insurance Pool Program","0","","Yes","No"
"HHS","2024","Food and Drug Administration (FDA) - Animal Drugs and Feed","0","","No","No"
"HHS","2024","Food and Drug Administration (FDA) - Buildings and Facilities","0","","No","No"
"HHS","2024","Food and Drug Administration (FDA) - Center for Biologics","0","","No","No"
"HHS","2024","Food and Drug Administration (FDA) - Center for Devices and Radiological Health","0","","Yes","No"
"HHS","2024","Food and Drug Administration (FDA) - Coronavirus Emergency Funding Supplemental","0","","No","No"
"HHS","2024","Food and Drug Administration (FDA) - CURES Activities","0","","No","No"
"HHS","2024","Food and Drug Administration (FDA) - FDA HCFAC Wedge Fund","0","","Yes","No"
"HHS","2024","Food and Drug Administration (FDA) - Foods","0","","No","No"
"HHS","2024","Food and Drug Administration (FDA) - GSA Rental Payments","0","","Yes","No"
"HHS","2024","Food and Drug Administration (FDA) - Human Drugs","0","","No","No"
"HHS","2024","Food and Drug Administration (FDA) - National Center for Toxicological Research","0","","No","No"
"HHS","2024","Food and Drug Administration (FDA) - Opioids - International Mail Facilities (IMF)","0","","No","No"
"HHS","2024","Food and Drug Administration (FDA) - Other Headquarters Activities","0","","No","No"
"HHS","2024","Food and Drug Administration (FDA) - Other Rent and Rent Related Activities","0","","Yes","No"
"HHS","2024","Food and Drug Administration (FDA) - Payment to FDA Innovation","0","","No","No"
"HHS","2024","Food and Drug Administration (FDA) - Reimbursable Program - Federal Sources","0","","No","No"
"HHS","2024","Food and Drug Administration (FDA) - Revolving Fund for Certification and Other Services (Reimbursable)","0","","Yes","No"
"HHS","2024","Food and Drug Administration (FDA) - User fees (Non General Fund)","0","","No","No"
"HHS","2024","Food and Drug Administration (FDA) - Working Capital Fund","0","","Yes","No"
"HHS","2024","Health Resources and Services Administration (HRSA) - Compensation Claims for Post-FY 1989 Injuries","0","","No","No"
"HHS","2024","Health Resources and Services Administration (HRSA) - Health Care Systems","0","","Yes","No"
"HHS","2024","Health Resources and Services Administration (HRSA) - Health Workforce (Mandatory)","0","","No","No"
"HHS","2024","Health Resources and Services Administration (HRSA) - Health Workforce","0","","No","No"
"HHS","2024","Health Resources and Services Administration (HRSA) - Maternal & Child Health (Discretionary)","0","","No","No"
"HHS","2024","Health Resources and Services Administration (HRSA) - Maternal & Child Health (Mandatory)","0","","No","No"
"HHS","2024","Health Resources and Services Administration (HRSA) - Maternal, Infant, and Early Childhood Home Visiting Programs","0","","No","No"
"HHS","2024","Health Resources and Services Administration (HRSA) - Primary Health Care Health Centers and Free Clinics","0","","Yes","No"
"HHS","2024","Health Resources and Services Administration (HRSA) - Primary Health Care","0","","Yes","No"
"HHS","2024","Health Resources and Services Administration (HRSA) - Program Management","0","","Yes","No"
"HHS","2024","Health Resources and Services Administration (HRSA) - Provider Relief Fund General and Targeted","0","","No","No"
"HHS","2024","Health Resources and Services Administration (HRSA) - Provider Relief Fund Uninsured","0","","No","No"
"HHS","2024","Health Resources and Services Administration (HRSA) - Reimbursable","0","","No","No"
"HHS","2024","Health Resources and Services Administration (HRSA) - Rural Health","0","","Yes","No"
"HHS","2024","Health Resources and Services Administration (HRSA) - Ryan White HIV/AIDS","0","","Yes","No"
"HHS","2024","Indian Health Service (IHS) - Alcohol and Substance Abuse (Clinical Services)","0","","No","No"
"HHS","2024","Indian Health Service (IHS) - Community Health Representatives (Preventive Health)","0","","No","No"
"HHS","2024","Indian Health Service (IHS) - Contract Support Costs","0","","Yes","No"
"HHS","2024","Indian Health Service (IHS) - Dental Services (Clinical Services)","0","","Yes","No"
"HHS","2024","Indian Health Service (IHS) - Diabetes Funds","0","","No","No"
"HHS","2024","Indian Health Service (IHS) - Direct Operations","0","","No","No"
"HHS","2024","Indian Health Service (IHS) - Electronic Health Record System (Clinical Services)","0","","No","No"
"HHS","2024","Indian Health Service (IHS) - Equipment","0","","No","No"
"HHS","2024","Indian Health service (IHS) - Facilities and Environmental Health","0","","No","No"
"HHS","2024","Indian Health Service (IHS) - Health Education (Preventive Health)","0","","No","No"
"HHS","2024","Indian Health Service (IHS) - Hospitals and Health Clinics (Clinical Services)","0","","Yes","No"
"HHS","2024","Indian Health Service (IHS) - Indian Health Care Improvement Fund (Clinical Services)","0","","No","No"
"HHS","2024","Indian Health Service (IHS) - Indian Health Professions","0","","No","No"
"HHS","2024","Indian Health Service (IHS) - Indian Health Services (Reimbursable)","0","","No","No"
"HHS","2024","Indian Health Service (IHS) - Maintenance","0","","No","No"
"HHS","2024","Indian Health Service (IHS) - Mental Health (Clinical Services)","0","","No","No"
"HHS","2024","Indian Health Service (IHS) - Public Health Nursing (Preventive Health)","0","","Yes","No"
"HHS","2024","Indian Health Service (IHS) - Purchased/Referred Care (Clinical Services)","0","","No","No"
"HHS","2024","Indian Health Service (IHS) - Sanitation and Health Facilities","0","","Yes","No"
"HHS","2024","Indian Health Service (IHS) - Section 105(l) Leases","0","","Yes","No"
"HHS","2024","Indian Health Service (IHS) - Urban Health","0","","Yes","No"
"HHS","2024","National Institutes of Health (NIH) - Advanced Research Projects Agency for Health","0","","Yes","No"
"HHS","2024","National Institutes of Health (NIH) - Buildings and Facilities","0","","No","No"
"HHS","2024","National Institutes of Health (NIH) - Eunice K. Shriver National Institute of Child Health and Human Development","0","","No","No"
"HHS","2024","National Institutes of Health (NIH) - Fogarty International Center","0","","No","No"
"HHS","2024","National Institutes of Health (NIH) - National Cancer Institute Frederick National Laboratory for Cancer Research/Federally Funded Research and Development Centers","0","","No","No"
"HHS","2024","National Institutes of Health (NIH) - National Cancer Institute","0","","No","No"
"HHS","2024","National Institutes of Health (NIH) - National Center for Advancing Translational Sciences","0","","Yes","No"
"HHS","2024","National Institutes of Health (NIH) - National Center for Complementary and Integrative Health","0","","Yes","No"
"HHS","2024","National Institutes of Health (NIH) - National Eye Institute","0","","Yes","No"
"HHS","2024","National Institutes of Health (NIH) - National Heart, Lung, and Blood Institute","0","","No","No"
"HHS","2024","National Institutes of Health (NIH) - National Human Genome Research Institute","0","","No","No"
"HHS","2024","National Institutes of Health (NIH) - National Institute of Allergy and Infectious Diseases","0","","No","No"
"HHS","2024","National Institutes of Health (NIH) - National Institute of Arthritis and Musculoskeletal and Skin Diseases","0","","Yes","No"
"HHS","2024","National Institutes of Health (NIH) - National Institute of Biomedical Imaging and Bioengineering","0","","No","No"
"HHS","2024","National Institutes of Health (NIH) - National Institute of Dental and Craniofacial Research","0","","Yes","No"
"HHS","2024","National Institutes of Health (NIH) - National Institute of Diabetes and Digestive and Kidney Diseases","0","","No","No"
"HHS","2024","National Institutes of Health (NIH) - National Institute of Environmental Health Sciences","0","","No","No"
"HHS","2024","National Institutes of Health (NIH) - National Institute of General Medical Sciences","0","","No","No"
"HHS","2024","National Institutes of Health (NIH) - National Institute of Mental Health","0","","No","No"
"HHS","2024","National Institutes of Health (NIH) - National Institute of Neurological Disorders and Stroke","0","","Yes","No"
"HHS","2024","National Institutes of Health (NIH) - National Institute on Aging","0","","No","No"
"HHS","2024","National Institutes of Health (NIH) - National Institute on Alcohol Abuse and Alcoholism","0","","No","No"
"HHS","2024","National Institutes of Health (NIH) - National Institute on Deafness and Communication Disorders","0","","No","No"
"HHS","2024","National Institutes of Health (NIH) - National Institute on Drug Abuse","0","","Yes","No"
"HHS","2024","National Institutes of Health (NIH) - National Institute on Minority Health and Health Disparities","0","","No","No"
"HHS","2024","National Institutes of Health (NIH) - National Institute on Nursing Research","0","","Yes","No"
"HHS","2024","National Institutes of Health (NIH) - National Library of Medicine","0","","Yes","No"
"HHS","2024","National Institutes of Health (NIH) - Office of the Director","0","","No","No"
"HHS","2024","Office of the Assistant Secretary for Health (OASH) - Family Planning","0","","Yes","No"
"HHS","2024","Office of the Assistant Secretary for Health (OASH) - General Departmental Management","0","","No","No"
"HHS","2024","Office of the Assistant Secretary for Health (OASH) - Minority HIV/AIDS Fund","0","","Yes","No"
"HHS","2024","Office of the Assistant Secretary for Health (OASH) - Office of Minority Health","0","","No","No"
"HHS","2024","Office of the Assistant Secretary for Health (OASH) - Office of Research Integrity","0","","No","No"
"HHS","2024","Office of the Assistant Secretary for Health (OASH) - Office on Women's Health","0","","Yes","No"
"HHS","2024","Office of the Assistant Secretary for Health (OASH) - Teen Pregnancy Prevention","0","","No","No"
"HHS","2024","Substance Abuse and Mental Health Services Administration (SAMHSA) - 988 and Behavioral Health Crisis Coordinating Office","0","","No","No"
"HHS","2024","Substance Abuse and Mental Health Services Administration (SAMHSA) - Assisted Outpatient Treatment","0","","No","No"
"HHS","2024","Substance Abuse and Mental Health Services Administration (SAMHSA) - Building Communities of Recovery","0","","No","No"
"HHS","2024","Substance Abuse and Mental Health Services Administration (SAMHSA) - Center for Substance Abuse Prevention - Minority AIDS","0","","No","No"
"HHS","2024","Substance Abuse and Mental Health Services Administration (SAMHSA) - Center for Substance Abuse Treatment - Minority AIDS","0","","No","No"
"HHS","2024","Substance Abuse and Mental Health Services Administration (SAMHSA) - Certified Community Behavioral Health Clinics","0","","No","No"
"HHS","2024","Substance Abuse and Mental Health Services Administration (SAMHSA) - Children and Families","0","","No","No"
"HHS","2024","Substance Abuse and Mental Health Services Administration (SAMHSA) - Children's Mental Health Services","0","","No","No"
"HHS","2024","Substance Abuse and Mental Health Services Administration (SAMHSA) - Community Mental Health Services Block Grant","0","","No","No"
"HHS","2024","Substance Abuse and Mental Health Services Administration (SAMHSA) - Community Project Funding / Congressionally Directed Spending","0","","No","No"
"HHS","2024","Substance Abuse and Mental Health Services Administration (SAMHSA) - Criminal and Juvenile Justice Programs","0","","No","No"
"HHS","2024","Substance Abuse and Mental Health Services Administration (SAMHSA) - Criminal Justice Activities","0","","No","No"
"HHS","2024","Substance Abuse and Mental Health Services Administration (SAMHSA) - Drug Abuse Warning Network","0","","No","No"
"HHS","2024","Substance Abuse and Mental Health Services Administration (SAMHSA) - First Responder Training","0","","No","No"
"HHS","2024","Substance Abuse and Mental Health Services Administration (SAMHSA) - Garret Lee Smith Youth Suicide Prevention Resource Center","0","","No","No"
"HHS","2024","Substance Abuse and Mental Health Services Administration (SAMHSA) - Grants to Prevent Prescription Drug / Opioid Overdose","0","","No","No"
"HHS","2024","Substance Abuse and Mental Health Services Administration (SAMHSA) - Health Surveillance","0","","No","No"
"HHS","2024","Substance Abuse and Mental Health Services Administration (SAMHSA) - Healthy Transitions","0","","No","No"
"HHS","2024","Substance Abuse and Mental Health Services Administration (SAMHSA) - Homelessness Prevention Programs","0","","No","No"
"HHS","2024","Substance Abuse and Mental Health Services Administration (SAMHSA) - Infant and Early Childhood Mental Health","0","","No","No"
"HHS","2024","Substance Abuse and Mental Health Services Administration (SAMHSA) - Linking Actions for Unmet Needs in Children's Health (Project LAUNCH)","0","","No","No"
"HHS","2024","Substance Abuse and Mental Health Services Administration (SAMHSA) - Mental Health Awareness Training","0","","No","No"
"HHS","2024","Substance Abuse and Mental Health Services Administration (SAMHSA) - Mental Health Crisis Response Grants","0","","No","No"
"HHS","2024","Substance Abuse and Mental Health Services Administration (SAMHSA) - Minority Fellowship Program","0","","No","No"
"HHS","2024","Substance Abuse and Mental Health Services Administration (SAMHSA) - National Child Traumatic Stress Initiative","0","","No","No"
"HHS","2024","Substance Abuse and Mental Health Services Administration (SAMHSA) - National Strategy on Suicide Prevention","0","","No","No"
"HHS","2024","Substance Abuse and Mental Health Services Administration (SAMHSA) - Opioid Treatment Programs / Regulatory Activities","0","","No","No"
"HHS","2024","Substance Abuse and Mental Health Services Administration (SAMHSA) - Performance and Quality Information Systems","0","","No","No"
"HHS","2024","Substance Abuse and Mental Health Services Administration (SAMHSA) - Pregnant & Postpartum Women","0","","No","No"
"HHS","2024","Substance Abuse and Mental Health Services Administration (SAMHSA) - Primary and Behavioral Health Care Integration","0","","No","No"
"HHS","2024","Substance Abuse and Mental Health Services Administration (SAMHSA) - Program Support","0","","No","No"
"HHS","2024","Substance Abuse and Mental Health Services Administration (SAMHSA) - Project AWARE","0","","No","No"
"HHS","2024","Substance Abuse and Mental Health Services Administration (SAMHSA) - Projects for Assistance in Transition from Homelessness","0","","No","No"
"HHS","2024","Substance Abuse and Mental Health Services Administration (SAMHSA) - Protection and Advocacy for Individuals with Mental Illness","0","","No","No"
"HHS","2024","Substance Abuse and Mental Health Services Administration (SAMHSA) - Public Awareness and Support","0","","No","No"
"HHS","2024","Substance Abuse and Mental Health Services Administration (SAMHSA) - Screening, Brief Intervention and Referral to Treatment","0","","No","No"
"HHS","2024","Substance Abuse and Mental Health Services Administration (SAMHSA) - Sober Truth on Preventing Underage Drinking Act (STOP Act)","0","","No","No"
"HHS","2024","Substance Abuse and Mental Health Services Administration (SAMHSA) - State Opioid Response","0","","No","No"
"HHS","2024","Substance Abuse and Mental Health Services Administration (SAMHSA) - Strategic Prevention Framework","0","","No","No"
"HHS","2024","Substance Abuse and Mental Health Services Administration (SAMHSA) - Substance Use Prevention, Treatment, and Recovery Services Block Grant","0","","No","No"
"HHS","2024","Substance Abuse and Mental Health Services Administration (SAMHSA) - Targeted Capacity Expansion","0","","No","No"
"HHS","2024","Substance Abuse and Mental Health Services Administration (SAMHSA) - Treatment Systems for the Homeless","0","","No","No"
"HHS","2024","Substance Abuse and Mental Health Services Administration (SAMHSA) - Treatment, Recovery, and Workforce Support","0","","No","No"
"HHS","2024","Substance Abuse and Mental Health Services Administration (SAMHSA) - Tribal Behavioral Health Grants","0","","No","No"
"HHS","2025","Administration for Children and Families (ACF) - Adoption and Legal Guardianship Incentive Payments Program","","","No","No"
"HHS","2025","Administration for Children and Families (ACF) - Adoption Assistance","","","No","No"
"HHS","2025","Administration for Children and Families (ACF) - Adoption Opportunities","","","No","No"
"HHS","2025","Administration for Children and Families (ACF) - Affordable Care Act (ACA) Personal Responsibility Education Program","","","No","No"
"HHS","2025","Administration for Children and Families (ACF) - Affordable Care Act (ACA) Tribal Maternal, Infant, and Early Childhood Home Visiting Program","","","No","No"
"HHS","2025","Administration for Children and Families (ACF) - ARRA – Emergency Contingency Fund for Temporary Assistance for Needy Families (TANF) State Program","","","No","No"
"HHS","2025","Administration for Children and Families (ACF) - Assistance for Torture Victims","","","No","No"
"HHS","2025","Administration for Children and Families (ACF) - Basic Center Grant","","","No","No"
"HHS","2025","Administration for Children and Families (ACF) - Chafee Education and Training Vouchers Program (ETV)","","","No","No"
"HHS","2025","Administration for Children and Families (ACF) - Child Abuse and Neglect Discretionary Activities","","","No","No"
"HHS","2025","Administration for Children and Families (ACF) - Child Abuse and Neglect State Grants","","","No","No"
"HHS","2025","Administration for Children and Families (ACF) - Child Care and Development Fund","","","No","No"
"HHS","2025","Administration for Children and Families (ACF) - Child Care Disaster Relief","","","No","No"
"HHS","2025","Administration for Children and Families (ACF) - Child Support Enforcement Demonstrations and Special Projects","","","No","No"
"HHS","2025","Administration for Children and Families (ACF) - Child Support Services Research","","","No","No"
"HHS","2025","Administration for Children and Families (ACF) - Child Support Services","","","No","No"
"HHS","2025","Administration for Children and Families (ACF) - Child Welfare Research Training or Demonstration","","","No","No"
"HHS","2025","Administration for Children and Families (ACF) - Children's Justice Grants to States","","","No","No"
"HHS","2025","Administration for Children and Families (ACF) - Community Services Block Grant Discretionary Awards","","","No","No"
"HHS","2025","Administration for Children and Families (ACF) - Community Services Block Grant","","","No","No"
"HHS","2025","Administration for Children and Families (ACF) - Community-Based Child Abuse Prevention Grants","","","No","No"
"HHS","2025","Administration for Children and Families (ACF) - Congressional Directives","","","No","No"
"HHS","2025","Administration for Children and Families (ACF) - Demonstration Grants for Domestic Victims of Human Trafficking","","","No","No"
"HHS","2025","Administration for Children and Families (ACF) - Education and Prevention Grants to Reduce Sexual Abuse of Runaway, Homeless and Street Youth","","","No","No"
"HHS","2025","Administration for Children and Families (ACF) - Enhance Safety of Children Affected by Substance Abuse","","","No","No"
"HHS","2025","Administration for Children and Families (ACF) - Every Student Succeeds Act/Preschool Development Grants","","","No","No"
"HHS","2025","Administration for Children and Families (ACF) - Family Connection Grants","","","No","No"
"HHS","2025","Administration for Children and Families (ACF) - Family Violence Prevention and Services/ Sexual Assault/Rape Crisis Services and Supports","","","No","No"
"HHS","2025","Administration for Children and Families (ACF) - Family Violence Prevention and Services/Discretionary","","","No","No"
"HHS","2025","Administration for Children and Families (ACF) - Family Violence Prevention and Services/Domestic Violence Shelter and Supportive Services","","","No","No"
"HHS","2025","Administration for Children and Families (ACF) - Family Violence Prevention and Services/State Domestic Violence Coalitions","","","No","No"
"HHS","2025","Administration for Children and Families (ACF) - Foster Care Title IV-E","","","No","No"
"HHS","2025","Administration for Children and Families (ACF) - Grants to Culturally Specific Populations (American Rescue Plan)","","","No","No"
"HHS","2025","Administration for Children and Families (ACF) - Grants to States for Access and Visitation Programs","","","No","No"
"HHS","2025","Administration for Children and Families (ACF) - Grants to Support Survivors of Sexual Assault (American Rescue Plan)","","","No","No"
"HHS","2025","Administration for Children and Families (ACF) - Guardianship Assistance","","","No","No"
"HHS","2025","Administration for Children and Families (ACF) - Head Start Disaster Recovery","","","No","No"
"HHS","2025","Administration for Children and Families (ACF) - Head Start","","","No","No"
"HHS","2025","Administration for Children and Families (ACF) - Health Profession Opportunity Grants","","","No","No"
"HHS","2025","Administration for Children and Families (ACF) - Healthy Marriage Promotion and Responsible Fatherhood Grants","","","No","No"
"HHS","2025","Administration for Children and Families (ACF) - Improving the Capability of Indian Tribal Governments to Regulate Environmental Quality","","","No","No"
"HHS","2025","Administration for Children and Families (ACF) - John H. Chafee Foster Care Program for Successful Transition to Adulthood","","","No","No"
"HHS","2025","Administration for Children and Families (ACF) - Low-Income Home Energy Assistance","","","No","No"
"HHS","2025","Administration for Children and Families (ACF) - MaryLee Allen Promoting Safe and Stable Families Program","","","No","No"
"HHS","2025","Administration for Children and Families (ACF) - Native American Programs","","","No","No"
"HHS","2025","Administration for Children and Families (ACF) - Payments to Territories - Adults","","","No","No"
"HHS","2025","Administration for Children and Families (ACF) - Promote the Survival and Continuing Vitality of Native American Languages","","","No","No"
"HHS","2025","Administration for Children and Families (ACF) - Refugee and Entrant Assistance Discretionary Grants","","","No","No"
"HHS","2025","Administration for Children and Families (ACF) - Refugee and Entrant Assistance State/Replacement Designee Administered Programs","","","No","No"
"HHS","2025","Administration for Children and Families (ACF) - Refugee and Entrant Assistance Targeted Assistance Grants","","","No","No"
"HHS","2025","Administration for Children and Families (ACF) - Refugee and Entrant Assistance Voluntary Agency Programs","","","No","No"
"HHS","2025","Administration for Children and Families (ACF) - Refugee and Entrant Assistance Wilson/Fish Program","","","No","No"
"HHS","2025","Administration for Children and Families (ACF) - Services to Victims of a Severe Form of Trafficking","","","No","No"
"HHS","2025","Administration for Children and Families (ACF) - Sexual Risk Avoidance Education","","","No","No"
"HHS","2025","Administration for Children and Families (ACF) - Social Services Block Grant","","","No","No"
"HHS","2025","Administration for Children and Families (ACF) - Social Services Research and Demonstration","","","No","No"
"HHS","2025","Administration for Children and Families (ACF) - State Court Improvement Program","","","No","No"
"HHS","2025","Administration for Children and Families (ACF) - Stephanie Tubbs Jones Child Welfare Services Program","","","No","No"
"HHS","2025","Administration for Children and Families (ACF) - Temporary Assistance for Needy Families","","","No","No"
"HHS","2025","Administration for Children and Families (ACF) - Title IV-E Kinship Navigator Program","","","No","No"
"HHS","2025","Administration for Children and Families (ACF) - Title IV-E Prevention Program","","","No","No"
"HHS","2025","Administration for Children and Families (ACF) - Title V Sexual Risk Avoidance Education Program (Discretionary Grants)","","","No","No"
"HHS","2025","Administration for Children and Families (ACF) - Title V State Sexual Risk Avoidance Education (Title V State SRAE) Program","","","No","No"
"HHS","2025","Administration for Children and Families (ACF) - Transitional Living for Homeless Youth","","","No","No"
"HHS","2025","Administration for Children and Families (ACF) - Tribal Maternal, Infant, and Early Childhood Home Visiting","","","No","No"
"HHS","2025","Administration for Children and Families (ACF) - Tribal Work Grants","","","No","No"
"HHS","2025","Administration for Children and Families (ACF) - U.S. Repatriation","","","No","No"
"HHS","2025","Administration for Children and Families (ACF) - Unaccompanied Alien Children Program","","","No","No"
"HHS","2025","Administration for Children and Families (ACF) - Welfare Reform Research, Evaluations and National Studies","","","No","No"
"HHS","2025","Administration for Community Living (ACL) - Aging Programs","","","No","No"
"HHS","2025","Administration for Community Living (ACL) - Alzheimers Programs","","","No","No"
"HHS","2025","Administration for Community Living (ACL) - Assistive Technology Programs","","","No","No"
"HHS","2025","Administration for Community Living (ACL) - Chronic Disease Self-Management Education Programs","","","No","No"
"HHS","2025","Administration for Community Living (ACL) - Court Improvement Program (CIP) Discretionary Programs","","","No","No"
"HHS","2025","Administration for Community Living (ACL) - Court Improvement Program (CIP) Formula Programs","","","No","No"
"HHS","2025","Administration for Community Living (ACL) - Developmental Disabilities (DD) Council Formula Program","","","No","No"
"HHS","2025","Administration for Community Living (ACL) - Disabilities Discretionary Programs","","","No","No"
"HHS","2025","Administration for Community Living (ACL) - Elder Justice Act – Adult Protective Services","","","No","No"
"HHS","2025","Administration for Community Living (ACL) - Falls Prevention Programs","","","No","No"
"HHS","2025","Administration for Community Living (ACL) - Independent Living Programs","","","No","No"
"HHS","2025","Administration for Community Living (ACL) - Medicare Enrollment Assistance Program","","","No","No"
"HHS","2025","Administration for Community Living (ACL) - Nutrition Services Incentive Program (NSIP) Formula Program","","","No","No"
"HHS","2025","Administration for Community Living (ACL) - Protection & Advocacy Programs","","","No","No"
"HHS","2025","Administration for Community Living (ACL) - State Aging Formula Programs","","","No","No"
"HHS","2025","Administration for Community Living (ACL) - Tribal Aging Formula Program","","","No","No"
"HHS","2025","Administration for Strategic Preparedness and Response (ASPR) - Analytics, Data, and IT","","","No","No"
"HHS","2025","Administration for Strategic Preparedness and Response (ASPR) - Community Mitigation & Recovery","","","No","No"
"HHS","2025","Administration for Strategic Preparedness and Response (ASPR) - Continuity","","","No","No"
"HHS","2025","Administration for Strategic Preparedness and Response (ASPR) - Contract Management and Acquisitions","","","No","No"
"HHS","2025","Administration for Strategic Preparedness and Response (ASPR) - Cybersecurity and Infrastructure Protection","","","No","No"
"HHS","2025","Administration for Strategic Preparedness and Response (ASPR) - Data, Analytics, and Information Advantage","","","No","No"
"HHS","2025","Administration for Strategic Preparedness and Response (ASPR) - Division of Assistance, Acquisition Policy, and Program Oversight","","","No","No"
"HHS","2025","Administration for Strategic Preparedness and Response (ASPR) - Division of Operational Contracting","","","No","No"
"HHS","2025","Administration for Strategic Preparedness and Response (ASPR) - Finance","","","No","No"
"HHS","2025","Administration for Strategic Preparedness and Response (ASPR) - Health Care Readiness","","","No","No"
"HHS","2025","Administration for Strategic Preparedness and Response (ASPR) - Infectious Disease Response","","","No","No"
"HHS","2025","Administration for Strategic Preparedness and Response (ASPR) - Logistics","","","No","No"
"HHS","2025","Administration for Strategic Preparedness and Response (ASPR) - Management and Business Operations","","","No","No"
"HHS","2025","Administration for Strategic Preparedness and Response (ASPR) - Management Operations","","","No","No"
"HHS","2025","Administration for Strategic Preparedness and Response (ASPR) - Medical Countermeasures Program Support Services","","","No","No"
"HHS","2025","Administration for Strategic Preparedness and Response (ASPR) - Medical Countermeasures Program","","","No","No"
"HHS","2025","Administration for Strategic Preparedness and Response (ASPR) - Medical Reserve Corps","","","No","No"
"HHS","2025","Administration for Strategic Preparedness and Response (ASPR) - National Disaster Medical System","","","No","No"
"HHS","2025","Administration for Strategic Preparedness and Response (ASPR) - National Readiness and Response","","","No","No"
"HHS","2025","Administration for Strategic Preparedness and Response (ASPR) - Office of Administration Acquisitions","","","No","No"
"HHS","2025","Administration for Strategic Preparedness and Response (ASPR) - Office of Critical Medical Equipment","","","No","No"
"HHS","2025","Administration for Strategic Preparedness and Response (ASPR) - Office of Defense Production Act and Emergency Response Authorities","","","No","No"
"HHS","2025","Administration for Strategic Preparedness and Response (ASPR) - Office of Enabling Innovation and Technologies","","","No","No"
"HHS","2025","Administration for Strategic Preparedness and Response (ASPR) - Office of Security, Vetting, and Protection","","","No","No"
"HHS","2025","Administration for Strategic Preparedness and Response (ASPR) - Office of Supply Chain Optimization","","","No","No"
"HHS","2025","Administration for Strategic Preparedness and Response (ASPR) - Office of Testing and Diagnostics","","","No","No"
"HHS","2025","Administration for Strategic Preparedness and Response (ASPR) - Office of the Director - HHS Coordination, Operations, and Response Element","","","No","No"
"HHS","2025","Administration for Strategic Preparedness and Response (ASPR) - Office of the Director - Industrial Base Management and Supply Chain","","","No","No"
"HHS","2025","Administration for Strategic Preparedness and Response (ASPR) - Office of the Director - Office of Response","","","No","No"
"HHS","2025","Administration for Strategic Preparedness and Response (ASPR) - Office of the Director - Strategic National Stockpile","","","No","No"
"HHS","2025","Administration for Strategic Preparedness and Response (ASPR) - Planning and Exercises","","","No","No"
"HHS","2025","Administration for Strategic Preparedness and Response (ASPR) - Planning and Operational Coordination","","","No","No"
"HHS","2025","Administration for Strategic Preparedness and Response (ASPR) - Rapid Assisted Acquisition","","","No","No"
"HHS","2025","Administration for Strategic Preparedness and Response (ASPR) - Regional Response","","","No","No"
"HHS","2025","Administration for Strategic Preparedness and Response (ASPR) - Response Logistics","","","No","No"
"HHS","2025","Administration for Strategic Preparedness and Response (ASPR) - Science","","","No","No"
"HHS","2025","Administration for Strategic Preparedness and Response (ASPR) - Secretary's Operations Center","","","No","No"
"HHS","2025","Administration for Strategic Preparedness and Response (ASPR) - Security and Assurance","","","No","No"
"HHS","2025","Administration for Strategic Preparedness and Response (ASPR) - State, Local, Tribal, and Territorial Preparedness","","","No","No"
"HHS","2025","Administration for Strategic Preparedness and Response (ASPR) - Supply Chain Alliance and Development","","","No","No"
"HHS","2025","Administration for Strategic Preparedness and Response (ASPR) - Supply, Production, and Distribution","","","No","No"
"HHS","2025","Agency for Healthcare Research and Quality (AHRQ) - Medical Expenditure Panel Survey","","","No","No"
"HHS","2025","Agency for Healthcare Research and Quality (AHRQ) - Program Support","","","No","No"
"HHS","2025","Agency for Healthcare Research and Quality (AHRQ) - Research on Health Costs, Quality, and Outcomes","","","No","No"
"HHS","2025","Centers for Disease Control and Prevention (CDC) - CDC Washington Office","","","No","No"
"HHS","2025","Centers for Disease Control and Prevention (CDC) - Center for Forecasting and Outbreak Analytics","","","No","No"
"HHS","2025","Centers for Disease Control and Prevention (CDC) - Global Health Center","","","No","No"
"HHS","2025","Centers for Disease Control and Prevention (CDC) - National Center for Chronic Disease Prevention and Health Promotion","","","No","No"
"HHS","2025","Centers for Disease Control and Prevention (CDC) - National Center for Emerging and Zoonotic Infectious Diseases","","","No","No"
"HHS","2025","Centers for Disease Control and Prevention (CDC) - National Center for Environmental Health/Agency for Toxic Substances and Disease Registry (ATSDR)","","","No","No"
"HHS","2025","Centers for Disease Control and Prevention (CDC) - National Center for Health Statistics","","","No","No"
"HHS","2025","Centers for Disease Control and Prevention (CDC) - National Center for HIV, Viral Hepatitis, STD, and TB Prevention","","","No","No"
"HHS","2025","Centers for Disease Control and Prevention (CDC) - National Center for Immunization and Respiratory Diseases","","","No","No"
"HHS","2025","Centers for Disease Control and Prevention (CDC) - National Center for Injury Prevention and Control","","","No","No"
"HHS","2025","Centers for Disease Control and Prevention (CDC) - National Center for State, Tribal, Local, and Territorial Public Health Infrastructure and Workforce","","","No","No"
"HHS","2025","Centers for Disease Control and Prevention (CDC) - National Center on Birth Defects and Developmental Disabilities","","","No","No"
"HHS","2025","Centers for Disease Control and Prevention (CDC) - National Institute for Occupational Safety and Health","","","No","No"
"HHS","2025","Centers for Disease Control and Prevention (CDC) - Office of Budget Policy and Appropriations","","","No","No"
"HHS","2025","Centers for Disease Control and Prevention (CDC) - Office of Communications","","","No","No"
"HHS","2025","Centers for Disease Control and Prevention (CDC) - Office of Equal Employment and Opportunity and Workforce Equity","","","No","No"
"HHS","2025","Centers for Disease Control and Prevention (CDC) - Office of Health Equity","","","No","No"
"HHS","2025","Centers for Disease Control and Prevention (CDC) - Office of Laboratory Systems and Response","","","No","No"
"HHS","2025","Centers for Disease Control and Prevention (CDC) - Office of Policy, Performance, and Evaluation","","","No","No"
"HHS","2025","Centers for Disease Control and Prevention (CDC) - Office of Public Health Data, Surveillance, and Technology","","","No","No"
"HHS","2025","Centers for Disease Control and Prevention (CDC) - Office of Readiness and Response","","","No","No"
"HHS","2025","Centers for Disease Control and Prevention (CDC) - Office of Science","","","No","No"
"HHS","2025","Centers for Disease Control and Prevention (CDC) - Office of the Chief of Staff","","","No","No"
"HHS","2025","Centers for Disease Control and Prevention (CDC) - Office of the Chief Operating Officer","","","No","No"
"HHS","2025","Centers for Disease Control and Prevention (CDC) - Office of the Director","","","No","No"
"HHS","2025","Centers for Disease Control and Prevention (CDC) - Vaccines for Children","","","No","No"
"HHS","2025","Centers for Medicare & Medicaid Services (CMS) - Accountable Health Communities Model","","","No","No"
"HHS","2025","Centers for Medicare & Medicaid Services (CMS) - ACO REACH (Medicare Part A)","","","No","No"
"HHS","2025","Centers for Medicare & Medicaid Services (CMS) - ACO REACH (Medicare Part B)","","","No","No"
"HHS","2025","Centers for Medicare & Medicaid Services (CMS) - ACO REACH Model","","","No","No"
"HHS","2025","Centers for Medicare & Medicaid Services (CMS) - Administration (Innovation)","","","No","No"
"HHS","2025","Centers for Medicare & Medicaid Services (CMS) - Advance Premium Tax Credit (APTC)","","","No","No"
"HHS","2025","Centers for Medicare & Medicaid Services (CMS) - Basic Health Program","","","No","No"
"HHS","2025","Centers for Medicare & Medicaid Services (CMS) - Building Innovation Pipeline","","","No","No"
"HHS","2025","Centers for Medicare & Medicaid Services (CMS) - Bundled Payments for Care Improvement Advanced Model","","","No","No"
"HHS","2025","Centers for Medicare & Medicaid Services (CMS) - Children's Health Insurance Program (CHIP)","","","No","No"
"HHS","2025","Centers for Medicare & Medicaid Services (CMS) - CMS Innovation Programs Under 10 Million","","","No","No"
"HHS","2025","Centers for Medicare & Medicaid Services (CMS) - CMS Miscellaneous Programs 2.5M to 10M","","","No","No"
"HHS","2025","Centers for Medicare & Medicaid Services (CMS) - CMS Miscellaneous Programs Under 2.5M","","","No","No"
"HHS","2025","Centers for Medicare & Medicaid Services (CMS) - CMS Program Management Under 10 million","","","No","No"
"HHS","2025","Centers for Medicare & Medicaid Services (CMS) - Consolidated Appropriations Act of 2021 Implementation Fund","","","No","No"
"HHS","2025","Centers for Medicare & Medicaid Services (CMS) - Consumer Operated and Oriented Plan","","","No","No"
"HHS","2025","Centers for Medicare & Medicaid Services (CMS) - Coronavirus Supplemental","","","No","No"
"HHS","2025","Centers for Medicare & Medicaid Services (CMS) - Demonstration to Increase Substance Abuse Providers","","","No","No"
"HHS","2025","Centers for Medicare & Medicaid Services (CMS) - Direct Contracting (Innovation)","","","No","No"
"HHS","2025","Centers for Medicare & Medicaid Services (CMS) - Emergency Fund: COVID Support","","","No","No"
"HHS","2025","Centers for Medicare & Medicaid Services (CMS) - ESRD Networks","","","No","No"
"HHS","2025","Centers for Medicare & Medicaid Services (CMS) - Exchange Program Integrity","","","No","No"
"HHS","2025","Centers for Medicare & Medicaid Services (CMS) - Federal Administration (Medicare Fee-for-Service)","","","No","No"
"HHS","2025","Centers for Medicare & Medicaid Services (CMS) - Federal Exchange Operations","","","No","No"
"HHS","2025","Centers for Medicare & Medicaid Services (CMS) - Financial Alignment Initiative for Medicare-Medicaid Enrollees","","","No","No"
"HHS","2025","Centers for Medicare & Medicaid Services (CMS) - Home Health Service Prior Authorization","","","No","No"
"HHS","2025","Centers for Medicare & Medicaid Services (CMS) - Inflation Reduction Act Implementation Fund","","","No","No"
"HHS","2025","Centers for Medicare & Medicaid Services (CMS) - Integrated Care for Kids Model","","","No","No"
"HHS","2025","Centers for Medicare & Medicaid Services (CMS) - Kidney Care Choices (Benefits)","","","No","No"
"HHS","2025","Centers for Medicare & Medicaid Services (CMS) - Kidney Care Choices Model","","","No","No"
"HHS","2025","Centers for Medicare & Medicaid Services (CMS) - Learning Networks","","","No","No"
"HHS","2025","Centers for Medicare & Medicaid Services (CMS) - Maryland Total Cost of Care (Benefits)","","","No","No"
"HHS","2025","Centers for Medicare & Medicaid Services (CMS) - Maryland Total Cost of Care Model","","","No","No"
"HHS","2025","Centers for Medicare & Medicaid Services (CMS) - Maternal Opioid Misuse Model","","","No","No"
"HHS","2025","Centers for Medicare & Medicaid Services (CMS) - Meaningful Use of EHRs","","","No","No"
"HHS","2025","Centers for Medicare & Medicaid Services (CMS) - Medicaid Adult Quality Measures","","","No","No"
"HHS","2025","Centers for Medicare & Medicaid Services (CMS) - Medicaid Fraud Control Units","","","No","No"
"HHS","2025","Centers for Medicare & Medicaid Services (CMS) - Medicaid Home Health Planning Grants","","","No","No"
"HHS","2025","Centers for Medicare & Medicaid Services (CMS) - Medicaid Integrity Program","","","No","No"
"HHS","2025","Centers for Medicare & Medicaid Services (CMS) - Medicaid Program Integrity","","","No","No"
"HHS","2025","Centers for Medicare & Medicaid Services (CMS) - Medicaid","","","No","No"
"HHS","2025","Centers for Medicare & Medicaid Services (CMS) - Medicare Advantage (Part C)","","","No","No"
"HHS","2025","Centers for Medicare & Medicaid Services (CMS) - Medicare Enrollment","","","No","No"
"HHS","2025","Centers for Medicare & Medicaid Services (CMS) - Medicare Fee-for-Service (FFS)","","","No","No"
"HHS","2025","Centers for Medicare & Medicaid Services (CMS) - Medicare Independence at Home (Benefits)","","","No","No"
"HHS","2025","Centers for Medicare & Medicaid Services (CMS) - Medicare Operations Anomaly","","","No","No"
"HHS","2025","Centers for Medicare & Medicaid Services (CMS) - Medicare Prescription Drug Benefit (Part D)","","","No","No"
"HHS","2025","Centers for Medicare & Medicaid Services (CMS) - Medicare Program Integrity","","","No","No"
"HHS","2025","Centers for Medicare & Medicaid Services (CMS) - Medicare Shared Savings (Hospital Insurance)","","","No","No"
"HHS","2025","Centers for Medicare & Medicaid Services (CMS) - Medicare Shared Savings (Supplementary Medical Insurance)","","","No","No"
"HHS","2025","Centers for Medicare & Medicaid Services (CMS) - Medicare-Medicaid Coordination","","","No","No"
"HHS","2025","Centers for Medicare & Medicaid Services (CMS) - Money Follows the Person Demonstration","","","No","No"
"HHS","2025","Centers for Medicare & Medicaid Services (CMS) - Navigator Grants","","","No","No"
"HHS","2025","Centers for Medicare & Medicaid Services (CMS) - No Surprises Act Implementation Fund","","","No","No"
"HHS","2025","Centers for Medicare & Medicaid Services (CMS) - Oncology Care Model (Benefits)","","","No","No"
"HHS","2025","Centers for Medicare & Medicaid Services (CMS) - Oncology Care Model","","","No","No"
"HHS","2025","Centers for Medicare & Medicaid Services (CMS) - Over the Counter COVID-19 Test Benefits","","","No","No"
"HHS","2025","Centers for Medicare & Medicaid Services (CMS) - Part D Redesign Implementation","","","No","No"
"HHS","2025","Centers for Medicare & Medicaid Services (CMS) - Primary Care First (Benefits)","","","No","No"
"HHS","2025","Centers for Medicare & Medicaid Services (CMS) - Primary Care First Model Options","","","No","No"
"HHS","2025","Centers for Medicare & Medicaid Services (CMS) - Private Insurance Innovation Waivers","","","No","No"
"HHS","2025","Centers for Medicare & Medicaid Services (CMS) - Private Insurance Risk Adjustment Program","","","No","No"
"HHS","2025","Centers for Medicare & Medicaid Services (CMS) - Program Management: Penalty Mail","","","No","No"
"HHS","2025","Centers for Medicare & Medicaid Services (CMS) - Program Operations (Medicare Fee-for-Service)","","","No","No"
"HHS","2025","Centers for Medicare & Medicaid Services (CMS) - Quality Activities (Medicare Fee-for-Service)","","","No","No"
"HHS","2025","Centers for Medicare & Medicaid Services (CMS) - Quality Improvement Organizations - Administration","","","No","No"
"HHS","2025","Centers for Medicare & Medicaid Services (CMS) - Quality Improvement Organizations - Beneficiary and Family Centered Care","","","No","No"
"HHS","2025","Centers for Medicare & Medicaid Services (CMS) - Quality Improvement Organizations - Clinical Quality Improvement","","","No","No"
"HHS","2025","Centers for Medicare & Medicaid Services (CMS) - Quality Improvement Organizations - SNF Infection Control Support","","","No","No"
"HHS","2025","Centers for Medicare & Medicaid Services (CMS) - Quality Improvement Organizations - Support Contracts","","","No","No"
"HHS","2025","Centers for Medicare & Medicaid Services (CMS) - Quality Measure Endorsement","","","No","No"
"HHS","2025","Centers for Medicare & Medicaid Services (CMS) - Research (Medicare Fee-for-Service)","","","No","No"
"HHS","2025","Centers for Medicare & Medicaid Services (CMS) - State Grants And Demonstration: Penalty Mail","","","No","No"
"HHS","2025","Centers for Medicare & Medicaid Services (CMS) - State Strike Teams for Resident & Employee Safety","","","No","No"
"HHS","2025","Centers for Medicare & Medicaid Services (CMS) - Strike Teams for Resident & Employee Safety","","","No","No"
"HHS","2025","Centers for Medicare & Medicaid Services (CMS) - Survey and Certification (Grants to States for Medicaid)","","","No","No"
"HHS","2025","Centers for Medicare & Medicaid Services (CMS) - Survey and Certification (Medicare Fee-for-Service)","","","No","No"
"HHS","2025","Centers for Medicare & Medicaid Services (CMS) - Temporary High Risk Health Insurance Pool Program","","","No","No"
"HHS","2025","Centers for Medicare & Medicaid Services (CMS) - Vaccine Distribution & Related Activities","","","No","No"
"HHS","2025","Food and Drug Administration (FDA) - Animal Drugs and Feed","","","No","No"
"HHS","2025","Food and Drug Administration (FDA) - Buildings and Facilities","","","No","No"
"HHS","2025","Food and Drug Administration (FDA) - Center for Biologics","","","No","No"
"HHS","2025","Food and Drug Administration (FDA) - Center for Devices and Radiological Health","","","No","No"
"HHS","2025","Food and Drug Administration (FDA) - Cooperative Research and Development (CRADA)","","","No","No"
"HHS","2025","Food and Drug Administration (FDA) - Coronavirus Emergency Funding Supplemental","","","No","No"
"HHS","2025","Food and Drug Administration (FDA) - CURES Activities","","","No","No"
"HHS","2025","Food and Drug Administration (FDA) - Emerging Health Threats","","","No","No"
"HHS","2025","Food and Drug Administration (FDA) - FDA HCFAC Wedge Fund","","","No","No"
"HHS","2025","Food and Drug Administration (FDA) - Food and Drug Administration Research","","","No","No"
"HHS","2025","Food and Drug Administration (FDA) - Food and Drug Safety (no-year)","","","No","No"
"HHS","2025","Food and Drug Administration (FDA) - Foods","","","No","No"
"HHS","2025","Food and Drug Administration (FDA) - Foreign Inspection Pilot","","","No","No"
"HHS","2025","Food and Drug Administration (FDA) - GSA Rental Payments","","","No","No"
"HHS","2025","Food and Drug Administration (FDA) - Human Drugs","","","No","No"
"HHS","2025","Food and Drug Administration (FDA) - National Center for Toxicological Research","","","No","No"
"HHS","2025","Food and Drug Administration (FDA) - Opioids - International Mail Facilities (IMF)","","","No","No"
"HHS","2025","Food and Drug Administration (FDA) - Other Headquarters Activities","","","No","No"
"HHS","2025","Food and Drug Administration (FDA) - Other Rent and Rent Related Activities","","","No","No"
"HHS","2025","Food and Drug Administration (FDA) - Payment to FDA Innovation","","","No","No"
"HHS","2025","Food and Drug Administration (FDA) - Reimbursable Program - Federal Sources","","","No","No"
"HHS","2025","Food and Drug Administration (FDA) - Revolving Fund for Certification and Other Services (Reimbursable)","","","No","No"
"HHS","2025","Food and Drug Administration (FDA) - Seafood Safety Studies - GP Sec. 765","","","No","No"
"HHS","2025","Food and Drug Administration (FDA) - User Fees (Non General Fund)","","","No","No"
"HHS","2025","Food and Drug Administration (FDA) - Working Capital Fund","","","No","No"
"HHS","2025","Health Resources and Services Administration (HRSA) - Claims Processing (Claims Court)","","","No","No"
"HHS","2025","Health Resources and Services Administration (HRSA) - Claims Processing (Dept. of Justice)","","","No","No"
"HHS","2025","Health Resources and Services Administration (HRSA) - Claims Processing (HRSA)","","","No","No"
"HHS","2025","Health Resources and Services Administration (HRSA) - Compensation Claims for Post-FY 1989 Injuries","","","No","No"
"HHS","2025","Health Resources and Services Administration (HRSA) - Countermeasures (Admin Expense)","","","No","No"
"HHS","2025","Health Resources and Services Administration (HRSA) - Gifts","","","No","No"
"HHS","2025","Health Resources and Services Administration (HRSA) - Health Care Systems","","","No","No"
"HHS","2025","Health Resources and Services Administration (HRSA) - Health Workforce (Mandatory)","","","No","No"
"HHS","2025","Health Resources and Services Administration (HRSA) - Health Workforce","","","No","No"
"HHS","2025","Health Resources and Services Administration (HRSA) - Maternal & Child Health (Discretionary)","","","No","No"
"HHS","2025","Health Resources and Services Administration (HRSA) - Maternal & Child Health (Mandatory)","","","No","No"
"HHS","2025","Health Resources and Services Administration (HRSA) - Maternal, Infant, and Early Childhood Home Visiting Programs","","","No","No"
"HHS","2025","Health Resources and Services Administration (HRSA) - Pre-1988 Vaccine Injury Compensation","","","No","No"
"HHS","2025","Health Resources and Services Administration (HRSA) - Primary Health Care (Discretionary)","","","No","No"
"HHS","2025","Health Resources and Services Administration (HRSA) - Primary Health Care (Mandatory)","","","No","No"
"HHS","2025","Health Resources and Services Administration (HRSA) - Program Management","","","No","No"
"HHS","2025","Health Resources and Services Administration (HRSA) - Provider Relief Fund General and Targeted","","","No","No"
"HHS","2025","Health Resources and Services Administration (HRSA) - Provider Relief Fund Uninsured","","","No","No"
"HHS","2025","Health Resources and Services Administration (HRSA) - Reimbursable","","","No","No"
"HHS","2025","Health Resources and Services Administration (HRSA) - Rural Health","","","No","No"
"HHS","2025","Health Resources and Services Administration (HRSA) - Ryan White HIV/AIDS","","","No","No"
"HHS","2025","Indian Health Service (IHS) - Alcohol and Substance Abuse (Clinical Services)","","","No","No"
"HHS","2025","Indian Health Service (IHS) - Community Health Representatives (Preventive Health)","","","No","No"
"HHS","2025","Indian Health Service (IHS) - Contract Support Costs","","","No","No"
"HHS","2025","Indian Health Service (IHS) - Dental Services (Clinical Services)","","","No","No"
"HHS","2025","Indian Health Service (IHS) - Diabetes Funds","","","No","No"
"HHS","2025","Indian Health Service (IHS) - Direct Operations","","","No","No"
"HHS","2025","Indian Health Service (IHS) - Electronic Health Record System (Clinical Services)","","","No","No"
"HHS","2025","Indian Health Service (IHS) - Equipment","","","No","No"
"HHS","2025","Indian Health Service (IHS) - Facilities and Environmental Health","","","No","No"
"HHS","2025","Indian Health Service (IHS) - Health Education (Preventive Health)","","","No","No"
"HHS","2025","Indian Health Service (IHS) - Hospitals and Health Clinics (Clinical Services)","","","No","No"
"HHS","2025","Indian Health Service (IHS) - Immunization AK","","","No","No"
"HHS","2025","Indian Health Service (IHS) - Indian Health Care Improvement Fund (Clinical Services)","","","No","No"
"HHS","2025","Indian Health Service (IHS) - Indian Health Facilities (Preventive Health)","","","No","No"
"HHS","2025","Indian Health Service (IHS) - Indian Health Professions","","","No","No"
"HHS","2025","Indian Health Service (IHS) - Indian Health Services (Reimbursable)","","","No","No"
"HHS","2025","Indian Health Service (IHS) - Maintenance","","","No","No"
"HHS","2025","Indian Health Service (IHS) - Mental Health (Clinical Services)","","","No","No"
"HHS","2025","Indian Health Service (IHS) - Public Health Nursing (Preventive Health)","","","No","No"
"HHS","2025","Indian Health Service (IHS) - Purchased/Referred Care (Clinical Services)","","","No","No"
"HHS","2025","Indian Health Service (IHS) - Sanitation and Health Facilities","","","No","No"
"HHS","2025","Indian Health Service (IHS) - Section 105(l) Leases","","","No","No"
"HHS","2025","Indian Health Service (IHS) - Self-Governance","","","No","No"
"HHS","2025","Indian Health Service (IHS) - Tribal Management","","","No","No"
"HHS","2025","Indian Health Service (IHS) - Urban Health","","","No","No"
"HHS","2025","National Institutes of Health (NIH) - Advanced Research Projects Agency for Health","","","No","No"
"HHS","2025","National Institutes of Health (NIH) - Buildings and Facilities","","","No","No"
"HHS","2025","National Institutes of Health (NIH) - Center for Information Technology","","","No","No"
"HHS","2025","National Institutes of Health (NIH) - Eunice K. Shriver National Institute of Child Health and Human Development","","","No","No"
"HHS","2025","National Institutes of Health (NIH) - Fogarty International Center","","","No","No"
"HHS","2025","National Institutes of Health (NIH) - National Cancer Institute Frederick National Laboratory for Cancer Research/Federally Funded Research and Development Centers","","","No","No"
"HHS","2025","National Institutes of Health (NIH) - National Cancer Institute","","","No","No"
"HHS","2025","National Institutes of Health (NIH) - National Center for Advancing Translational Sciences","","","No","No"
"HHS","2025","National Institutes of Health (NIH) - National Center for Complementary and Integrative Health","","","No","No"
"HHS","2025","National Institutes of Health (NIH) - National Eye Institute","","","No","No"
"HHS","2025","National Institutes of Health (NIH) - National Heart, Lung, and Blood Institute","","","No","No"
"HHS","2025","National Institutes of Health (NIH) - National Human Genome Research Institute","","","No","No"
"HHS","2025","National Institutes of Health (NIH) - National Institute of Allergy and Infectious Diseases","","","No","No"
"HHS","2025","National Institutes of Health (NIH) - National Institute of Arthritis and Musculoskeletal and Skin Diseases","","","No","No"
"HHS","2025","National Institutes of Health (NIH) - National Institute of Biomedical Imaging and Bioengineering","","","No","No"
"HHS","2025","National Institutes of Health (NIH) - National Institute of Dental and Craniofacial Research","","","No","No"
"HHS","2025","National Institutes of Health (NIH) - National Institute of Diabetes and Digestive and Kidney Diseases","","","No","No"
"HHS","2025","National Institutes of Health (NIH) - National Institute of Environmental Health Sciences","","","No","No"
"HHS","2025","National Institutes of Health (NIH) - National Institute of General Medical Sciences","","","No","No"
"HHS","2025","National Institutes of Health (NIH) - National Institute of Mental Health","","","No","No"
"HHS","2025","National Institutes of Health (NIH) - National Institute of Neurological Disorders and Stroke","","","No","No"
"HHS","2025","National Institutes of Health (NIH) - National Institute on Aging","","","No","No"
"HHS","2025","National Institutes of Health (NIH) - National Institute on Alcohol Abuse and Alcoholism","","","No","No"
"HHS","2025","National Institutes of Health (NIH) - National Institute on Deafness and Communication Disorders","","","No","No"
"HHS","2025","National Institutes of Health (NIH) - National Institute on Drug Abuse","","","No","No"
"HHS","2025","National Institutes of Health (NIH) - National Institute on Minority Health and Health Disparities","","","No","No"
"HHS","2025","National Institutes of Health (NIH) - National Institute on Nursing Research","","","No","No"
"HHS","2025","National Institutes of Health (NIH) - National Library of Medicine","","","No","No"
"HHS","2025","National Institutes of Health (NIH) - NIH Clinical Center","","","No","No"
"HHS","2025","National Institutes of Health (NIH) - NIH Purchase Card Program","","","No","No"
"HHS","2025","National Institutes of Health (NIH) - Office of the Director","","","No","No"
"HHS","2025","Office of the Assistant Secretary for Health (OASH) - Embryo Adoption Awareness Campaign","","","No","No"
"HHS","2025","Office of the Assistant Secretary for Health (OASH) - Family Planning","","","No","No"
"HHS","2025","Office of the Assistant Secretary for Health (OASH) - General Departmental Management","","","No","No"
"HHS","2025","Office of the Assistant Secretary for Health (OASH) - Minority HIV/AIDS Fund","","","No","No"
"HHS","2025","Office of the Assistant Secretary for Health (OASH) - Office of Minority Health","","","No","No"
"HHS","2025","Office of the Assistant Secretary for Health (OASH) - Office of Research Integrity","","","No","No"
"HHS","2025","Office of the Assistant Secretary for Health (OASH) - Office on Women's Health","","","No","No"
"HHS","2025","Office of the Assistant Secretary for Health (OASH) - Teen Pregnancy Prevention","","","No","No"
"HHS","2025","Substance Abuse and Mental Health Services Administration (SAMHSA) - 988 and Behavioral Health Crisis Coordinating Office","","","No","No"
"HHS","2025","Substance Abuse and Mental Health Services Administration (SAMHSA) - Assisted Outpatient Treatment","","","No","No"
"HHS","2025","Substance Abuse and Mental Health Services Administration (SAMHSA) - Building Communities of Recovery","","","No","No"
"HHS","2025","Substance Abuse and Mental Health Services Administration (SAMHSA) - Center for Substance Abuse Prevention - Minority AIDS","","","No","No"
"HHS","2025","Substance Abuse and Mental Health Services Administration (SAMHSA) - Center for Substance Abuse Treatment - Minority AIDS","","","No","No"
"HHS","2025","Substance Abuse and Mental Health Services Administration (SAMHSA) - Certified Community Behavioral Health Clinics Planning Grants","","","No","No"
"HHS","2025","Substance Abuse and Mental Health Services Administration (SAMHSA) - Certified Community Behavioral Health Clinics","","","No","No"
"HHS","2025","Substance Abuse and Mental Health Services Administration (SAMHSA) - Children and Families","","","No","No"
"HHS","2025","Substance Abuse and Mental Health Services Administration (SAMHSA) - Children's Mental Health Services","","","No","No"
"HHS","2025","Substance Abuse and Mental Health Services Administration (SAMHSA) - Community Harm Reduction and Engagement Initiative","","","No","No"
"HHS","2025","Substance Abuse and Mental Health Services Administration (SAMHSA) - Community Mental Health Centers","","","No","No"
"HHS","2025","Substance Abuse and Mental Health Services Administration (SAMHSA) - Community Mental Health Services Block Grant","","","No","No"
"HHS","2025","Substance Abuse and Mental Health Services Administration (SAMHSA) - Community Project Funding / Congressionally Directed Spending","","","No","No"
"HHS","2025","Substance Abuse and Mental Health Services Administration (SAMHSA) - Criminal and Juvenile Justice Programs","","","No","No"
"HHS","2025","Substance Abuse and Mental Health Services Administration (SAMHSA) - Criminal Justice Activities","","","No","No"
"HHS","2025","Substance Abuse and Mental Health Services Administration (SAMHSA) - Emergency Grants to Address Mental and Substance Use Disorders During COVID-19","","","No","No"
"HHS","2025","Substance Abuse and Mental Health Services Administration (SAMHSA) - First Responder Training","","","No","No"
"HHS","2025","Substance Abuse and Mental Health Services Administration (SAMHSA) - Garret Lee Smith - Youth Suicide Prevention - States","","","No","No"
"HHS","2025","Substance Abuse and Mental Health Services Administration (SAMHSA) - Garret Lee Smith Youth Suicide Prevention Resource Center","","","No","No"
"HHS","2025","Substance Abuse and Mental Health Services Administration (SAMHSA) - Grants to Prevent Prescription Drug / Opioid Overdose","","","No","No"
"HHS","2025","Substance Abuse and Mental Health Services Administration (SAMHSA) - Health Surveillance and Program Support","","","No","No"
"HHS","2025","Substance Abuse and Mental Health Services Administration (SAMHSA) - Healthy Transitions","","","No","No"
"HHS","2025","Substance Abuse and Mental Health Services Administration (SAMHSA) - Homelessness Prevention Programs","","","No","No"
"HHS","2025","Substance Abuse and Mental Health Services Administration (SAMHSA) - Infant and Early Childhood Mental Health","","","No","No"
"HHS","2025","Substance Abuse and Mental Health Services Administration (SAMHSA) - Linking Actions for Unmet Needs in Children's Health (Project LAUNCH)","","","No","No"
"HHS","2025","Substance Abuse and Mental Health Services Administration (SAMHSA) - Mental Health Awareness Training","","","No","No"
"HHS","2025","Substance Abuse and Mental Health Services Administration (SAMHSA) - Mental Health Crisis Response Grants","","","No","No"
"HHS","2025","Substance Abuse and Mental Health Services Administration (SAMHSA) - Mental Health Disaster Assistance and Emergency Mental Health","","","No","No"
"HHS","2025","Substance Abuse and Mental Health Services Administration (SAMHSA) - Minority Fellowship Program","","","No","No"
"HHS","2025","Substance Abuse and Mental Health Services Administration (SAMHSA) - National Child Traumatic Stress Initiative","","","No","No"
"HHS","2025","Substance Abuse and Mental Health Services Administration (SAMHSA) - National Strategy on Suicide Prevention","","","No","No"
"HHS","2025","Substance Abuse and Mental Health Services Administration (SAMHSA) - Opioid Treatment Programs / Regulatory Activities","","","No","No"
"HHS","2025","Substance Abuse and Mental Health Services Administration (SAMHSA) - Pregnant & Postpartum Women","","","No","No"
"HHS","2025","Substance Abuse and Mental Health Services Administration (SAMHSA) - Primary and Behavioral Health Care Integration","","","No","No"
"HHS","2025","Substance Abuse and Mental Health Services Administration (SAMHSA) - Project AWARE","","","No","No"
"HHS","2025","Substance Abuse and Mental Health Services Administration (SAMHSA) - Projects for Assistance in Transition from Homelessness","","","No","No"
"HHS","2025","Substance Abuse and Mental Health Services Administration (SAMHSA) - Protection and Advocacy for Individuals with Mental Illness","","","No","No"
"HHS","2025","Substance Abuse and Mental Health Services Administration (SAMHSA) - Screening, Brief Intervention and Referral to Treatment","","","No","No"
"HHS","2025","Substance Abuse and Mental Health Services Administration (SAMHSA) - Sober Truth on Preventing Underage Drinking Act (STOP Act)","","","No","No"
"HHS","2025","Substance Abuse and Mental Health Services Administration (SAMHSA) - State Opioid Response","","","No","No"
"HHS","2025","Substance Abuse and Mental Health Services Administration (SAMHSA) - Strategic Prevention Framework","","","No","No"
"HHS","2025","Substance Abuse and Mental Health Services Administration (SAMHSA) - Substance Use Prevention, Treatment, and Recovery Services Block Grant","","","No","No"
"HHS","2025","Substance Abuse and Mental Health Services Administration (SAMHSA) - Suicide Lifeline","","","No","No"
"HHS","2025","Substance Abuse and Mental Health Services Administration (SAMHSA) - Targeted Capacity Expansion","","","No","No"
"HHS","2025","Substance Abuse and Mental Health Services Administration (SAMHSA) - Treatment Systems for the Homeless","","","No","No"
"HHS","2025","Substance Abuse and Mental Health Services Administration (SAMHSA) - Treatment, Recovery, and Workforce Support","","","No","No"
"HHS","2025","Substance Abuse and Mental Health Services Administration (SAMHSA) - Tribal Behavioral Health Grants","","","No","No"
"HUD","2019","Community Planning and Development - Community Development Block Grant – Disaster Recovery","","No","",""
"HUD","2019","Community Planning and Development - Community Development Block Grants (CDBG) - CDBG Insular Areas - CDBG Entitlement - CDBG Non-Entitlement","","No","",""
"HUD","2019","Community Planning and Development - HOME Investments Partnership Program","","No","",""
"HUD","2019","Community Planning and Development - Housing Opportunities for Persons with AIDS","","No","",""
"HUD","2019","Community Planning and Development - Housing Trust Fund","","No","",""
"HUD","2019","Community Planning and Development - Nehemiah Housing Opportunity Grants","","No","",""
"HUD","2019","Community Planning and Development - Public Laws 115-123, 115-56, and 115-72","","No","",""
"HUD","2019","Community Planning and Development - Rural Housing and Economic Development","","No","",""
"HUD","2019","Federal Housing Administration - Home Equity Conversion Mortgage (HECM) Claims","","No","",""
"HUD","2019","Federal Housing Administration - Home Equity Conversion Mortgage (HECM) Notes","","No","",""
"HUD","2019","Federal Housing Administration - Single Family Premium Refunds - Distributive Shares and Refund System","","No","",""
"HUD","2019","Ginnie Mae - Unclaimed Security Holder Payments","","No","",""
"HUD","2019","Housing - Flexible Subsidy","","No","",""
"HUD","2019","Housing - Rent Supplement","","No","",""
"HUD","2019","Office of the Chief Procurement Officer - Payments to Federal Contractors - Transformation Initiative","","No","",""
"HUD","2019","Public and Indian Housing - Project-Based Rental Assistance Section 8 Moderate Rehabilitation","","No","",""
"HUD","2019","Public and Indian Housing - Public Housing Capital Fund","","No","",""
"HUD","2020","Community Planning and Development - Capacity Building","","NO","",""
"HUD","2020","Community Planning and Development - Community Development Block Grant – DRAA-Sandy","","NO","",""
"HUD","2020","Community Planning and Development - Community Development Loan Guarantees- Section 108","","NO","",""
"HUD","2020","Community Planning and Development - Congressional Earmarks – Economic Development Initiative – Special Projects /Neighborhood Initiatives","","NO","",""
"HUD","2020","Community Planning and Development - Economic Development Initiative/Brownfields Redevelopment Economic Development Initiative","","NO","",""
"HUD","2020","Community Planning and Development - Neighborhood Stabilization Program","","NO","",""
"HUD","2020","Community Planning and Development - Rural Innovation Fund","","NO","",""
"HUD","2020","Fair Housing and Equal Opportunity - Fair Housing Assistance Program","","NO","",""
"HUD","2020","Fair Housing and Equal Opportunity - Fair Housing Initiatives Program","","NO","",""
"HUD","2020","Federal Housing Administration - Contracts/Grants (includes Single Family Upfront Grants)","","NO","",""
"HUD","2020","Federal Housing Administration - Federal Finance Bank Direct Loans","","NO","",""
"HUD","2020","Federal Housing Administration - Other Disbursements","","NO","",""
"HUD","2020","Federal Housing Administration - Single Family Notes","","NO","",""
"HUD","2020","Federal Housing Administration - Single Family Property (Single Family Acquired Asset Management System) (SAMS)","","NO","",""
"HUD","2020","Federal Housing Administration - Title I Claims","","NO","",""
"HUD","2020","Federal Housing Administration - Title I Notes","","NO","",""
"HUD","2020","Ginnie Mae - Refunds Program","","NO","",""
"HUD","2020","Ginnie Mae - Soldiers' and Sailors' Civil Relief Act Program Reimbursement and Multi-Family 1% Reimbursement Program","","NO","",""
"HUD","2020","Housing - Manufactured Housing","","NO","",""
"HUD","2020","Housing - Section 811 Housing for Persons with Disabilities (PRAC and Capital Advance)","","NO","",""
"HUD","2020","Office of Healthy Homes Lead Hazard Control - Lead Hazard Reduction","","NO","",""
"HUD","2020","Policy Development and Research - Research and Technology","","NO","",""
"HUD","2020","Public and Indian Housing - Choice Neighborhoods Initiative","","NO","",""
"HUD","2020","Public and Indian Housing - Indian Community Development Block Grants","","NO","",""
"HUD","2020","Public and Indian Housing - Native American Housing Block Grants","","NO","",""
"HUD","2020","Public and Indian Housing - Native Hawaiian Housing and Indian Home Loan Guarantee - Section 184 Program Account","","NO","",""
"HUD","2020","Public and Indian Housing - Native Hawaiian Housing Block Grants","","NO","",""
"HUD","2020","Public and Indian Housing - Public Housing Operating Fund","","NO","",""
"HUD","2020","Public and Indian Housing - Title VI Indian Federal Guarantees","","NO","",""
"HUD","2020","Salaries and Expenses","","NO","",""
"HUD","2021","Community Planning and Development - Community Development Block Grants (CDBG) - CDBG Insular Areas - CDBG Entitlement - CDBG Non-Entitlement","","No","",""
"HUD","2021","Community Planning and Development - Homeless Assistance Grants","","No","",""
"HUD","2021","Community Planning and Development - Housing Trust Fund","","No","",""
"HUD","2021","Community Planning and Development - Project Based Section 8 - Renewal of Expiring Sec. 8 Mod Rehab SRO","","No","",""
"HUD","2021","Community Planning and Development - Self-Help Homeownership Opportunity Program (SHOP)","","No","",""
"HUD","2021","Federal Housing Administration - Multi-Family Insurance Claims (MFIC)","","No","",""
"HUD","2021","Federal Housing Administration - Multi-Family Notes","","No","",""
"HUD","2021","Federal Housing Administration - Multi-Family Premium Refunds","","No","",""
"HUD","2021","Federal Housing Administration - Single Family Claims","","No","",""
"HUD","2021","Ginnie Mae - Contractor Payments","","No","",""
"HUD","2021","Ginnie Mae - Master Sub-Servicer Default Activity","","No","",""
"HUD","2021","Ginnie Mae - Pass Through Assistance Program (PTAP)","","No","",""
"HUD","2021","Housing - Housing Counseling Assistance","","No","",""
"HUD","2021","Housing - Housing for Special Populations- Capital Advance portion of expenditures, Section 202","","No","",""
"HUD","2021","Housing - Rental Housing Assistance Program- Section 236","","No","",""
"HUD","2021","Public and Indian Housing - Family Self-Sufficiency Program","","No","",""
"HUD","2022","Community Planning and Development - Community Development Block Grant – Disaster Recovery","0","No","",""
"HUD","2022","Community Planning and Development - HOME Investments Partnership Program","0","No","",""
"HUD","2022","Community Planning and Development - Homeless Assistance Grants","0","No","",""
"HUD","2022","Community Planning and Development - Housing Opportunities for Persons with AIDS","0","No","",""
"HUD","2022","Federal Housing Administration - Home Equity Conversion Mortgage (HECM) Claims","0","No","",""
"HUD","2022","Federal Housing Administration - Home Equity Conversion Mortgage (HECM) Notes","0","No","",""
"HUD","2022","Federal Housing Administration - Multi-Family Insurance Claims (MFIC)","0","No","",""
"HUD","2022","Office of the Chief Procurement Officer - Payments to Federal Contractors - Transformation Initiative","0","No","",""
"HUD","2022","Public and Indian Housing - Indian Community Development Block Grants","0","No","",""
"HUD","2022","Public and Indian Housing - Project-Based Rental Assistance Section 8 Moderate Rehabilitation","0","No","",""
"HUD","2022","Public and Indian Housing - Public Housing Capital Fund","0","No","",""
"HUD","2023","Community Planning and Development - Capacity Building","0","","Yes","No"
"HUD","2023","Community Planning and Development - Community Development Block Grant – Disaster Recovery","0","","No","No"
"HUD","2023","Community Planning and Development - Community Development Block Grant – DRAA-Sandy","0","","Yes","No"
"HUD","2023","Community Planning and Development - Community Development Block Grants (CDBG) - CDBG Insular Areas - CDBG Entitlement - CDBG Non-Entitlement","0","","No","No"
"HUD","2023","Community Planning and Development - HOME Investments Partnership Program","0","","No","No"
"HUD","2023","Community Planning and Development - Homeless Assistance Grants","0","","Yes","No"
"HUD","2023","Community Planning and Development - Housing Opportunities for Persons with AIDS","0","","No","No"
"HUD","2023","Community Planning and Development - Housing Trust Fund","0","","No","No"
"HUD","2023","Community Planning and Development - Neighborhood Stabilization Program","0","","Yes","No"
"HUD","2023","Community Planning and Development - Project Based Section 8 - Renewal of Expiring Sec. 8 Mod Rehab SRO","0","","No","No"
"HUD","2023","Community Planning and Development - Public Laws 115-123, 115-56, and 115-72","0","","No","No"
"HUD","2023","Community Planning and Development - Self-Help Homeownership Opportunity Program (SHOP)","0","","No","No"
"HUD","2023","Fair Housing and Equal Opportunity - Fair Housing Assistance Program","0","","Yes","No"
"HUD","2023","Fair Housing and Equal Opportunity - Fair Housing Initiatives Program","0","","Yes","No"
"HUD","2023","Federal Housing Administration - Federal Finance Bank Direct Loans","0","","No","No"
"HUD","2023","Federal Housing Administration - Home Equity Conversion Mortgage (HECM) Claims","0","","No","No"
"HUD","2023","Federal Housing Administration - Home Equity Conversion Mortgage (HECM) Notes","0","","No","No"
"HUD","2023","Federal Housing Administration - Multi-Family Insurance Claims (MFIC)","0","","No","No"
"HUD","2023","Federal Housing Administration - Multi-Family Notes","0","","No","No"
"HUD","2023","Federal Housing Administration - Other Disbursements","0","","Yes","No"
"HUD","2023","Federal Housing Administration - Single Family Claims","0","","No","No"
"HUD","2023","Federal Housing Administration - Single Family Property (Single Family Acquired Asset Management System) (SAMS)","0","","Yes","No"
"HUD","2023","Federal Housing Administration - Title I Notes","0","","No","No"
"HUD","2023","Ginnie Mae - Contractor Payments","0","","No","No"
"HUD","2023","Ginnie Mae - Master Sub-Servicer Default Activity","0","","No","No"
"HUD","2023","Housing - Housing Counseling Assistance","0","","No","No"
"HUD","2023","Housing - Housing for Special Populations- Capital Advance portion of expenditures, Section 202","0","","No","No"
"HUD","2023","Housing - Rental Housing Assistance Program (RHAP) - Project Based Rental Assistance - Project Based Section 8 - Rental Housing Assistance Program- Section 236 - Housing for Persons with Disability- Section 811","0","","No","No"
"HUD","2023","Housing - Rental Housing Assistance Program- Section 236","0","","No","No"
"HUD","2023","Housing - Section 811 Housing for Persons with Disabilities (PRAC and Capital Advance)","0","","Yes","No"
"HUD","2023","Information Technology Fund - Other Contractual Services","0","","Yes","No"
"HUD","2023","Office of Healthy Homes Lead Hazard Control - Lead Hazard Reduction","0","","Yes","No"
"HUD","2023","Office of Inspector General - Other Contractual Services","0","","Yes","No"
"HUD","2023","Policy Development and Research - Research and Technology","0","","Yes","No"
"HUD","2023","Program Offices - Other Contractual Services","0","","No","No"
"HUD","2023","Public and Indian Housing - Choice Neighborhoods Initiative","0","","Yes","No"
"HUD","2023","Public and Indian Housing - Family Self-Sufficiency Program","0","","No","No"
"HUD","2023","Public and Indian Housing - Indian Community Development Block Grants","0","","No","No"
"HUD","2023","Public and Indian Housing - Native American Housing Block Grants","0","","Yes","No"
"HUD","2023","Public and Indian Housing - Native Hawaiian Housing and Indian Home Loan Guarantee - Section 184 Program Account","0","","Yes","No"
"HUD","2023","Public and Indian Housing - Project-Based Rental Assistance Section 8 Moderate Rehabilitation","0","","No","No"
"HUD","2023","Public and Indian Housing - Public Housing Capital Fund","0","","No","No"
"HUD","2023","Public and Indian Housing - Public Housing Operating Fund","0","","Yes","No"
"HUD","2023","Public and Indian Housing - Rental Housing Assistance Program (RHAP) - Tenant Based Rental Assistance Section 8 - Housing Certificate Fund & Tenant Based Rental Assistance","0","","No","No"
"HUD","2023","Salaries and Expenses","0","","Yes","No"
"HUD","2024","Community Planning and Development - Capacity Building","0","","No","No"
"HUD","2024","Community Planning and Development - Community Development Block Grant – Disaster Recovery","0","","No","No"
"HUD","2024","Community Planning and Development - Community Development Block Grant – DRAA-Sandy","0","","No","No"
"HUD","2024","Community Planning and Development - Community Development Block Grants (CDBG) - CDBG Insular Areas - CDBG Entitlement - CDBG Non-Entitlement","0","","Yes","No"
"HUD","2024","Community Planning and Development - Community Project Funding - Community Project/Congressional Funding","0","","Yes","No"
"HUD","2024","Community Planning and Development - HOME Investments Partnership Program","0","","No","No"
"HUD","2024","Community Planning and Development - Homeless Assistance Grants","0","","No","No"
"HUD","2024","Community Planning and Development - Housing Opportunities for Persons with AIDS","0","","No","No"
"HUD","2024","Community Planning and Development - Housing Trust Fund","0","","Yes","No"
"HUD","2024","Community Planning and Development - Project Based Section 8 - Renewal of Expiring Sec. 8 Mod Rehab SRO","0","","Yes","No"
"HUD","2024","Community Planning and Development - Public Laws 115-123, 115-56, and 115-72","0","","No","No"
"HUD","2024","Community Planning and Development - Self-Help Homeownership Opportunity Program (SHOP)","0","","Yes","No"
"HUD","2024","Fair Housing and Equal Opportunity - Fair Housing Assistance Program","0","","No","No"
"HUD","2024","Fair Housing and Equal Opportunity - Fair Housing Initiatives Program","0","","No","No"
"HUD","2024","Federal Housing Administration - Federal Finance Bank Direct Loans","0","","No","No"
"HUD","2024","Federal Housing Administration - Home Equity Conversion Mortgage (HECM) Claims","0","","No","No"
"HUD","2024","Federal Housing Administration - Home Equity Conversion Mortgage (HECM) Notes","0","","No","No"
"HUD","2024","Federal Housing Administration - Multi-Family Insurance Claims (MFIC)","0","","No","No"
"HUD","2024","Federal Housing Administration - Multi-Family Notes","0","","Yes","No"
"HUD","2024","Federal Housing Administration - Other Disbursements","0","","No","No"
"HUD","2024","Federal Housing Administration - Single Family Claims","0","","Yes","No"
"HUD","2024","Federal Housing Administration - Single Family Property (Single Family Acquired Asset Management System) (SAMS)","0","","No","No"
"HUD","2024","Ginnie Mae - Master Sub-Servicer Default Activity","0","","Yes","No"
"HUD","2024","Ginnie Mae - Other Contractual Services","0","","Yes","No"
"HUD","2024","Housing - Housing Counseling Assistance","0","","Yes","No"
"HUD","2024","Housing - Housing for Special Populations- Capital Advance portion of expenditures, Section 202","0","","Yes","No"
"HUD","2024","Housing - Rental Housing Assistance Program (RHAP) - Project Based Rental Assistance - Project Based Section 8 - Rental Housing Assistance Program- Section 236 - Housing for Persons with Disability- Section 811","0","","No","No"
"HUD","2024","Housing - Rental Housing Assistance Program- Section 236","0","","Yes","No"
"HUD","2024","Housing - Section 811 Housing for Persons with Disabilities (PRAC and Capital Advance)","0","","No","No"
"HUD","2024","Office of Healthy Homes Lead Hazard Control - Lead Hazard Reduction","0","","Yes","No"
"HUD","2024","Office of Inspector General (OIG)","0","","No","No"
"HUD","2024","Policy Development and Research - Research and Technology","0","","No","No"
"HUD","2024","Public and Indian Housing - Choice Neighborhoods Initiative","0","","No","No"
"HUD","2024","Public and Indian Housing - Family Self-Sufficiency Program","0","","Yes","No"
"HUD","2024","Public and Indian Housing - Indian Community Development Block Grants","0","","No","No"
"HUD","2024","Public and Indian Housing - Native American Housing Block Grants","0","","No","No"
"HUD","2024","Public and Indian Housing - Project-Based Rental Assistance Section 8 Moderate Rehabilitation","0","","No","No"
"HUD","2024","Public and Indian Housing - Public Housing Capital Fund","0","","No","No"
"HUD","2024","Public and Indian Housing - Public Housing Operating Fund","0","","No","No"
"HUD","2024","Public and Indian Housing - Rental Housing Assistance Program (RHAP) - Tenant Based Rental Assistance Section 8 - Housing Certificate Fund & Tenant Based Rental Assistance","0","","No","No"
"HUD","2024","Salaries and Expenses","0","","No","No"
"HUD","2025","Community Planning and Development - Appalachian Regional Commission (ARC) Projects","","","No","No"
"HUD","2025","Community Planning and Development - Capacity Building","","","No","No"
"HUD","2025","Community Planning and Development - Community Development Block Grant – Disaster Recovery","","","No","No"
"HUD","2025","Community Planning and Development - Community Development Block Grant – DRAA-Sandy","","","No","No"
"HUD","2025","Community Planning and Development - Community Development Block Grants (CDBG) - CDBG Insular Areas - CDBG Entitlement - CDBG Non-Entitlement","","","No","No"
"HUD","2025","Community Planning and Development - Community Development Fund - Recovery Act","","","No","No"
"HUD","2025","Community Planning and Development - Community Development Loan Guarantees- Section 108","","","No","No"
"HUD","2025","Community Planning and Development - Community Project Funding - Community Project/Congressional Funding","","","No","No"
"HUD","2025","Community Planning and Development - Congressional Earmarks – Economic Development Initiative – Special Projects /Neighborhood Initiatives","","","No","No"
"HUD","2025","Community Planning and Development - DOT SURFACE TRANSPORTATION PROJ","","","No","No"
"HUD","2025","Community Planning and Development - Economic Development Initiative (EDI)/Brownfields Redevelopment Economic Development Initiatives (BEDI)","","","No","No"
"HUD","2025","Community Planning and Development - EMPOWERMENT ZONES, ENTERPRISE COMMUNITIES AND RENEWAL COMMUNITIES","","","No","No"
"HUD","2025","Community Planning and Development - HOME Investments Partnership Program","","","No","No"
"HUD","2025","Community Planning and Development - Homeless Assistance Grants","","","No","No"
"HUD","2025","Community Planning and Development - Homeless Prevention Rapid Re-Housing","","","No","No"
"HUD","2025","Community Planning and Development - HOPE 3 Technical Assistance","","","No","No"
"HUD","2025","Community Planning and Development - Housing Certificate Fund & Tenant Based Rental Assistance","","","No","No"
"HUD","2025","Community Planning and Development - Housing Opportunities for Persons with AIDS","","","No","No"
"HUD","2025","Community Planning and Development - Housing Trust Fund","","","No","No"
"HUD","2025","Community Planning and Development - Nehemiah Housing Opportunity Grants","","","No","No"
"HUD","2025","Community Planning and Development - Neighborhood Initiatives Program","","","No","No"
"HUD","2025","Community Planning and Development - Neighborhood Stabilization Program","","","No","No"
"HUD","2025","Community Planning and Development - Office of University Partnership Grants: (Special Purpose Grants)","","","No","No"
"HUD","2025","Community Planning and Development - Project Based Section 8 - Renewal of Expiring Sec. 8 Mod Rehab SRO","","","No","No"
"HUD","2025","Community Planning and Development - Public Laws 115-123, 115-56, and 115-72","","","No","No"
"HUD","2025","Community Planning and Development - Rural Housing and Economic Development","","","No","No"
"HUD","2025","Community Planning and Development - Rural Innovation Fund","","","No","No"
"HUD","2025","Community Planning and Development - Self-Help Homeownership Opportunity Program (SHOP)","","","No","No"
"HUD","2025","Community Planning and Development - Sustainable Communities Initiative Program","","","No","No"
"HUD","2025","Community Planning and Development - Veterans Housing Rehab Program","","","No","No"
"HUD","2025","Fair Housing and Equal Opportunity - Fair Housing Assistance Program","","","No","No"
"HUD","2025","Fair Housing and Equal Opportunity - Fair Housing Initiatives Program","","","No","No"
"HUD","2025","Federal Housing Administration - Contracts/Grants (includes Single Family Upfront Grants)","","","No","No"
"HUD","2025","Federal Housing Administration - Federal Finance Bank Direct Loans","","","No","No"
"HUD","2025","Federal Housing Administration - Financial Analysis & Controls Division","","","No","No"
"HUD","2025","Federal Housing Administration - Home Equity Conversion Mortgage (HECM) Claims","","","No","No"
"HUD","2025","Federal Housing Administration - Home Equity Conversion Mortgage (HECM) Notes","","","No","No"
"HUD","2025","Federal Housing Administration - Multi-Family Insurance Claims (MFIC)","","","No","No"
"HUD","2025","Federal Housing Administration - Multi-Family Notes","","","No","No"
"HUD","2025","Federal Housing Administration - Multi-Family Premium Refunds","","","No","No"
"HUD","2025","Federal Housing Administration - MultiFamily Property","","","No","No"
"HUD","2025","Federal Housing Administration - Other Disbursements","","","No","No"
"HUD","2025","Federal Housing Administration - Single Family Claims","","","No","No"
"HUD","2025","Federal Housing Administration - Single Family Notes","","","No","No"
"HUD","2025","Federal Housing Administration - Single Family Premium Refunds - Distributive Shares and Refund System (DSRS)","","","No","No"
"HUD","2025","Federal Housing Administration - Single Family Property (Single Family Acquired Asset Management System) (SAMS)","","","No","No"
"HUD","2025","Federal Housing Administration - Title I Claims","","","No","No"
"HUD","2025","Federal Housing Administration - Title I Notes","","","No","No"
"HUD","2025","Ginnie Mae - Guarantees of Mortgage-backed Securities Financing Account","","","No","No"
"HUD","2025","Ginnie Mae - Guarantees of Mortgage-backed Securities Liquidating Account","","","No","No"
"HUD","2025","Ginnie Mae - Guarantees of Mortgage-backed Securities Loan Guarantee Program","","","No","No"
"HUD","2025","Housing - College Housing Debt Service Grants","","","No","No"
"HUD","2025","Housing - Emergency Homeowners' Loan Program - DL Financing Acct","","","No","No"
"HUD","2025","Housing - Emergency Homeowners' Relief Fund","","","No","No"
"HUD","2025","Housing - Energy Innovation Fund","","","No","No"
"HUD","2025","Housing - Flexible Subsidy","","","No","No"
"HUD","2025","Housing - Green and Resilient Retrofit Program (GRRP)","","","No","No"
"HUD","2025","Housing - Green Retrofit Program for Multifamily Housing - Recovery Act","","","No","No"
"HUD","2025","Housing - Housing Counseling Assistance","","","No","No"
"HUD","2025","Housing - Housing for Special Populations- Capital Advance portion of expenditures, Section 202","","","No","No"
"HUD","2025","Housing - Housing for the Elderly or Handicapped- DL Liquidating Acct- Section 202","","","No","No"
"HUD","2025","Housing - Manufactured Housing","","","No","No"
"HUD","2025","Housing - MultiFamily Upfront Grants- GI AND SRI INSURANCE FUND","","","No","No"
"HUD","2025","Housing - Rent Supplement","","","No","No"
"HUD","2025","Housing - Rental Housing Assistance Program (RHAP) - Project Based Rental Assistance - Project Based Section 8 - Rental Housing Assistance Program- Section 236 - Housing for Persons with Disability- Section 811","","","No","No"
"HUD","2025","Housing - Rental Housing Assistance Program- Section 236","","","No","No"
"HUD","2025","Housing - Section 811 Housing for Persons with Disabilities (PRAC and Capital Advance)","","","No","No"
"HUD","2025","Office of Healthy Homes Lead Hazard Control - Lead Hazard Reduction","","","No","No"
"HUD","2025","Office of Inspector General (OIG)","","","No","No"
"HUD","2025","Policy Development and Research - PDR Managed Technical Assistance Grants","","","No","No"
"HUD","2025","Policy Development and Research - Research and Technology","","","No","No"
"HUD","2025","Public and Indian Housing - Assisted Housing Inspections and Risk Assessments (AHIRA)","","","No","No"
"HUD","2025","Public and Indian Housing - Choice Neighborhoods Initiative","","","No","No"
"HUD","2025","Public and Indian Housing - Family Self-Sufficiency Program","","","No","No"
"HUD","2025","Public and Indian Housing - Indian Community Development Block Grants","","","No","No"
"HUD","2025","Public and Indian Housing - Indian Housing Loan Guarantee Program - Sec. 184","","","No","No"
"HUD","2025","Public and Indian Housing - Native American Housing Block Grants","","","No","No"
"HUD","2025","Public and Indian Housing - Native Hawaiian Housing Block Grants","","","No","No"
"HUD","2025","Public and Indian Housing - Native Hawaiian Housing Loan Guarantee Program - Sec. 184a","","","No","No"
"HUD","2025","Public and Indian Housing - Project-Based Rental Assistance Section 8 Moderate Rehabilitation","","","No","No"
"HUD","2025","Public and Indian Housing - Public Housing Capital Fund","","","No","No"
"HUD","2025","Public and Indian Housing - Public Housing Operating Fund","","","No","No"
"HUD","2025","Public and Indian Housing - Rental Housing Assistance Program (RHAP) - Tenant Based Rental Assistance Section 8 - Housing Certificate Fund & Tenant Based Rental Assistance","","","No","No"
"HUD","2025","Public and Indian Housing - Revitalization of Severely Distressed Public Housing (HOPE VI)","","","No","No"
"HUD","2025","Salaries and Expenses","","","No","No"
"IAF","2025","IAF Assistance for Overseas Programs1","","","No","No"
"IAF","2025","IAF Assistance for Overseas Programs2","","","No","No"
"IMLS","2024","Grants to States","0","","Yes","No"
"IMLS","2024","Laura Bush 21st Century Librarian Program","0","","Yes","No"
"IMLS","2024","Museums for America","0","","Yes","No"
"IMLS","2024","National Leadership Grants for Libraries","0","","Yes","No"
"IMLS","2024","National Leadership Grants for Museums","0","","Yes","No"
"IMLS","2025","21st Century Museum Professional Program","","","No","No"
"IMLS","2025","American Latino Museum Internship and Fellowship Initiative","","","No","No"
"IMLS","2025","Grants to States","0","","Yes","No"
"IMLS","2025","Laura Bush 21st Century Librarian Program","0","","Yes","No"
"IMLS","2025","Museum Grants for African American History and Culture","","","No","No"
"IMLS","2025","Museum Grants for American Latino History and Culture","","","No","No"
"IMLS","2025","Museums for America","0","","Yes","No"
"IMLS","2025","National Leadership Grants for Libraries","0","","Yes","No"
"IMLS","2025","National Leadership Grants for Museums","","","No","No"
"IMLS","2025","Native American and Native Hawaiian Library Services","","","No","No"
"IMLS","2025","Native American/Native Hawaiian Museum Services Program","","","No","No"
"JMF","2025","James Madison Memorial Fellowship Foundation","","","No","No"
"JUFC","2025","Japan-U.S. Friendship Commission Grants","","","No","No"
"LOC","2025","Affiliate Centers for the Book Programming Grants","","","No","No"
"LOC","2025","Connecting Communities Digital Initiative","","","No","No"
"LOC","2025","Lewis-Houghton Civics and Democracy Initiative","","","No","No"
"LOC","2025","Library of Congress Grants","","","No","No"
"LOC","2025","Of the People: Community Collections Grants","","","No","No"
"LOC","2025","Teaching with Primary Sources","","","No","No"
"MCC","2020","614(g) of the Millennium Challenge Act of 2003","","NO","",""
"MCC","2020","Administrative Expenses - Millennium Challenge Corporation","","NO","",""
"MCC","2020","Audit","","NO","",""
"MCC","2020","Compact Assistance","","NO","",""
"MCC","2020","Compact Development Funding","","NO","",""
"MCC","2020","Due Diligence","","NO","",""
"MCC","2020","Global Health","","NO","",""
"MCC","2020","Threshold Programs","","NO","",""
"MCC","2023","Administrative Expenses - Millennium Challenge Corporation","0","","Yes","No"
"MCC","2023","Compact Assistance","0","","Yes","No"
"MCC","2023","Compact Development Funding","0","","Yes","No"
"MCC","2023","Due Diligence","0","","Yes","No"
"MCC","2023","Threshold Programs","0","","Yes","No"
"MCC","2024","Administrative Expenses - Millennium Challenge Corporation","0","","No","No"
"MCC","2024","Compact Assistance","0","","No","No"
"MCC","2024","Compact Development Funding","0","","No","No"
"MCC","2024","Due Diligence","0","","No","No"
"MCC","2024","Threshold Programs","0","","No","No"
"MCC","2025","Administrative Expenses - Millennium Challenge Corporation","","","No","No"
"MCC","2025","Compact Assistance","","","No","No"
"MCC","2025","Compact Development Funding","","","No","No"
"MCC","2025","Due Diligence","","","No","No"
"MCC","2025","MCC Foreign Assistance for Overseas Programs","","","No","No"
"MCC","2025","Threshold Programs","","","No","No"
"MSPB","2023","Merit System Protection Board - Salaries and Expenses","0","","Yes","No"
"MSPB","2025","Salaries and Expenses","0","","Yes","No"
"MUSP","2025","Morris K. Udall Fellowship Program","0","","Yes","No"
"MUSP","2025","Morris K. Udall Native American Congressional Internship Program","0","","Yes","No"
"MUSP","2025","Morris K. Udall Scholarship Program","0","","Yes","No"
"NARA","2019","Administrative Overhead","","No","",""
"NARA","2019","Agency Services","","No","",""
"NARA","2019","Legislative Archives, Presidential Libraries, and Museum Services","","No","",""
"NARA","2019","National Historical Publications and Records Commission (NHPRC) Grants","","No","",""
"NARA","2019","Office of the Inspector General","","No","",""
"NARA","2020","Administrative Overhead","","NO","",""
"NARA","2020","Agency Services","","NO","",""
"NARA","2020","Legislative Archives, Presidential Libraries, and Museum Services","","NO","",""
"NARA","2020","National Historical Publications and Records Commission (NHPRC) Grants","","NO","",""
"NARA","2020","Office of the Inspector General","","NO","",""
"NARA","2023","Administrative Overhead","0","","Yes","No"
"NARA","2023","Agency Services","0","","Yes","No"
"NARA","2023","Legislative Archives, Presidential Libraries, and Museum Services","0","","Yes","No"
"NARA","2023","Office of the Inspector General","0","","Yes","No"
"NARA","2024","Administrative Overhead","0","","No","No"
"NARA","2024","Agency Services","0","","No","No"
"NARA","2024","National Historical Publications and Records Commission (NHPRC) Grants","0","","No","No"
"NARA","2024","Office of Presidential Libraries","0","","No","No"
"NARA","2024","Research Services","0","","No","No"
"NARA","2025","Administrative Overhead","","","No","No"
"NARA","2025","Agency Services","","","No","No"
"NARA","2025","Legislative Archives, Presidential Libraries, and Museum Services","","","No","No"
"NARA","2025","National Historical Publications and Records Commission (NHPRC) Grants","","","No","No"
"NARA","2025","Office of the Inspector General","","","No","No"
"NARA","2025","Repairs and Restoration","","","No","No"
"NARA","2025","Research Services","","","No","No"
"NASA","2020","21st Century Space Launch Complex","","NO","",""
"NASA","2020","Advanced Cislunar and Surface Capabilities","","NO","",""
"NASA","2020","Aeronautics Construction of Facilities (COF)","","NO","",""
"NASA","2020","Aeronautics Strategy and Management","","NO","",""
"NASA","2020","Aeronautics Test Program","","NO","",""
"NASA","2020","Airspace Operations and Safety Program","","NO","",""
"NASA","2020","Applied Sciences","","NO","",""
"NASA","2020","Center Management and Operations","","NO","",""
"NASA","2020","Challenger Center Trust","","NO","",""
"NASA","2020","Commercial Crew Program","","NO","",""
"NASA","2020","Commercial LEO Development","","NO","",""
"NASA","2020","Constellation Systems","","NO","",""
"NASA","2020","Cosmic Origins","","NO","",""
"NASA","2020","Crew and Cargo Program","","NO","",""
"NASA","2020","Enhanced Use Lease Program","","NO","",""
"NASA","2020","Environmental Compliance and Restoration","","NO","",""
"NASA","2020","Exploration Technology Development","","NO","",""
"NASA","2020","Fundamental Aeronautics","","NO","",""
"NASA","2020","Gateway","","NO","",""
"NASA","2020","Heliophysics Explorer Program","","NO","",""
"NASA","2020","Human Research Program","","NO","",""
"NASA","2020","Human Space Flight Operations","","NO","",""
"NASA","2020","Institutions and Management","","NO","",""
"NASA","2020","Launch Services","","NO","",""
"NASA","2020","Lunar Discovery and Exploration","","NO","",""
"NASA","2020","Reimbursable (RMB) Aeronautics Research Mission Directorate (ARMD) Institutional Reimbursables","","NO","",""
"NASA","2020","Reimbursable (RMB) Education (EDUC) Programmatic Reimbursables","","NO","",""
"NASA","2020","Reimbursable (RMB) Exploration Systems Mission Directorate (ESMD) Programmatic Reimbursables","","NO","",""
"NASA","2020","Reimbursable (RMB) Small Spacecraft Mission Service (SSMS) Institutional Reimbursables","","NO","",""
"NASA","2020","Reimbursable (RMB) Small Spacecraft Mission Service (SSMS) Programmatic Reimbursables","","NO","",""
"NASA","2020","Reimbursable (RMB) Space Operations Mission Directorate (SOMD) Institutional Reimbursables","","NO","",""
"NASA","2020","Reimbursable (RMB) Space Operations Mission Directorate (SOMD) Programmatic Reimbursables","","NO","",""
"NASA","2020","RMB-ARMD Programmatic Reimbursables","","NO","",""
"NASA","2020","Rocket Propulsion Test","","NO","",""
"NASA","2020","Safety and Mission Success","","NO","",""
"NASA","2020","Space Shuttle Program","","NO","",""
"NASA","2020","Space Technology","","NO","",""
"NASA","2020","STEM Engagement","","NO","",""
"NASA","2020","Strategic Capabilities Asset Program","","NO","",""
"NASA","2021","Advanced Cislunar and Surface Capabilities","","No","",""
"NASA","2021","Advanced Exploration Systems","","No","",""
"NASA","2021","Aerosciences Evaluation and Test Capabilities","","No","",""
"NASA","2021","Agency Management","","No","",""
"NASA","2021","Agency Technical Authority","","No","",""
"NASA","2021","Astrophysics Explorer","","No","",""
"NASA","2021","Astrophysics Research","","No","",""
"NASA","2021","Center Engineering Safety & Operations","","No","",""
"NASA","2021","Commercial LEO Development","","No","",""
"NASA","2021","Discovery","","No","",""
"NASA","2021","Earth Science Data Systems","","No","",""
"NASA","2021","Earth Science Research","","No","",""
"NASA","2021","Environmental Compliance and Restoration","","No","",""
"NASA","2021","Exoplanet Exploration","","No","",""
"NASA","2021","Exploration CoF","","No","",""
"NASA","2021","Exploration Ground Systems","","No","",""
"NASA","2021","Gateway","","No","",""
"NASA","2021","Human Landing System","","No","",""
"NASA","2021","Information Technology (IT)","","No","",""
"NASA","2021","Infrastructure & Technical Capabilities","","No","",""
"NASA","2021","Inspector General","","No","",""
"NASA","2021","Institutional CoF","","No","",""
"NASA","2021","Institutions and Management","","No","",""
"NASA","2021","Integrated Aviation Systems Program","","No","",""
"NASA","2021","Lunar Discovery and Exploration","","No","",""
"NASA","2021","Mission Enabling Services","","No","",""
"NASA","2021","Planetary Defense","","No","",""
"NASA","2021","Reimbursable (RMB) Science Mission Directorate (SCMD) Programmatic Reimbursables","","No","",""
"NASA","2021","Reimbursable (RMB) Small Spacecraft Mission Service (SSMS) Institutional Reimbursables","","No","",""
"NASA","2021","Science CoF","","No","",""
"NASA","2021","Space Operations CoF","","No","",""
"NASA","2021","STEM Engagement","","No","",""
"NASA","2021","Transformative Aero Concepts Program","","No","",""
"NASA","2022","Advanced Air Vehicles Program","0","No","",""
"NASA","2022","Agency Management","0","No","",""
"NASA","2022","Early Stage Innovation and Partnerships","0","No","",""
"NASA","2022","Earth Science Technology","0","No","",""
"NASA","2022","Earth System Science Pathfinder","0","No","",""
"NASA","2022","Earth Systematic Missions","0","No","",""
"NASA","2022","Heliophysics Research","0","No","",""
"NASA","2022","International Space Station","0","No","",""
"NASA","2022","James Webb Space Telescope","0","No","",""
"NASA","2022","Living with a Star","0","No","",""
"NASA","2022","Mars Exploration","0","No","",""
"NASA","2022","Mars Sample Return","0","No","",""
"NASA","2022","New Frontiers","0","No","",""
"NASA","2022","Orion Program","0","No","",""
"NASA","2022","Outer Planets and Ocean Worlds","0","No","",""
"NASA","2022","Physics of the Cosmos","0","No","",""
"NASA","2022","Planetary Science Research","0","No","",""
"NASA","2022","Radioisotope Power","0","No","",""
"NASA","2022","SBIR and STTR","0","No","",""
"NASA","2022","Solar Terrestrial Probes","0","No","",""
"NASA","2022","Space Communications and Navigation","0","No","",""
"NASA","2022","Space Launch System","0","No","",""
"NASA","2022","Technology Demonstration","0","No","",""
"NASA","2022","Technology Maturation","0","No","",""
"NASA","2023","21st Century Space Launch Complex","0","","Yes","No"
"NASA","2023","Advanced Air Vehicles Program","0","","Yes","No"
"NASA","2023","Advanced Cislunar and Surface Capabilities","0","","Yes","No"
"NASA","2023","Advanced Exploration Systems","0","","Yes","No"
"NASA","2023","Aerosciences Evaluation and Test Capabilities","0","","Yes","No"
"NASA","2023","Agency Management","0","","Yes","No"
"NASA","2023","Agency Technical Authority","0","","Yes","No"
"NASA","2023","Airspace Operations and Safety Program","0","","Yes","No"
"NASA","2023","Applied Sciences","0","","Yes","No"
"NASA","2023","Astrophysics Explorer","0","","Yes","No"
"NASA","2023","Astrophysics Research","0","","Yes","No"
"NASA","2023","Biological and Physical Sciences","0","","Yes","No"
"NASA","2023","Center Management and Operations","0","","Yes","No"
"NASA","2023","Commercial Crew Program","0","","Yes","No"
"NASA","2023","Commercial LEO Development","0","","Yes","No"
"NASA","2023","Communication Services Program","0","","Yes","No"
"NASA","2023","Cosmic Origins","0","","Yes","No"
"NASA","2023","Crew and Cargo Program","0","","Yes","No"
"NASA","2023","Disaster Relief Appropriation","0","","Yes","No"
"NASA","2023","Discovery","0","","Yes","No"
"NASA","2023","Early Stage Innovation and Partnerships","0","","Yes","No"
"NASA","2023","Earth Science Data Systems","0","","Yes","No"
"NASA","2023","Earth Science Research","0","","Yes","No"
"NASA","2023","Earth Science Technology","0","","Yes","No"
"NASA","2023","Earth System Science Pathfinder","0","","Yes","No"
"NASA","2023","Earth Systematic Missions","0","","Yes","No"
"NASA","2023","Enhanced Use Lease Program","0","","Yes","No"
"NASA","2023","Environmental Compliance and Restoration","0","","Yes","No"
"NASA","2023","Exoplanet Exploration","0","","Yes","No"
"NASA","2023","Exploration CoF","0","","Yes","No"
"NASA","2023","Exploration Ground Systems","0","","Yes","No"
"NASA","2023","Gateway","0","","Yes","No"
"NASA","2023","Heliophysics Explorer Program","0","","Yes","No"
"NASA","2023","Heliophysics Research","0","","Yes","No"
"NASA","2023","Heliophysics Technology","0","","Yes","No"
"NASA","2023","Human Landing System","0","","Yes","No"
"NASA","2023","Human Research Program","0","","Yes","No"
"NASA","2023","Human Research","0","","Yes","No"
"NASA","2023","Human Space Flight Operations","0","","Yes","No"
"NASA","2023","Information Technology (IT)","0","","Yes","No"
"NASA","2023","Infrastructure & Technical Capabilities","0","","Yes","No"
"NASA","2023","Inspector General","0","","Yes","No"
"NASA","2023","Institutional CoF","0","","Yes","No"
"NASA","2023","Institutions and Management","0","","Yes","No"
"NASA","2023","Integrated Aviation Systems Program","0","","Yes","No"
"NASA","2023","International Space Station","0","","Yes","No"
"NASA","2023","Launch Services","0","","Yes","No"
"NASA","2023","Living with a Star","0","","Yes","No"
"NASA","2023","Lunar Discovery and Exploration","0","","Yes","No"
"NASA","2023","Mars Exploration","0","","Yes","No"
"NASA","2023","Mars Sample Return","0","","Yes","No"
"NASA","2023","Mission Enabling Services","0","","Yes","No"
"NASA","2023","Moon and Mars Architecture","0","","Yes","No"
"NASA","2023","National Historic Preservation","0","","Yes","No"
"NASA","2023","New Frontiers","0","","Yes","No"
"NASA","2023","Orion Program","0","","Yes","No"
"NASA","2023","Outer Planets and Ocean Worlds","0","","Yes","No"
"NASA","2023","Physics of the Cosmos","0","","Yes","No"
"NASA","2023","Planetary Defense","0","","Yes","No"
"NASA","2023","Planetary Science Research","0","","Yes","No"
"NASA","2023","Radioisotope Power","0","","Yes","No"
"NASA","2023","Reimbursable (RMB) Exploration Systems Mission Directorate (ESMD) Programmatic Reimbursables","0","","Yes","No"
"NASA","2023","Reimbursable (RMB) Science Mission Directorate (SCMD) Programmatic Reimbursables","0","","Yes","No"
"NASA","2023","Reimbursable (RMB) Small Spacecraft Mission Service (SSMS) Institutional Reimbursables","0","","Yes","No"
"NASA","2023","Reimbursable (RMB) Space Operations Mission Directorate (SOMD) Programmatic Reimbursables","0","","Yes","No"
"NASA","2023","RMB-ARMD Programmatic Reimbursables","0","","Yes","No"
"NASA","2023","Rocket Propulsion Test","0","","Yes","No"
"NASA","2023","Safety Engineering, Safety, & Operations","0","","Yes","No"
"NASA","2023","SBIR and STTR","0","","Yes","No"
"NASA","2023","Solar Terrestrial Probes","0","","Yes","No"
"NASA","2023","Space Communications and Navigation","0","","Yes","No"
"NASA","2023","Space Launch System","0","","Yes","No"
"NASA","2023","Space Operations CoF","0","","Yes","No"
"NASA","2023","Space Weather","0","","Yes","No"
"NASA","2023","STEM Engagement","0","","Yes","No"
"NASA","2023","Technology Demonstration","0","","Yes","No"
"NASA","2023","Technology Maturation","0","","Yes","No"
"NASA","2023","Transformative Aero Concepts Program","0","","Yes","No"
"NASA","2024","Advanced Air Vehicles Program","0","","No","No"
"NASA","2024","Advanced Cislunar and Surface Capabilities","0","","No","No"
"NASA","2024","Advanced Exploration Systems","0","","No","No"
"NASA","2024","Aerosciences Evaluation and Test Capabilities","0","","No","No"
"NASA","2024","Agency Technical Authority","0","","No","No"
"NASA","2024","Airspace Operations and Safety Program","0","","No","No"
"NASA","2024","Applied Sciences","0","","No","No"
"NASA","2024","Astrophysics Explorer","0","","No","No"
"NASA","2024","Astrophysics Research","0","","No","No"
"NASA","2024","Biological and Physical Sciences","0","","No","No"
"NASA","2024","Center Management and Operations","0","","No","No"
"NASA","2024","Commercial Crew Program","0","","No","No"
"NASA","2024","Commercial LEO Development","0","","No","No"
"NASA","2024","Communication Services Program","0","","No","No"
"NASA","2024","Cosmic Origins","0","","No","No"
"NASA","2024","Crew and Cargo Program","0","","No","No"
"NASA","2024","Discovery","0","","No","No"
"NASA","2024","Early Stage Innovation and Partnerships","0","","No","No"
"NASA","2024","Earth Science Data Systems","0","","No","No"
"NASA","2024","Earth Science Research","0","","No","No"
"NASA","2024","Earth Science Technology","0","","No","No"
"NASA","2024","Earth System Science Pathfinder","0","","No","No"
"NASA","2024","Earth Systematic Missions","0","","No","No"
"NASA","2024","Enhanced Use Lease Program","0","","No","No"
"NASA","2024","Environmental Compliance and Restoration","0","","No","No"
"NASA","2024","Exoplanet Exploration","0","","No","No"
"NASA","2024","Exploration CoF","0","","No","No"
"NASA","2024","Exploration Ground Systems","0","","No","No"
"NASA","2024","Exploration Operations","0","","Yes","No"
"NASA","2024","Gateway","0","","No","No"
"NASA","2024","Heliophysics Explorer Program","0","","No","No"
"NASA","2024","Heliophysics Research","0","","No","No"
"NASA","2024","Heliophysics Technology","0","","No","No"
"NASA","2024","Human Landing System","0","","No","No"
"NASA","2024","Human Research Program","0","","No","No"
"NASA","2024","Human Research","0","","No","No"
"NASA","2024","Human Space Flight Operations","0","","No","No"
"NASA","2024","Information Technology (IT)","0","","No","No"
"NASA","2024","Infrastructure & Technical Capabilities","0","","No","No"
"NASA","2024","Inspector General","0","","No","No"
"NASA","2024","Institutional CoF","0","","No","No"
"NASA","2024","Institutions and Management","0","","No","No"
"NASA","2024","Integrated Aviation Systems Program","0","","No","No"
"NASA","2024","International Space Station","0","","No","No"
"NASA","2024","Launch Services","0","","No","No"
"NASA","2024","Living with a Star","0","","No","No"
"NASA","2024","Lunar Discovery and Exploration","0","","No","No"
"NASA","2024","Mars Exploration","0","","No","No"
"NASA","2024","Mars Sample Return","0","","No","No"
"NASA","2024","Mission Enabling Services","0","","No","No"
"NASA","2024","Moon and Mars Architecture","0","","No","No"
"NASA","2024","National Historic Preservation","0","","No","No"
"NASA","2024","New Frontiers","0","","No","No"
"NASA","2024","Orion Program","0","","No","No"
"NASA","2024","Outer Planets and Ocean Worlds","0","","No","No"
"NASA","2024","Physics of the Cosmos","0","","No","No"
"NASA","2024","Planetary Defense","0","","No","No"
"NASA","2024","Planetary Science Research","0","","No","No"
"NASA","2024","Radioisotope Power","0","","No","No"
"NASA","2024","Reimbursable (RMB) Exploration Systems Mission Directorate (ESMD) Programmatic Reimbursables","0","","No","No"
"NASA","2024","Reimbursable (RMB) Science Mission Directorate (SCMD) Programmatic Reimbursables","0","","No","No"
"NASA","2024","Reimbursable (RMB) Small Spacecraft Mission Service (SSMS) Institutional Reimbursables","0","","No","No"
"NASA","2024","Reimbursable (RMB) Space Operations Mission Directorate (SOMD) Programmatic Reimbursables","0","","No","No"
"NASA","2024","Reimbursable (RMB) Space Tech Programmatic Reimbursables","0","","Yes","No"
"NASA","2024","RMB-ARMD Programmatic Reimbursables","0","","No","No"
"NASA","2024","Rocket Propulsion Test","0","","No","No"
"NASA","2024","Safety Engineering, Safety, & Operations","0","","No","No"
"NASA","2024","SBIR and STTR","0","","No","No"
"NASA","2024","Solar Terrestrial Probes","0","","No","No"
"NASA","2024","Space Communications and Navigation","0","","No","No"
"NASA","2024","Space Launch System","0","","No","No"
"NASA","2024","Space Operations CoF","0","","No","No"
"NASA","2024","Space Weather","0","","No","No"
"NASA","2024","STEM Engagement","0","","No","No"
"NASA","2024","Technology Demonstration","0","","No","No"
"NASA","2024","Technology Maturation","0","","No","No"
"NASA","2024","Transformative Aero Concepts Program","0","","No","No"
"NASA","2024","XEVA and Human Surface Mobility Program","0","","Yes","No"
"NASA","2025","Advanced Air Vehicles Program","","","No","No"
"NASA","2025","Advanced Exploration Systems","","","No","No"
"NASA","2025","Aerosciences Evaluation and Test Capabilities","","","No","No"
"NASA","2025","Agency Technical Authority","","","No","No"
"NASA","2025","Airspace Operations and Safety Program","","","No","No"
"NASA","2025","Applied Sciences","","","No","No"
"NASA","2025","Astrophysics Explorer","","","No","No"
"NASA","2025","Astrophysics Research","","","No","No"
"NASA","2025","Biological and Physical Sciences","","","No","No"
"NASA","2025","Commercial Crew Program","","","No","No"
"NASA","2025","Commercial LEO Development","","","No","No"
"NASA","2025","Communication Services Program","","","No","No"
"NASA","2025","Cosmic Origins","","","No","No"
"NASA","2025","Crew and Cargo Program","","","No","No"
"NASA","2025","Discovery","","","No","No"
"NASA","2025","Early Stage Innovation and Partnerships","","","No","No"
"NASA","2025","Earth Science Data Systems","","","No","No"
"NASA","2025","Earth Science Research","","","No","No"
"NASA","2025","Earth Science Technology","","","No","No"
"NASA","2025","Earth System Science Pathfinder","","","No","No"
"NASA","2025","Earth Systematic Missions","","","No","No"
"NASA","2025","Enhanced Use Lease Program","","","No","No"
"NASA","2025","Environmental Compliance and Restoration","","","No","No"
"NASA","2025","Exoplanet Exploration","","","No","No"
"NASA","2025","Exploration CoF","","","No","No"
"NASA","2025","Exploration Ground Systems","","","No","No"
"NASA","2025","Future Systems","","","No","No"
"NASA","2025","Gateway","","","No","No"
"NASA","2025","Heliophysics Explorer Program","","","No","No"
"NASA","2025","Heliophysics Research","","","No","No"
"NASA","2025","Heliophysics Technology","","","No","No"
"NASA","2025","Human Landing System","","","No","No"
"NASA","2025","Human Research Program","","","No","No"
"NASA","2025","Human Space Flight Operations","","","No","No"
"NASA","2025","Information Technology (IT)","","","No","No"
"NASA","2025","Infrastructure & Technical Capabilities","","","No","No"
"NASA","2025","Inspector General","","","No","No"
"NASA","2025","Institutional CoF","","","No","No"
"NASA","2025","Institutions and Management","","","No","No"
"NASA","2025","Integrated Aviation Systems Program","","","No","No"
"NASA","2025","International Space Station","","","No","No"
"NASA","2025","Launch Services","","","No","No"
"NASA","2025","Living with a Star","","","No","No"
"NASA","2025","Lunar Discovery and Exploration","","","No","No"
"NASA","2025","Mars Exploration","","","No","No"
"NASA","2025","Mars Sample Return","","","No","No"
"NASA","2025","Mission Enabling Services","","","No","No"
"NASA","2025","Moon and Mars Architecture","","","No","No"
"NASA","2025","National Historic Preservation","","","No","No"
"NASA","2025","New Frontiers","","","No","No"
"NASA","2025","Orion Program","","","No","No"
"NASA","2025","Outer Planets and Ocean Worlds","","","No","No"
"NASA","2025","Physics of the Cosmos","","","No","No"
"NASA","2025","Planetary Defense","","","No","No"
"NASA","2025","Planetary Science Research","","","No","No"
"NASA","2025","Radioisotope Power","","","No","No"
"NASA","2025","Responsive Science Initiative (RSI)","0","","Yes","No"
"NASA","2025","RMB-ARMD Programmatic Reimbursables","","","No","No"
"NASA","2025","RMB-ESMD Programmatic Program","","","No","No"
"NASA","2025","RMB-SCMD Programmatic Program","","","No","No"
"NASA","2025","RMB-SOMD Programmatic Program","","","No","No"
"NASA","2025","RMB-SSMS Institution","","","No","No"
"NASA","2025","Rocket Propulsion Test","","","No","No"
"NASA","2025","Safety Engineering, Safety, & Operations","","","No","No"
"NASA","2025","SBIR and STTR","","","No","No"
"NASA","2025","Science CoF","0","","Yes","No"
"NASA","2025","Solar Terrestrial Probes","","","No","No"
"NASA","2025","Space Communications and Navigation","","","No","No"
"NASA","2025","Space Launch System","","","No","No"
"NASA","2025","Space Operations CoF","","","No","No"
"NASA","2025","Space Weather","","","No","No"
"NASA","2025","STEM Engagement","","","No","No"
"NASA","2025","Technology Demonstration","","","No","No"
"NASA","2025","Technology Maturation","","","No","No"
"NASA","2025","Transformative Aero Concepts Program","","","No","No"
"NASA","2025","xEVA and Human Surface Mobility Program","","","No","No"
"NBRC","2025","Northern Border Regional Development","","","No","No"
"NCUA","2025","Community Development Revolving Loan Fund Program for Credit Unions (CDLRF)","","","No","No"
"NEA","2023","American Rescue Plan - National Endowment for the Arts","0","","No","No"
"NEA","2023","Direct Grantmaking and Cooperative Agreements","0","","No","No"
"NEA","2023","Salaries & Expenses","0","","No","No"
"NEA","2023","State & Regional Partnership Agreements","0","","No","No"
"NEA","2024","Grants for Arts Projects","0","","Yes","No"
"NEA","2024","Leadership","0","","Yes","No"
"NEA","2024","Partnership Agreements (State and Regional)","0","","Yes","No"
"NEA","2025","Arts and Artifacts Indemnity Program","0","","Yes","No"
"NEA","2025","Promotion of the Arts Grants to Organizations and Individuals","0","","Yes","No"
"NEA","2025","Promotion of the Arts Partnership Agreements","0","","Yes","No"
"NEH","2022","Administrative Funds (210)","0","No","",""
"NEH","2022","Promotion of the Humanities Federal/State Partnership","0","No","",""
"NEH","2022","Promotion of the Humanities Fellowships and Stipends","0","No","",""
"NEH","2023","Administrative Funds (210)","0","","Yes","No"
"NEH","2023","Promotion of the Humanities Challenge Grants","0","","Yes","No"
"NEH","2023","Promotion of the Humanities Federal/State Partnership","0","","Yes","No"
"NEH","2023","Promotion of the Humanities Fellowships and Stipends","0","","Yes","No"
"NEH","2024","Administrative Funds (210)","0","","Yes","No"
"NEH","2024","Promotion of the Humanities Challenge Grants","0","","Yes","No"
"NEH","2024","Promotion of the Humanities Fellowships and Stipends","0","","Yes","No"
"NEH","2025","Administration-General Fund","0","","Yes","No"
"NEH","2025","Promotion of the Humanities Challenge Grants","0","","Yes","No"
"NEH","2025","Promotion of the Humanities Division of Preservation and Access","0","","Yes","No"
"NEH","2025","Promotion of the Humanities Federal/State Partnership","0","","Yes","No"
"NEH","2025","Promotion of the Humanities Fellowships and Stipends","","","No","No"
"NEH","2025","Promotion of the Humanities Office of Digital Humanities","","","No","No"
"NEH","2025","Promotion of the Humanities Professional Development","","","No","No"
"NEH","2025","Promotion of the Humanities Public Programs","0","","Yes","No"
"NEH","2025","Promotion of the Humanities Research","0","","Yes","No"
"NEH","2025","Promotion of the Humanities Teaching and Learning Resources and Curriculum Development","","","No","No"
"NLRB","2023","National Labor Relations Board","0","","Yes","No"
"NLRB","2024","Administrative Law Judges","0","","No","No"
"NLRB","2024","Board Adjudication","0","","No","No"
"NLRB","2024","Case Handling","0","","No","No"
"NLRB","2024","Mission Support","0","","No","No"
"NLRB","2025","Administrative Law Judges","0","","Yes","No"
"NLRB","2025","Board Adjudication","0","","Yes","No"
"NLRB","2025","Case Handling","0","","Yes","No"
"NLRB","2025","Mission Support","0","","Yes","No"
"NRC","2020","Commercial","","NO","",""
"NRC","2020","Employee","","NO","",""
"NRC","2020","Government Charge Cards","","NO","",""
"NRC","2020","Payroll","","NO","",""
"NRC","2020","U.S. Nuclear Regulatory Commission Minority Serving Institutions Program (MSIP)","","NO","",""
"NRC","2023","Commercial","0","","Yes","No"
"NRC","2023","Employee","0","","Yes","No"
"NRC","2023","Payroll","0","","Yes","No"
"NRC","2023","U.S. Nuclear Regulatory Commission Minority Serving Institutions Program (MSIP)","0","","Yes","No"
"NRC","2024","Commercial","0","","Yes","No"
"NRC","2024","Employee","0","","Yes","No"
"NRC","2024","Payroll","0","","Yes","No"
"NRC","2024","U.S. Nuclear Regulatory Commission Minority Serving Institutions Program (MSIP)","0","","Yes","No"
"NRC","2025","Commercial","","","No","No"
"NRC","2025","Employee","","","No","No"
"NRC","2025","Payroll","","","No","No"
"NRC","2025","Purchase Cards","","","No","No"
"NRC","2025","Relocation","","","No","No"
"NRC","2025","Travel Cards","","","No","No"
"NRC","2025","U.S. Nuclear Regulatory Commission Minority Serving Institutions Program (MSIP)","","","No","No"
"NRC","2025","U.S. Nuclear Regulatory Commission Office of Research Financial Assistance Program","","","No","No"
"NRC","2025","U.S. Nuclear Regulatory Commission Scholarship and Fellowship Program","","","No","No"
"NSF","2020","Contracts and Individual Payments","","NO","",""
"NSF","2020","Grants and Cooperative Agreements","","NO","",""
"NSF","2020","Payments to Employees","","NO","",""
"NSF","2020","Purchase Cards","","NO","",""
"NSF","2021","Contracts and Individual Payments","","No","",""
"NSF","2021","Grants and Cooperative Agreements","","No","",""
"NSF","2021","Payments to Employees","","No","",""
"NSF","2023","Contracts and Individual Payments","0","","No","No"
"NSF","2023","Grants and Cooperative Agreements","0","","No","No"
"NSF","2023","Payments to Employees","0","","No","No"
"NSF","2024","Contracts and Individual Payments","0","","Yes","No"
"NSF","2024","Grants and Cooperative Agreements","0","","Yes","No"
"NSF","2024","Payments to Employees","0","","Yes","No"
"NSF","2024","Purchase Cards - National Science Foundation","0","","Yes","No"
"NSF","2025","Contracts and Individual Payments","","","No","No"
"NSF","2025","Grants and Cooperative Agreements","","","No","No"
"NSF","2025","Payments to Employees","","","No","No"
"NSF","2025","Purchase Cards - National Science Foundation","","","No","No"
"NTSB","2020","NTSB Operations","","NO","",""
"OGE","2025","Office of Government Ethics-Salaries and Expenses","0","","Yes","No"
"OPM","2019","Travel Card","","No","",""
"OPM","2019","Travel Reimbursement","","No","",""
"OPM","2020","Federal Employees’ Group Life Insurance (FEGLI)","","NO","",""
"OPM","2022","Emergency Federal Employee Leave Fund","0","No","",""
"OPM","2022","Federal Employees Health Benefits","0","Yes","",""
"OPM","2022","Payroll - Office of Personnel Management","0","No","",""
"OPM","2022","Purchase Cards - Office of Personnel Management","0","No","",""
"OPM","2022","Vendor Payments - Office of Personnel Management","0","No","",""
"OPM","2023","Federal Employees Health Benefits - Community Rated Carriers","0","","Yes","No"
"OPM","2023","Federal Employees Health Benefits - Experience Rated Carriers","0","","Yes","No"
"OPM","2023","Federal Employees’ Group Life Insurance (FEGLI)","0","","Yes","No"
"OPM","2023","Federal Retirement Services","0","","No","No"
"OPM","2023","Payroll - Office of Personnel Management","0","","No","No"
"OPM","2024","Federal Employees Health Benefits - Community Rated Carriers","0","","No","No"
"OPM","2024","Federal Employees Health Benefits - Experience Rated Carriers","0","","No","No"
"OPM","2024","Federal Employees’ Group Life Insurance (FEGLI)","0","","No","No"
"OPM","2024","Federal Retirement Services","0","","No","No"
"OPM","2024","Payroll - Office of Personnel Management","0","","Yes","No"
"OPM","2024","Vendor Payments - Office of Personnel Management","0","","Yes","No"
"OPM","2025","Federal Employees Health Benefits - Community Rated Carriers","","","No","No"
"OPM","2025","Federal Employees Health Benefits - Experience Rated Carriers","","","No","No"
"OPM","2025","Federal Employees’ Group Life Insurance (FEGLI)","","","No","No"
"OPM","2025","Federal Retirement Services","","","No","No"
"OPM","2025","Payroll - Office of Personnel Management","","","No","No"
"OPM","2025","Purchase Cards - Office of Personnel Management","","","No","No"
"OPM","2025","Vendor Payments - Office of Personnel Management","","","No","No"
"OSC","2023","OSC- Investigation and Prosecution of Reprisals for Whistle Blowing","0","","Yes","No"
"OSC","2024","OSC- Investigation and Prosecution of Reprisals for Whistle Blowing","0","","No","No"
"OSC","2025","OSC- Investigation and Prosecution of Reprisals for Whistle Blowing","","","No","No"
"PBGC","2022","Contractor Payments","0","No","",""
"PBGC","2022","Multiemployer Financial Assistance Payments","0","No","",""
"PBGC","2023","Benefit Payments","0","","No","No"
"PBGC","2023","Contractor Payments","0","","No","No"
"PBGC","2023","Multiemployer Financial Assistance Payments","0","","No","No"
"PBGC","2023","Multiemployer Special Financial Assistance Payments","0","","Yes","No"
"PBGC","2023","Payments to Federal Employees","0","","Yes","No"
"PBGC","2023","Premium Refunds","0","","No","No"
"PBGC","2024","Benefit Payments","0","","Yes","No"
"PBGC","2024","Contractor Payments","0","","No","No"
"PBGC","2024","Multiemployer Financial Assistance Payments","0","","No","No"
"PBGC","2024","Multiemployer Special Financial Assistance Payments","0","","Yes","No"
"PBGC","2024","Payments to Federal Employees","0","","No","No"
"PBGC","2024","Premium Refunds","0","","Yes","No"
"PBGC","2025","Benefit Payments","","","No","No"
"PBGC","2025","Contractor Payments","0","","Yes","No"
"PBGC","2025","Multiemployer Financial Assistance Payments","0","","Yes","No"
"PBGC","2025","Multiemployer Special Financial Assistance Payments","0","","Yes","No"
"PBGC","2025","Payments to Federal Employees","","","No","No"
"PBGC","2025","Pension Plan Termination Insurance","","","No","No"
"PBGC","2025","Premium Refunds","","","No","No"
"PC","2022","Volunteer Service","0","No","",""
"PC","2023","Volunteer Service","0","","Yes","No"
"PC","2024","Volunteer Service","0","","Yes","No"
"PC","2025","Volunteer Service","","","No","No"
"PCLOB","2023","Privacy and Civil Liberties Oversight Board Agency Reporting","0","","No","No"
"PCLOB","2025","Mission Activities","0","","Yes","No"
"PCLOB","2025","Operational Activities","0","","Yes","No"
"PISC","2025","Federal Permitting Improvement Steering Council Environmental Review Improvement Fund (ERIF) Funding Program","","","No","No"
"RRB","2020","Employee Payments – Railroad Retirement Board","","NO","",""
"RRB","2020","Railroad Retirement Act","","NO","",""
"RRB","2020","Railroad Unemployment Insurance Act","","YES","",""
"RRB","2020","Vendor Payments – Railroad Retirement Board","","NO","",""
"RRB","2021","Employee Payments – Railroad Retirement Board","","No","",""
"RRB","2021","Railroad Unemployment Insurance Act","","No","",""
"RRB","2021","Vendor Payments – Railroad Retirement Board","","No","",""
"RRB","2022","Railroad Unemployment Insurance Act","0","No","",""
"RRB","2023","Employee Payments – Railroad Retirement Board","0","","Yes","No"
"RRB","2023","Railroad Retirement Act","0","","Yes","No"
"RRB","2023","Railroad Unemployment Insurance Act","0","","No","No"
"RRB","2023","Vendor Payments – Railroad Retirement Board","0","","Yes","No"
"RRB","2024","Employee Payments – Railroad Retirement Board","0","","No","No"
"RRB","2024","Railroad Retirement Act","0","","No","No"
"RRB","2024","Railroad Unemployment Insurance Act","0","","No","No"
"RRB","2024","Vendor Payments – Railroad Retirement Board","0","","No","No"
"RRB","2025","Employee Payments – Railroad Retirement Board","","","No","No"
"RRB","2025","Railroad Retirement Act","","","No","No"
"RRB","2025","Railroad Unemployment Insurance Act","0","","Yes","No"
"RRB","2025","Vendor Payments – Railroad Retirement Board","","","No","No"
"SBA","2020","Microloan Program","","NO","",""
"SBA","2020","Office of Women's Business Ownership (OWBO)","","NO","",""
"SBA","2020","SBA Administrative Contracts","","NO","",""
"SBA","2020","SBA Administrative Payroll","","NO","",""
"SBA","2020","SBA Administrative Travel","","NO","",""
"SBA","2020","Small Business Development Center (SBDC)","","NO","",""
"SBA","2020","Small Business Investment Companies Advances","","NO","",""
"SBA","2020","State Trade Expansion Program","","NO","",""
"SBA","2020","Surety Bond Guarantees (SBG)","","NO","",""
"SBA","2021","COVID-Economic Injury Disaster Loan (EIDL)","","Yes","",""
"SBA","2022","Community Navigator Pilot Program","0","No","",""
"SBA","2022","OED Resource Partners Training Portal (RPTP)","0","No","",""
"SBA","2022","Restaurant Revitalization Fund","0","No","",""
"SBA","2022","SBA Administrative Contracts","0","No","",""
"SBA","2022","SBA Administrative Payroll","0","No","",""
"SBA","2022","SBA Administrative Travel","0","No","",""
"SBA","2022","Shuttered Venue Operators Grant Program","0","No","",""
"SBA","2022","Small Business Development Center (SBDC)","0","No","",""
"SBA","2022","Small Business Investment Companies Advances","0","No","",""
"SBA","2022","State Trade Expansion Program","0","No","",""
"SBA","2022","Veterans Outreach Program","0","No","",""
"SBA","2022","Women's Business Ownership Assistance","0","No","",""
"SBA","2023","Community Navigator Pilot Program","0","","No","No"
"SBA","2023","Congressional Grants","0","","Yes","No"
"SBA","2023","Microloan Program","0","","No","No"
"SBA","2023","SBA Administrative Payroll","0","","No","No"
"SBA","2023","SBA Administrative Travel","0","","No","No"
"SBA","2023","SBA Other Administrative Spending","0","","No","No"
"SBA","2023","Service Corps of Retired Executives Program (SCORE)","0","","No","No"
"SBA","2023","Small Business Development Center (SBDC)","0","","No","No"
"SBA","2023","Small Business Investment Companies Advances","0","","No","No"
"SBA","2023","State Trade Expansion Program","0","","No","No"
"SBA","2023","Surety Bond Guarantees (SBG)","0","","No","No"
"SBA","2023","Women's Business Ownership Assistance","0","","No","No"
"SBA","2024","504 Certified Development Loans Approvals","0","","No","No"
"SBA","2024","7(a) Loan Guarantees Approvals","0","","No","No"
"SBA","2024","7(a) Loan Guarantees Purchases","0","","No","No"
"SBA","2024","Community Navigator Pilot Program","0","","No","No"
"SBA","2024","Congressional Grants","0","","No","No"
"SBA","2024","Disaster Assistance Loans","0","","No","No"
"SBA","2024","Growth Accelerator Fund Competition","0","","Yes","No"
"SBA","2024","Microloan Program","0","","No","No"
"SBA","2024","Paycheck Protection Program (PPP) Loan Forgiveness","0","","No","No"
"SBA","2024","Paycheck Protection Program (PPP) Loan Guaranty Purchases","0","","No","No"
"SBA","2024","Restaurant Revitalization Fund","0","","No","No"
"SBA","2024","SBA Administrative Payroll","0","","No","No"
"SBA","2024","SBA Administrative Travel","0","","No","No"
"SBA","2024","SBA Other Administrative Spending","0","","No","No"
"SBA","2024","Section 1112 Payments for SBA’s business loan programs","0","","Yes","Yes"
"SBA","2024","Service Corps of Retired Executives Program (SCORE)","0","","No","No"
"SBA","2024","Shuttered Venue Operators Grant Program","0","","No","No"
"SBA","2024","Small Business Development Center (SBDC)","0","","No","No"
"SBA","2024","Small Business Investment Companies Advances","0","","No","No"
"SBA","2024","Small Business Investment Companies Purchases","0","","No","No"
"SBA","2024","State Trade Expansion Program","0","","No","No"
"SBA","2024","Surety Bond Guarantees (SBG)","0","","No","No"
"SBA","2024","Women's Business Ownership Assistance","0","","No","No"
"SBA","2025","504 Certified Development Loans Approvals","","","No","No"
"SBA","2025","7(a) Loan Guarantees Approvals","","","No","No"
"SBA","2025","7(a) Loan Guarantees Purchases","","","No","No"
"SBA","2025","7(j) Technical Assistance","","","No","No"
"SBA","2025","8(a) Business Development Program","","","No","No"
"SBA","2025","Community Navigator Pilot Program","","","No","No"
"SBA","2025","Congressional Grants","","","No","No"
"SBA","2025","Cybersecurity for Small Business Pilot Program","","","No","No"
"SBA","2025","Disaster Assistance Loans","","","No","No"
"SBA","2025","Economic Injury Disaster Loan Emergency Advance","","","No","No"
"SBA","2025","Federal and State Technology Partnership Program","","","No","No"
"SBA","2025","Growth Accelerator Fund Competition","","","No","No"
"SBA","2025","HUBZone Program","","","No","No"
"SBA","2025","Intermediary Loan Program","","","No","No"
"SBA","2025","Lab-to-Market","","","No","No"
"SBA","2025","Microloan Program","","","No","No"
"SBA","2025","Native American Outreach","","","No","No"
"SBA","2025","OED Resource Partners Training Portal (RPTP)","","","No","No"
"SBA","2025","Ombudsman and Regulatory Fairness Boards","","","No","No"
"SBA","2025","Paycheck Protection Program (PPP) Loan Approvals","","","No","No"
"SBA","2025","Paycheck Protection Program (PPP) Loan Forgiveness","","","No","No"
"SBA","2025","Paycheck Protection Program (PPP) Loan Guaranty Purchases","","","No","No"
"SBA","2025","Prime Technical Assistance","","","No","No"
"SBA","2025","Regional Innovation Clusters","","","No","No"
"SBA","2025","Restaurant Revitalization Fund","","","No","No"
"SBA","2025","SBA Administrative Payroll","","","No","No"
"SBA","2025","SBA Administrative Travel","","","No","No"
"SBA","2025","SBA Emerging Leaders initiative","","","No","No"
"SBA","2025","SBA Other Administrative Spending","","","No","No"
"SBA","2025","Section 1112 Payments for SBA’s business loan programs","","","No","No"
"SBA","2025","Service Corps of Retired Executives Program (SCORE)","","","No","No"
"SBA","2025","Shuttered Venue Operators Grant Program","","","No","No"
"SBA","2025","Small Business Development Center (SBDC)","","","No","No"
"SBA","2025","Small Business Investment Companies Advances","","","No","No"
"SBA","2025","Small Business Investment Companies Purchases","","","No","No"
"SBA","2025","State Trade Expansion Program","","","No","No"
"SBA","2025","Surety Bond Guarantees (SBG)","","","No","No"
"SBA","2025","Transition Assistance Entrepreneurship Track (Boots to Business)","","","No","No"
"SBA","2025","Veterans Outreach Program","","","No","No"
"SBA","2025","Women's Business Ownership Assistance","","","No","No"
"SCRC","2025","Southeast Crescent Regional Commission - Economic and Infrastructure Development Grants","","","No","No"
"SEC","2022","Disgorgement & Penalty Distributions","0","No","",""
"SEC","2022","Salaries & Benefits","0","No","",""
"SEC","2022","Supplemental Retirement - Securities and Exchange Commission","0","No","",""
"SEC","2022","Vendor Payments","0","No","",""
"SEC","2022","Whistleblower Payments","0","No","",""
"SEC","2023","Disgorgement & Penalty Distributions","0","","No","No"
"SEC","2023","Salaries & Benefits","0","","No","No"
"SEC","2023","Supplemental Retirement - Securities and Exchange Commission","0","","No","No"
"SEC","2023","Vendor Payments","0","","No","No"
"SEC","2023","Whistleblower Payments","0","","No","No"
"SEC","2024","Disgorgement & Penalty Distributions","0","","No","No"
"SEC","2024","Salaries & Benefits","0","","No","No"
"SEC","2024","Supplemental Retirement - Securities and Exchange Commission","0","","No","No"
"SEC","2024","Vendor Payments","0","","No","No"
"SEC","2024","Whistleblower Payments","0","","No","No"
"SEC","2025","Disgorgement & Penalty Distributions","0","","Yes","No"
"SEC","2025","Filing Fee deposit refunds","0","","Yes","No"
"SEC","2025","Salaries & Benefits","0","","Yes","No"
"SEC","2025","Travel Payments","0","","Yes","No"
"SEC","2025","Vendor Payments","0","","Yes","No"
"SEC","2025","Whistleblower Payments","0","","Yes","No"
"SSA","2019","Social Security - Work Incentives Planning and Assistance Program","","No","",""
"SSA","2020","Social Security - Work Incentives Planning and Assistance Program","","NO","",""
"SSA","2021","Social Security - Work Incentives Planning and Assistance Program","","No","",""
"SSA","2023","Disability Insurance (DI)","0","","No","No"
"SSA","2023","Social Security - Work Incentives Planning and Assistance Program","0","","No","No"
"SSA","2023","Supplemental Security Income (SSI)","0","","No","No"
"SSA","2024","Disability Insurance (DI)","0","","No","No"
"SSA","2024","Social Security - Work Incentives Planning and Assistance Program","0","","Yes","No"
"SSA","2024","Supplemental Security Income (SSI)","0","","No","No"
"SSA","2025","Administrative Payments - Social Security Administration","","","No","No"
"SSA","2025","Analyzing Relationships between Disability, Rehabilitation, and Work","","","No","No"
"SSA","2025","Disability Insurance (DI)","","","No","No"
"SSA","2025","Interventional Cooperative Agreement Program","","","No","No"
"SSA","2025","Old-Age and Survivors Insurance (OASI)","","","No","No"
"SSA","2025","Social Security - Work Incentives Planning and Assistance Program","","","No","No"
"SSA","2025","Social Security Research and Demonstration","","","No","No"
"SSA","2025","Social Security State Grants for Work Incentives Assistance to Disabled Beneficiaries","","","No","No"
"SSA","2025","Special Benefits for Certain World War II Veterans","","","No","No"
"SSA","2025","Strengthening Protections for Social Security Beneficiaries","","","No","No"
"SSA","2025","Supplemental Security Income (SSI)","","","No","No"
"STATE","2019","American Compensation","","No","",""
"STATE","2019","Assessed Contributions","","No","",""
"STATE","2019","Aviation, Anticrime, Interdiction and Related Programs","","No","",""
"STATE","2019","Capital and Real Property Acquisitions Programs","","No","",""
"STATE","2019","Citizens Exchange Program","","No","",""
"STATE","2019","Construction","","No","",""
"STATE","2019","Consular and Border Security Programs","","No","",""
"STATE","2019","Consular Information Technology and Security","","No","",""
"STATE","2019","Diplomatic and Support Programs","","No","",""
"STATE","2019","Diplomatic Programs, Diplomatic Policy and Support","","No","",""
"STATE","2019","Diplomatic Programs, Other Operations Programs","","No","",""
"STATE","2019","Diplomatic Programs, Terrorism Related","","No","",""
"STATE","2019","Domestic Purchase Card Payments","","No","",""
"STATE","2019","Economic Support Fund","","No","",""
"STATE","2019","Educational Programs","","No","",""
"STATE","2019","Embassy Operations Programs","","No","",""
"STATE","2019","Foreign Locally Employed Staff Compensation","","No","",""
"STATE","2019","Foreign Service Annuities","","No","",""
"STATE","2019","Fulbright Program","","No","",""
"STATE","2019","Information Technology Central Fund","","No","",""
"STATE","2019","International Cooperative Administrative Support Services","","No","",""
"STATE","2019","International Security and Nonproliferation Related Programs","","No","",""
"STATE","2019","International Security Programs","","No","",""
"STATE","2019","Leaseholds and Functional Programs","","No","",""
"STATE","2019","National Endowment for Democracy","","No","",""
"STATE","2019","Overseas Programs","","No","",""
"STATE","2019","Peace-Keeping Operations Programs","","No","",""
"STATE","2019","Physical Security Programs","","No","",""
"STATE","2019","Population Refugees and Migration Programs","","No","",""
"STATE","2019","Post-Assignment Travel","","No","",""
"STATE","2019","Project Construction - Major Rehabilitation","","No","",""
"STATE","2019","Promote the Rule of Law","","No","",""
"STATE","2019","Security - Afghanistan, Pakistan","","No","",""
"STATE","2019","Temporary Duty Travel","","No","",""
"STATE","2019","Voluntary Contributions","","No","",""
"STATE","2019","Western Hemisphere Travel Initiative","","No","",""
"STATE","2019","Working Capital Fund Programs","","No","",""
"STATE","2019","Worldwide Security Protection","","No","",""
"STATE","2020","Assessed Contributions","","NO","",""
"STATE","2020","Construction","","NO","",""
"STATE","2020","Diplomatic and Support Programs","","NO","",""
"STATE","2020","Embassy Operations Programs","","NO","",""
"STATE","2020","International Security Programs","","NO","",""
"STATE","2020","Peace-Keeping Operations Programs","","NO","",""
"STATE","2020","Security - Afghanistan, Pakistan","","NO","",""
"STATE","2020","Voluntary Contributions","","NO","",""
"STATE","2021","American Compensation","","No","",""
"STATE","2021","Assessed Contributions","","No","",""
"STATE","2021","Construction","","No","",""
"STATE","2021","Diplomatic Programs, Diplomatic Policy and Support","","No","",""
"STATE","2021","Diplomatic Programs, Other Operations Programs","","No","",""
"STATE","2021","Embassy Operations Programs","","No","",""
"STATE","2021","Voluntary Contributions","","No","",""
"STATE","2022","American Compensation","0","No","",""
"STATE","2022","Assessed Contributions","0","No","",""
"STATE","2022","Aviation, Anticrime, Interdiction and Related Programs","0","No","",""
"STATE","2022","Capital and Real Property Acquisitions Programs","0","No","",""
"STATE","2022","Citizens Exchange Program","0","No","",""
"STATE","2022","Construction","0","No","",""
"STATE","2022","Consular and Border Security Programs","0","No","",""
"STATE","2022","Consular Information Technology and Security","0","No","",""
"STATE","2022","Diplomatic and Support Programs","0","No","",""
"STATE","2022","Diplomatic Programs, Diplomatic Policy and Support","0","No","",""
"STATE","2022","Diplomatic Programs, Other Operations Programs","0","No","",""
"STATE","2022","Diplomatic Programs, Terrorism Related","0","No","",""
"STATE","2022","Economic Support Fund","0","No","",""
"STATE","2022","Educational Programs","0","No","",""
"STATE","2022","Embassy Operations Programs","0","No","",""
"STATE","2022","Foreign Locally Employed Staff Compensation","0","No","",""
"STATE","2022","Foreign Service Annuities","0","No","",""
"STATE","2022","Fulbright Program","0","No","",""
"STATE","2022","Information Technology Central Fund","0","No","",""
"STATE","2022","International Cooperative Administrative Support Services","0","No","",""
"STATE","2022","International Security and Nonproliferation Related Programs","0","No","",""
"STATE","2022","International Security Programs","0","No","",""
"STATE","2022","Leaseholds and Functional Programs","0","No","",""
"STATE","2022","National Endowment for Democracy","0","No","",""
"STATE","2022","Overseas Programs","0","No","",""
"STATE","2022","Peace-Keeping Operations Programs","0","No","",""
"STATE","2022","Physical Security Programs","0","No","",""
"STATE","2022","Population Refugees and Migration Programs","0","No","",""
"STATE","2022","Post-Assignment Travel","0","No","",""
"STATE","2022","Project Construction - Major Rehabilitation","0","No","",""
"STATE","2022","Security - Afghanistan, Pakistan","0","No","",""
"STATE","2022","Temporary Duty Travel","0","No","",""
"STATE","2022","Voluntary Contributions","0","No","",""
"STATE","2022","Western Hemisphere Travel Initiative","0","No","",""
"STATE","2022","Working Capital Fund Programs","0","No","",""
"STATE","2022","Worldwide Security Protection","0","No","",""
"STATE","2023","American Compensation","0","","Yes","No"
"STATE","2023","Assessed Contributions","0","","No","No"
"STATE","2023","Aviation, Anticrime, Interdiction and Related Programs","0","","No","No"
"STATE","2023","Capital and Real Property Acquisitions Programs","0","","No","No"
"STATE","2023","Citizens Exchange Program","0","","No","No"
"STATE","2023","Construction","0","","No","No"
"STATE","2023","Consular and Border Security Programs","0","","No","No"
"STATE","2023","Consular Information Technology and Security","0","","No","No"
"STATE","2023","Diplomatic and Support Programs","0","","Yes","No"
"STATE","2023","Diplomatic Programs, Diplomatic Policy and Support","0","","No","No"
"STATE","2023","Diplomatic Programs, Other Operations Programs","0","","No","No"
"STATE","2023","Diplomatic Programs, Terrorism Related","0","","No","No"
"STATE","2023","Economic Support Fund","0","","No","No"
"STATE","2023","Educational Programs","0","","Yes","No"
"STATE","2023","Embassy Operations Programs","0","","No","No"
"STATE","2023","Foreign Locally Employed Staff Compensation","0","","No","No"
"STATE","2023","Foreign Service Annuities","0","","No","No"
"STATE","2023","Fulbright Program","0","","No","No"
"STATE","2023","Information Technology Central Fund","0","","No","No"
"STATE","2023","International Cooperative Administrative Support Services","0","","No","No"
"STATE","2023","International Security and Nonproliferation Related Programs","0","","Yes","No"
"STATE","2023","International Security Programs","0","","No","No"
"STATE","2023","Leaseholds and Functional Programs","0","","No","No"
"STATE","2023","National Endowment for Democracy","0","","No","No"
"STATE","2023","Overseas Programs","0","","No","No"
"STATE","2023","Peace-Keeping Operations Programs","0","","No","No"
"STATE","2023","Physical Security Programs","0","","No","No"
"STATE","2023","Population Refugees and Migration Programs","0","","Yes","No"
"STATE","2023","Post-Assignment Travel","0","","No","No"
"STATE","2023","Project Construction - Major Rehabilitation","0","","No","No"
"STATE","2023","Promote the Rule of Law","0","","No","No"
"STATE","2023","Security - Afghanistan, Pakistan","0","","No","No"
"STATE","2023","Temporary Duty Travel","0","","Yes","No"
"STATE","2023","Voluntary Contributions","0","","Yes","No"
"STATE","2023","Western Hemisphere Travel Initiative","0","","No","No"
"STATE","2023","Working Capital Fund Programs","0","","No","No"
"STATE","2023","Worldwide Security Protection","0","","Yes","No"
"STATE","2024","American Compensation","0","","No","No"
"STATE","2024","Assessed Contributions","0","","No","No"
"STATE","2024","Aviation, Anticrime, Interdiction and Related Programs","0","","No","No"
"STATE","2024","Capital and Real Property Acquisitions Programs","0","","No","No"
"STATE","2024","Citizens Exchange Program","0","","No","No"
"STATE","2024","Construction","0","","No","No"
"STATE","2024","Consular and Border Security Programs","0","","Yes","No"
"STATE","2024","Consular Information Technology and Security","0","","Yes","No"
"STATE","2024","Diplomatic and Support Programs","0","","No","No"
"STATE","2024","Diplomatic Programs","0","","No","No"
"STATE","2024","Diplomatic Programs, Diplomatic Policy and Support","0","","No","No"
"STATE","2024","Diplomatic Programs, Other Operations Programs","0","","No","No"
"STATE","2024","Diplomatic Programs, Terrorism Related","0","","No","No"
"STATE","2024","Domestic Purchase Card Payments","0","","No","No"
"STATE","2024","Economic Support Fund","0","","Yes","No"
"STATE","2024","Educational Programs","0","","No","No"
"STATE","2024","Embassy Operations Programs","0","","No","No"
"STATE","2024","Foreign Locally Employed Staff Compensation","0","","Yes","No"
"STATE","2024","Foreign Service Annuities","0","","No","No"
"STATE","2024","Fulbright Program","0","","No","No"
"STATE","2024","Information Technology Central Fund","0","","No","No"
"STATE","2024","International Cooperative Administrative Support Services","0","","Yes","No"
"STATE","2024","International Security and Nonproliferation Related Programs","0","","No","No"
"STATE","2024","International Security Programs","0","","Yes","No"
"STATE","2024","Leaseholds and Functional Programs","0","","No","No"
"STATE","2024","National Endowment for Democracy","0","","No","No"
"STATE","2024","Overseas Programs","0","","No","No"
"STATE","2024","Peace-Keeping Operations Programs","0","","Yes","No"
"STATE","2024","Physical Security Programs","0","","No","No"
"STATE","2024","Population Refugees and Migration Programs","0","","No","No"
"STATE","2024","Post-Assignment Travel","0","","No","No"
"STATE","2024","Project Construction - Major Rehabilitation","0","","No","No"
"STATE","2024","Security - Afghanistan, Pakistan","0","","No","No"
"STATE","2024","Temporary Duty Travel","0","","No","No"
"STATE","2024","Voluntary Contributions","0","","No","No"
"STATE","2024","Western Hemisphere Travel Initiative","0","","No","No"
"STATE","2024","Working Capital Fund Programs","0","","No","No"
"STATE","2024","Worldwide Security Protection","0","","Yes","No"
"STATE","2025","American Compensation","0","","Yes","No"
"STATE","2025","Assessed Contributions","0","","Yes","No"
"STATE","2025","Aviation, Anticrime, Interdiction and Related Programs","0","","Yes","No"
"STATE","2025","Capital and Real Property Acquisitions Programs","0","","Yes","No"
"STATE","2025","Citizens Exchange Program","0","","Yes","No"
"STATE","2025","Construction","0","","Yes","No"
"STATE","2025","Consular and Border Security Programs","0","","Yes","No"
"STATE","2025","Consular Information Technology and Security","0","","Yes","No"
"STATE","2025","Defense Contract Audit Agency","","","No","No"
"STATE","2025","Diplomatic and Support Programs","0","","Yes","No"
"STATE","2025","Diplomatic Programs","0","","Yes","No"
"STATE","2025","Diplomatic Programs, Diplomatic Policy and Support","0","","Yes","No"
"STATE","2025","Diplomatic Programs, Other Operations Programs","0","","Yes","No"
"STATE","2025","Diplomatic Programs, Terrorism Related","0","","Yes","No"
"STATE","2025","Domestic Purchase Card Payments","","","No","No"
"STATE","2025","Economic Support Fund","0","","Yes","No"
"STATE","2025","Educational Programs","0","","Yes","No"
"STATE","2025","Embassy Operations Programs","0","","Yes","No"
"STATE","2025","Fishermen's Guaranty Fund","","","No","No"
"STATE","2025","Foreign Locally Employed Staff Compensation","0","","Yes","No"
"STATE","2025","Foreign Service Annuities","0","","Yes","No"
"STATE","2025","Fulbright Program","0","","Yes","No"
"STATE","2025","International Cooperative Administrative Support Services","0","","Yes","No"
"STATE","2025","International Programs to Support the Freedom of Religion or Belief","","","No","No"
"STATE","2025","International Security and Nonproliferation Related Programs","0","","Yes","No"
"STATE","2025","International Security Programs","0","","Yes","No"
"STATE","2025","Leaseholds and Functional Programs","0","","Yes","No"
"STATE","2025","National Endowment for Democracy","0","","Yes","No"
"STATE","2025","Office of Inspector General - Department of State","","","No","No"
"STATE","2025","Overseas Programs","0","","Yes","No"
"STATE","2025","Partnership for Regional East Africa Counterterrorism (PREACT)","","","No","No"
"STATE","2025","Peace-Keeping Operations Programs","0","","Yes","No"
"STATE","2025","Population Refugees and Migration Programs","0","","Yes","No"
"STATE","2025","Post-Assignment Travel","0","","Yes","No"
"STATE","2025","Project Construction - Major Rehabilitation","0","","Yes","No"
"STATE","2025","Security - Afghanistan, Pakistan","0","","Yes","No"
"STATE","2025","Single Audits","","","No","No"
"STATE","2025","Temporary Duty Travel","0","","Yes","No"
"STATE","2025","Voluntary Contributions","0","","Yes","No"
"STATE","2025","Working Capital Fund Programs","0","","Yes","No"
"STATE","2025","Worldwide Security Protection","0","","Yes","No"
"TREASURY","2019","Alcohol and Tobacco Tax and Trade Bureau - Internal Revenue Collection Puerto Rico","","No","",""
"TREASURY","2019","Alcohol and Tobacco Tax and Trade Bureau - Salaries and Expenses","","No","",""
"TREASURY","2019","Bureau of Engraving and Printing - Bureau of Engraving and Printing Fund","","No","",""
"TREASURY","2019","Community Development Financial Institutions Fund - Capital Magnet Fund - Non Financial Assistance Related Payments","","No","",""
"TREASURY","2019","Community Development Financial Institutions Fund - CDFI BGP Financing Fund - Non Financial Assistance Related Payments","","No","",""
"TREASURY","2019","Community Development Financial Institutions Fund - Community Development Financial Institutions (CDFI) Equity Investment Dividend","","No","",""
"TREASURY","2019","Departmental Offices - Assist to Fannie Mae and Freddie Mac (FNMC) & Federal Home Loan Mortgage Corporation (FHLMC)","","No","",""
"TREASURY","2019","Departmental Offices - Cybersecurity Enhancement Account","","No","",""
"TREASURY","2019","Departmental Offices - Federal Research Fund","","No","",""
"TREASURY","2019","Departmental Offices - Grants for Specified Energy Property in Lieu of Tax Credit","","No","",""
"TREASURY","2019","Departmental Offices - International Affairs Technical Assistance","","No","",""
"TREASURY","2019","Departmental Offices - Office of Terrorism and Financial Intelligence","","No","",""
"TREASURY","2019","Departmental Offices - Salaries and Expenses","","No","",""
"TREASURY","2019","Departmental Offices - Social Impact Demonstration Projects","","No","",""
"TREASURY","2019","Departmental Offices - Treasury Forfeiture Fund- Equitable Sharing","","No","",""
"TREASURY","2019","District of Columbia (DC) Pensions - DC Federal Pension Fund","","No","",""
"TREASURY","2019","District of Columbia Pensions - DC Judicial Retirement & Survivors Annuity Fund","","No","",""
"TREASURY","2019","Financial Crimes Enforcement Network - Salaries and Expenses","","No","",""
"TREASURY","2019","Fiscal Serivce Gulf Coast Restoration Trust Fund","","No","",""
"TREASURY","2019","Fiscal Service - Claims for Contract Disputes","","No","",""
"TREASURY","2019","Fiscal Service - Corporation for Public Broadcasting","","No","",""
"TREASURY","2019","Fiscal Service - DC Water & Sewer","","No","",""
"TREASURY","2019","Fiscal Service - Debt Collection","","No","",""
"TREASURY","2019","Fiscal Service - Emergency Planning & Security","","No","",""
"TREASURY","2019","Fiscal Service - Federal Reserve Bank Reimbursement Fund","","No","",""
"TREASURY","2019","Fiscal Service - Financial Agent Services","","No","",""
"TREASURY","2019","Fiscal Service - Fiscal Service Administrative Salaries and Expenses","","No","",""
"TREASURY","2019","Fiscal Service - Interest on the Public Debt (indefinite)","","No","",""
"TREASURY","2019","Fiscal Service - Interest on Uninvested Funds","","No","",""
"TREASURY","2019","Fiscal Service - Judgements, Court of Claims","","No","",""
"TREASURY","2019","Fiscal Service - Judgements, U.S. Courts","","No","",""
"TREASURY","2019","Fiscal Service - Payment to Legal Services Corporation","","No","",""
"TREASURY","2019","Fiscal Service - Payment to Resolution Funds Corporation","","No","",""
"TREASURY","2019","Fiscal Service - Refund Money Erroneously Received","","No","",""
"TREASURY","2019","Fiscal Service - Reimbursements to Federal Reserve Banks","","No","",""
"TREASURY","2019","Fiscal Service - Resident Tuition Sup","","No","",""
"TREASURY","2019","Fiscal Service - Restitution of Foregone Interest","","No","",""
"TREASURY","2019","Fiscal Service - School Improvement","","No","",""
"TREASURY","2019","Fiscal Service - Travel Promotion Fund, Corp for Travel Promotion","","No","",""
"TREASURY","2019","Internal Revenue Service - Additional Child Tax Credit","","Yes","",""
"TREASURY","2019","Internal Revenue Service - American Opportunity Tax Credit","","Yes","",""
"TREASURY","2019","Internal Revenue Service - Build American Bond Payments, Recovery Act","","No","",""
"TREASURY","2019","Internal Revenue Service - Payment to Issuer of New Clean Renewable Energy Bonds","","No","",""
"TREASURY","2019","Internal Revenue Service - Payment to Issuer of Qualified Energy Conservation Bond","","No","",""
"TREASURY","2019","Internal Revenue Service - Payment to Issuer of Qualified School Construction Bonds","","No","",""
"TREASURY","2019","Internal Revenue Service - Payment to Issuer of Qualified Zone Academy Bonds","","No","",""
"TREASURY","2019","Internal Revenue Service - Payments to USVI and Puerto Rico for Disaster Tax Relief","","No","",""
"TREASURY","2019","Internal Revenue Service - Private Collection Agent Program","","No","",""
"TREASURY","2019","Internal Revenue Service - Refundable Premium Assistance Tax Credit","","Yes","",""
"TREASURY","2019","Internal Revenue Service - Special Compliance Personnel Program Account","","No","",""
"TREASURY","2019","Office of Financial Stability - Home Affordable Modification Program","","No","",""
"TREASURY","2019","Office of Financial Stability - Salaries and Expenses","","No","",""
"TREASURY","2019","Office of International Assistance - Contribution to African Development Bank","","No","",""
"TREASURY","2019","Office of International Assistance - Contribution to African Development Fund","","No","",""
"TREASURY","2019","Office of International Assistance - Contribution to European Bank for Reconstruction","","No","",""
"TREASURY","2019","Office of International Assistance - Contribution to International Bank Reconstruction","","No","",""
"TREASURY","2019","Office of International Assistance - Contribution to International Development Association","","No","",""
"TREASURY","2019","Office of International Assistance - Contribution to the Asian Development Fund","","No","",""
"TREASURY","2019","Office of International Assistance - Global Environment Facility","","No","",""
"TREASURY","2019","Office of International Assistance - International Fund for Agriculture Development","","No","",""
"TREASURY","2019","Office of the Comptroller of the Currency - Assessment Funds","","No","",""
"TREASURY","2019","Office of the Inspector General - Salaries and Expenses","","No","",""
"TREASURY","2019","Special Inspector General for Troubled Asset Relief Program","","No","",""
"TREASURY","2019","The Mint - United States Mint Public Enterprise Fund","","No","",""
"TREASURY","2019","Treasury Franchise Fund","","No","",""
"TREASURY","2019","Treasury Inspector General for Tax Administration","","No","",""
"TREASURY","2020","Alcohol and Tobacco Tax and Trade Bureau - Internal Revenue Collection Puerto Rico","","NO","",""
"TREASURY","2020","Alcohol and Tobacco Tax and Trade Bureau - Salaries and Expenses","","NO","",""
"TREASURY","2020","Bureau of Engraving and Printing - Bureau of Engraving and Printing Fund","","NO","",""
"TREASURY","2020","Community Development Financial Institutions Fund - Capital Magnet Fund - Non Financial Assistance Related Payments","","NO","",""
"TREASURY","2020","Community Development Financial Institutions Fund - CDFI BGP Financing Fund - Non Financial Assistance Related Payments","","NO","",""
"TREASURY","2020","Community Development Financial Institutions Fund - Community Development Financial Institutions (CDFI) Equity Investment Dividend","","NO","",""
"TREASURY","2020","Departmental Offices - Cybersecurity Enhancement Account","","NO","",""
"TREASURY","2020","Departmental Offices - Federal Research Fund","","NO","",""
"TREASURY","2020","Departmental Offices - International Affairs Technical Assistance","","NO","",""
"TREASURY","2020","Departmental Offices - Office of Terrorism and Financial Intelligence","","NO","",""
"TREASURY","2020","Departmental Offices - Salaries and Expenses","","NO","",""
"TREASURY","2020","Departmental Offices - Treasury Forfeiture Fund- Equitable Sharing","","NO","",""
"TREASURY","2020","District of Columbia (DC) Pensions - DC Federal Pension Fund","","NO","",""
"TREASURY","2020","District of Columbia Pensions - DC Judicial Retirement & Survivors Annuity Fund","","NO","",""
"TREASURY","2020","Financial Crimes Enforcement Network - Salaries and Expenses","","NO","",""
"TREASURY","2020","Fiscal Serivce Gulf Coast Restoration Trust Fund","","NO","",""
"TREASURY","2020","Fiscal Service - Claims for Contract Disputes","","NO","",""
"TREASURY","2020","Fiscal Service - Claims for Damages","","NO","",""
"TREASURY","2020","Fiscal Service - Corporation for Public Broadcasting","","NO","",""
"TREASURY","2020","Fiscal Service - DC Water & Sewer","","NO","",""
"TREASURY","2020","Fiscal Service - Debt Collection Special Fund","","NO","",""
"TREASURY","2020","Fiscal Service - Emergency Planning & Security","","NO","",""
"TREASURY","2020","Fiscal Service - Federal Reserve Bank Reimbursement Fund","","NO","",""
"TREASURY","2020","Fiscal Service - Financial Agent Services","","NO","",""
"TREASURY","2020","Fiscal Service - Fiscal Service Administrative Salaries and Expenses","","NO","",""
"TREASURY","2020","Fiscal Service - Interest on the Public Debt (indefinite)","","NO","",""
"TREASURY","2020","Fiscal Service - Interest on Uninvested Funds","","NO","",""
"TREASURY","2020","Fiscal Service - Judgements, Court of Claims","","NO","",""
"TREASURY","2020","Fiscal Service - Judgements, U.S. Courts","","NO","",""
"TREASURY","2020","Fiscal Service - Payment to Legal Services Corporation","","NO","",""
"TREASURY","2020","Fiscal Service - Payment to Resolution Funds Corporation","","NO","",""
"TREASURY","2020","Fiscal Service - Refund Money Erroneously Received","","NO","",""
"TREASURY","2020","Fiscal Service - Reimbursements to Federal Reserve Banks","","NO","",""
"TREASURY","2020","Fiscal Service - Resident Tuition Sup","","NO","",""
"TREASURY","2020","Fiscal Service - Restitution of Foregone Interest","","NO","",""
"TREASURY","2020","Fiscal Service - School Improvement","","NO","",""
"TREASURY","2020","Fiscal Service - Travel Promotion Fund, Corp for Travel Promotion","","NO","",""
"TREASURY","2020","Internal Revenue Service - Healthcare Credit Exceeds Liability","","NO","",""
"TREASURY","2020","Internal Revenue Service - Refund Collection - Interest","","NO","",""
"TREASURY","2020","Internal Revenue Service - Refund-Corporations","","NO","",""
"TREASURY","2020","Office of Financial Stability - Home Affordable Modification Program","","NO","",""
"TREASURY","2020","Office of Financial Stability - Salaries and Expenses","","NO","",""
"TREASURY","2020","Office of International Assistance - Contribution to African Development Bank","","NO","",""
"TREASURY","2020","Office of International Assistance - Contribution to African Development Fund","","NO","",""
"TREASURY","2020","Office of International Assistance - Contribution to International Development Association","","NO","",""
"TREASURY","2020","Office of International Assistance - Contribution to the Asian Development Fund","","NO","",""
"TREASURY","2020","Office of International Assistance - Global Environment Facility","","NO","",""
"TREASURY","2020","Office of International Assistance - International Fund for Agriculture Development","","NO","",""
"TREASURY","2020","Office of the Comptroller of the Currency - Assessment Funds","","NO","",""
"TREASURY","2020","Office of the Inspector General - Salaries and Expenses","","NO","",""
"TREASURY","2020","Special Inspector General for Troubled Asset Relief Program","","NO","",""
"TREASURY","2020","The Mint - United States Mint Public Enterprise Fund","","NO","",""
"TREASURY","2020","Treasury Franchise Fund","","NO","",""
"TREASURY","2020","Treasury Inspector General for Tax Administration","","NO","",""
"TREASURY","2021","Alcohol and Tobacco Tax and Trade Bureau - Salaries and Expenses","","No","",""
"TREASURY","2021","Departmental Offices - Air Carrier Worker Support","","No","",""
"TREASURY","2021","Departmental Offices - Economic Stabilization Direct Loan Financing","","No","",""
"TREASURY","2021","Departmental Offices - Exchange Stabilization Fund","","No","",""
"TREASURY","2021","Departmental Offices- Coronavirus Relief Fund -Coronavirus State and Local Fiscal Recovery Funds","","No","",""
"TREASURY","2021","Fiscal Serivce Gulf Coast Restoration Trust Fund","","No","",""
"TREASURY","2021","Fiscal Service - American Indian & Alaskan Native","","No","",""
"TREASURY","2021","Fiscal Service - Emergency Planning & Security","","No","",""
"TREASURY","2021","Fiscal Service - Guam World War II Claims Fund","","No","",""
"TREASURY","2021","Fiscal Service - Interest on the Public Debt (indefinite)","","No","",""
"TREASURY","2021","Fiscal Service - Judgements, Court of Claims","","No","",""
"TREASURY","2021","Fiscal Service - Refund Money Erroneously Received","","No","",""
"TREASURY","2021","Internal Revenue Service - Business Systems Modernization","","No","",""
"TREASURY","2021","Internal Revenue Service - Informant Reimbursement","","No","",""
"TREASURY","2021","Internal Revenue Service - Operations Support","","No","",""
"TREASURY","2021","Internal Revenue Service - Private Collection Agent Program","","No","",""
"TREASURY","2021","Internal Revenue Service - Refund - Corporations","","No","",""
"TREASURY","2021","Internal Revenue Service - Special Compliance Personnel Program Account","","No","",""
"TREASURY","2021","Internal Revenue Service - Tax Law Enforcement","","No","",""
"TREASURY","2021","Internal Revenue Service - Taxpayer Services- Exchange of Federal Information with State Agencies","","No","",""
"TREASURY","2021","Internal Revenue Service - US Coronavirus Payments","","No","",""
"TREASURY","2021","Internal Revenue Service - US Coronavirus Refundable Credits","","No","",""
"TREASURY","2021","Office of Financial Stability - Home Affordable Modification Program","","No","",""
"TREASURY","2021","Office of Financial Stability - Salaries and Expenses","","No","",""
"TREASURY","2021","Office of International Assistance - Contribution to International Bank Reconstruction","","No","",""
"TREASURY","2021","Office of International Assistance - Global Food Security Fund","","No","",""
"TREASURY","2021","The Mint - United States Mint Public Enterprise Fund","","No","",""
"TREASURY","2022","Bureau of Engraving and Printing - Bureau of Engraving and Printing Fund","0","No","",""
"TREASURY","2022","Community Development Financial Institutions - Emergency Support Program - Equitable Recovery Program","0","No","",""
"TREASURY","2022","Community Development Financial Institutions Fund - Community Development Financial Institutions (CDFI) Equity Investment Dividend","0","No","",""
"TREASURY","2022","Departmental Offices - Cybersecurity Enhancement Account","0","No","",""
"TREASURY","2022","Departmental Offices - Economic Stabilization Program","0","No","",""
"TREASURY","2022","Departmental Offices - Emergency Rental Assistance","0","No","",""
"TREASURY","2022","Departmental Offices - Federal Research Fund","0","No","",""
"TREASURY","2022","Departmental Offices - Homeowners Assistance Fund","0","No","",""
"TREASURY","2022","Departmental Offices - Office of Terrorism and Financial Intelligence","0","No","",""
"TREASURY","2022","Departmental Offices - Pandemic Relief for Aviation Workers","0","No","",""
"TREASURY","2022","Departmental Offices - Salaries and Expenses","0","No","",""
"TREASURY","2022","Departmental Offices - Transportation Services Economic Relief","0","No","",""
"TREASURY","2022","Departmental Offices - Treasury Forfeiture Fund- Equitable Sharing","0","No","",""
"TREASURY","2022","Departmental Offices- Coronavirus Relief Fund -Coronavirus State and Local Fiscal Recovery Funds","0","No","",""
"TREASURY","2022","District of Columbia (DC) Pensions - DC Federal Pension Fund","0","No","",""
"TREASURY","2022","District of Columbia Pensions - DC Judicial Retirement & Survivors Annuity Fund","0","No","",""
"TREASURY","2022","Fiscal Service - Check Forgery Insurance Fund","0","No","",""
"TREASURY","2022","Fiscal Service - Claims for Contract Disputes","0","No","",""
"TREASURY","2022","Fiscal Service - Corporation for Public Broadcasting","0","No","",""
"TREASURY","2022","Fiscal Service - Debt Collection Special Fund","0","No","",""
"TREASURY","2022","Fiscal Service - Debt Collection","0","No","",""
"TREASURY","2022","Fiscal Service - Emergency Planning & Security","0","No","",""
"TREASURY","2022","Fiscal Service - Financial Agent Services","0","No","",""
"TREASURY","2022","Fiscal Service - Fiscal Service Administrative Salaries and Expenses","0","No","",""
"TREASURY","2022","Fiscal Service - Judgements, U.S. Courts","0","No","",""
"TREASURY","2022","Fiscal Service - Payment to Legal Services Corporation","0","No","",""
"TREASURY","2022","Fiscal Service - Payment to Resolution Funds Corporation","0","No","",""
"TREASURY","2022","Fiscal Service - Resident Tuition Sup","0","No","",""
"TREASURY","2022","Internal Revenue Service - Build American Bond Payments, Recovery Act","0","No","",""
"TREASURY","2022","Internal Revenue Service - Healthcare Credit Exceeds Liability","0","No","",""
"TREASURY","2022","Internal Revenue Service - Payment to Issuer of New Clean Renewable Energy Bonds","0","No","",""
"TREASURY","2022","Internal Revenue Service - Payment to Issuer of Qualified Energy Conservation Bond","0","No","",""
"TREASURY","2022","Internal Revenue Service - Payment to Issuer of Qualified School Construction Bonds","0","No","",""
"TREASURY","2022","Internal Revenue Service - Payment to Issuer of Qualified Zone Academy Bonds","0","No","",""
"TREASURY","2022","Internal Revenue Service - Refund Collection - Interest","0","No","",""
"TREASURY","2022","Office of International Assistance - Contribution to African Development Bank","0","No","",""
"TREASURY","2022","Special Inspector General for Troubled Asset Relief Program","0","No","",""
"TREASURY","2023","Alcohol and Tobacco Tax and Trade Bureau - Internal Revenue Collection Puerto Rico","0","","Yes","No"
"TREASURY","2023","Alcohol and Tobacco Tax and Trade Bureau - Salaries and Expenses","0","","No","No"
"TREASURY","2023","Bureau of Engraving and Printing - Bureau of Engraving and Printing Fund","0","","No","No"
"TREASURY","2023","Community Development Financial Institutions - Emergency Support Program - Equitable Recovery Program","0","","Yes","No"
"TREASURY","2023","Community Development Financial Institutions Fund - Capital Magnet Fund - Non Financial Assistance Related Payments","0","","Yes","No"
"TREASURY","2023","Community Development Financial Institutions Fund - CDFI BGP Financing Fund - Non Financial Assistance Related Payments","0","","Yes","No"
"TREASURY","2023","Community Development Financial Institutions Fund - Community Development Financial Institutions (CDFI) Equity Investment Dividend","0","","No","No"
"TREASURY","2023","Departmental Offices - Contributions of the International Monetary Fund Facilities and Trust Funds","0","","Yes","No"
"TREASURY","2023","Departmental Offices - Coronavirus Capital Projects Fund","0","","Yes","No"
"TREASURY","2023","Departmental Offices - Cybersecurity Enhancement Account","0","","No","No"
"TREASURY","2023","Departmental Offices - Emergency Capital Investment Fund","0","","Yes","No"
"TREASURY","2023","Departmental Offices - Emergency Rental Assistance","0","","No","No"
"TREASURY","2023","Departmental Offices - Federal Research Fund","0","","No","No"
"TREASURY","2023","Departmental Offices - Homeowners Assistance Fund","0","","Yes","No"
"TREASURY","2023","Departmental Offices - International Affairs Technical Assistance","0","","Yes","No"
"TREASURY","2023","Departmental Offices - Local Assistance and Tribal Consistency Fund","0","","Yes","No"
"TREASURY","2023","Departmental Offices - Office of Terrorism and Financial Intelligence","0","","No","No"
"TREASURY","2023","Departmental Offices - Pandemic Relief for Aviation Workers","0","","No","No"
"TREASURY","2023","Departmental Offices - Salaries and Expenses","0","","No","No"
"TREASURY","2023","Departmental Offices - State Small Business Credit Initiative- Technical Assistance Grant Program","0","","Yes","No"
"TREASURY","2023","Departmental Offices - Transportation Services Economic Relief","0","","No","No"
"TREASURY","2023","Departmental Offices - Treasury Forfeiture Fund- Equitable Sharing","0","","No","No"
"TREASURY","2023","Departmental Offices- Coronavirus Relief Fund -Coronavirus State and Local Fiscal Recovery Funds","0","","No","No"
"TREASURY","2023","District of Columbia (DC) Pensions - DC Federal Pension Fund","0","","No","No"
"TREASURY","2023","District of Columbia Pensions - DC Judicial Retirement & Survivors Annuity Fund","0","","No","No"
"TREASURY","2023","Financial Crimes Enforcement Network - Salaries and Expenses","0","","Yes","No"
"TREASURY","2023","Fiscal Serivce Gulf Coast Restoration Trust Fund","0","","No","No"
"TREASURY","2023","Fiscal Service - American Indian & Alaskan Native","0","","No","No"
"TREASURY","2023","Fiscal Service - Check Forgery Insurance Fund","0","","No","No"
"TREASURY","2023","Fiscal Service - Claims for Contract Disputes","0","","No","No"
"TREASURY","2023","Fiscal Service - Corporation for Public Broadcasting","0","","No","No"
"TREASURY","2023","Fiscal Service - DC Water & Sewer","0","","Yes","No"
"TREASURY","2023","Fiscal Service - Debt Collection","0","","No","No"
"TREASURY","2023","Fiscal Service - Emergency Planning & Security","0","","No","No"
"TREASURY","2023","Fiscal Service - Federal Reserve Bank Reimbursement Fund","0","","Yes","No"
"TREASURY","2023","Fiscal Service - Financial Agent Services","0","","No","No"
"TREASURY","2023","Fiscal Service - Fiscal Service Administrative Salaries and Expenses","0","","No","No"
"TREASURY","2023","Fiscal Service - Interest on the Public Debt (indefinite)","0","","No","No"
"TREASURY","2023","Fiscal Service - Judgements, Court of Claims","0","","No","No"
"TREASURY","2023","Fiscal Service - Judgements, U.S. Courts","0","","No","No"
"TREASURY","2023","Fiscal Service - Payment to Legal Services Corporation","0","","No","No"
"TREASURY","2023","Fiscal Service - Payment to Resolution Funds Corporation","0","","No","No"
"TREASURY","2023","Fiscal Service - Refund Money Erroneously Received","0","","No","No"
"TREASURY","2023","Fiscal Service - Reimbursements to Federal Reserve Banks","0","","Yes","No"
"TREASURY","2023","Fiscal Service - Resident Tuition Sup","0","","No","No"
"TREASURY","2023","Fiscal Service - Travel Promotion Fund, Corp for Travel Promotion","0","","Yes","No"
"TREASURY","2023","Fiscal Service- Restitution of Foregone Interest","0","","Yes","No"
"TREASURY","2023","Internal Revenue Service - Additional Child Tax Credit","0","","No","No"
"TREASURY","2023","Internal Revenue Service - American Opportunity Tax Credit","0","","No","No"
"TREASURY","2023","Internal Revenue Service - Build American Bond Payments, Recovery Act","0","","No","No"
"TREASURY","2023","Internal Revenue Service - Business Systems Modernization","0","","No","No"
"TREASURY","2023","Internal Revenue Service - Child and Dependent Care Tax Credit","0","","Yes","Yes"
"TREASURY","2023","Internal Revenue Service - Earned Income Tax Credit","0","","No","No"
"TREASURY","2023","Internal Revenue Service - Healthcare Credit Exceeds Liability","0","","No","No"
"TREASURY","2023","Internal Revenue Service - Informant Reimbursement","0","","No","No"
"TREASURY","2023","Internal Revenue Service - Operations Support","0","","No","No"
"TREASURY","2023","Internal Revenue Service - Payment to Issuer of New Clean Renewable Energy Bonds","0","","No","No"
"TREASURY","2023","Internal Revenue Service - Payment to Issuer of Qualified Energy Conservation Bond","0","","No","No"
"TREASURY","2023","Internal Revenue Service - Payment to Issuer of Qualified School Construction Bonds","0","","No","No"
"TREASURY","2023","Internal Revenue Service - Payment to Issuer of Qualified Zone Academy Bonds","0","","No","No"
"TREASURY","2023","Internal Revenue Service - Private Collection Agent Program","0","","No","No"
"TREASURY","2023","Internal Revenue Service - Refund - Corporations","0","","No","No"
"TREASURY","2023","Internal Revenue Service - Refund Collection - Interest","0","","No","No"
"TREASURY","2023","Internal Revenue Service - Refundable Premium Assistance Tax Credit","0","","No","No"
"TREASURY","2023","Internal Revenue Service - Refund-Corporations","0","","No","No"
"TREASURY","2023","Internal Revenue Service - Special Compliance Personnel Program Account","0","","No","No"
"TREASURY","2023","Internal Revenue Service - Tax Law Enforcement","0","","No","No"
"TREASURY","2023","Internal Revenue Service - Taxpayer Services- Exchange of Federal Information with State Agencies","0","","No","No"
"TREASURY","2023","Internal Revenue Service - US Coronavirus Payments","0","","No","No"
"TREASURY","2023","Internal Revenue Service - US Coronavirus Refundable Credits","0","","No","No"
"TREASURY","2023","Office of Financial Stability - Home Affordable Modification Program","0","","No","No"
"TREASURY","2023","Office of Financial Stability - Salaries and Expenses","0","","No","No"
"TREASURY","2023","Office of International Assistance - Contribution to African Development Bank","0","","No","No"
"TREASURY","2023","Office of International Assistance - Contribution to African Development Fund","0","","Yes","No"
"TREASURY","2023","Office of International Assistance - Contribution to European Bank for Reconstruction","0","","Yes","No"
"TREASURY","2023","Office of International Assistance - Contribution to International Bank Reconstruction","0","","No","No"
"TREASURY","2023","Office of International Assistance - Contribution to International Development Association","0","","Yes","No"
"TREASURY","2023","Office of International Assistance - Contribution to the Asian Development Fund","0","","Yes","No"
"TREASURY","2023","Office of International Assistance - Global Environment Facility","0","","Yes","No"
"TREASURY","2023","Office of International Assistance - Global Food Security","0","","Yes","No"
"TREASURY","2023","Office of International Assistance - International Fund for Agriculture Development","0","","Yes","No"
"TREASURY","2023","Office of the Comptroller of the Currency - Assessment Funds","0","","Yes","No"
"TREASURY","2023","Office of the Inspector General - Salaries and Expenses","0","","Yes","No"
"TREASURY","2023","The Mint - United States Mint Public Enterprise Fund","0","","No","No"
"TREASURY","2023","Treasury Franchise Fund - Treasury Franchise Fund","0","","Yes","No"
"TREASURY","2023","Treasury Inspector General for Tax Administration","0","","Yes","No"
"TREASURY","2024","Alcohol and Tobacco Tax and Trade Bureau - Internal Revenue Collection Puerto Rico","0","","No","No"
"TREASURY","2024","Alcohol and Tobacco Tax and Trade Bureau - Salaries and Expenses","0","","Yes","No"
"TREASURY","2024","Bureau of Engraving and Printing - Bureau of Engraving and Printing Fund","0","","No","No"
"TREASURY","2024","Community Development Financial Institutions - Emergency Support Program - Equitable Recovery Program","0","","Yes","No"
"TREASURY","2024","Community Development Financial Institutions Fund - Capital Magnet Fund - Non Financial Assistance Related Payments","0","","No","No"
"TREASURY","2024","Community Development Financial Institutions Fund - CDFI BGP Financing Fund - Non Financial Assistance Related Payments","0","","Yes","No"
"TREASURY","2024","Community Development Financial Institutions Fund - Community Development Financial Institutions (CDFI) Equity Investment Dividend","0","","No","No"
"TREASURY","2024","Departmental Offices - Coronavirus Capital Projects Fund","0","","Yes","No"
"TREASURY","2024","Departmental Offices - Cybersecurity Enhancement Account","0","","Yes","No"
"TREASURY","2024","Departmental Offices - Emergency Rental Assistance","0","","Yes","Yes"
"TREASURY","2024","Departmental Offices - Federal Research Fund","0","","No","No"
"TREASURY","2024","Departmental Offices - Homeowners Assistance Fund","0","","Yes","No"
"TREASURY","2024","Departmental Offices - International Affairs Technical Assistance","0","","No","No"
"TREASURY","2024","Departmental Offices - Local Assistance and Tribal Consistency Fund","0","","Yes","No"
"TREASURY","2024","Departmental Offices - Office of Terrorism and Financial Intelligence","0","","No","No"
"TREASURY","2024","Departmental Offices - Salaries and Expenses","0","","No","No"
"TREASURY","2024","Departmental Offices - State Small Business Credit Initiative- Technical Assistance Grant Program","0","","No","No"
"TREASURY","2024","Departmental Offices - Treasury Forfeiture Fund- Equitable Sharing","0","","Yes","No"
"TREASURY","2024","Departmental Offices- Coronavirus Relief Fund -Coronavirus State and Local Fiscal Recovery Funds","0","","No","No"
"TREASURY","2024","District of Columbia (DC) Pensions - DC Federal Pension Fund","0","","No","No"
"TREASURY","2024","District of Columbia Pensions - DC Judicial Retirement & Survivors Annuity Fund","0","","No","No"
"TREASURY","2024","Financial Crimes Enforcement Network - Salaries and Expenses","0","","No","No"
"TREASURY","2024","Fiscal Serivce Gulf Coast Restoration Trust Fund","0","","Yes","No"
"TREASURY","2024","Fiscal Service - American Indian & Alaskan Native","0","","Yes","No"
"TREASURY","2024","Fiscal Service - Check Forgery Insurance Fund","0","","No","No"
"TREASURY","2024","Fiscal Service - Claims for Contract Disputes","0","","No","No"
"TREASURY","2024","Fiscal Service - Corporation for Public Broadcasting","0","","No","No"
"TREASURY","2024","Fiscal Service - DC Water & Sewer","0","","No","No"
"TREASURY","2024","Fiscal Service - Debt Collection","0","","No","No"
"TREASURY","2024","Fiscal Service - Emergency Planning & Security","0","","No","No"
"TREASURY","2024","Fiscal Service - Federal Reserve Bank Reimbursement Fund","0","","No","No"
"TREASURY","2024","Fiscal Service - Financial Agent Services","0","","No","No"
"TREASURY","2024","Fiscal Service - Fiscal Service Administrative Salaries and Expenses","0","","No","No"
"TREASURY","2024","Fiscal Service - Interest on the Public Debt (indefinite)","0","","Yes","No"
"TREASURY","2024","Fiscal Service - Interest on Uninvested Funds","0","","Yes","No"
"TREASURY","2024","Fiscal Service - Judgements, Court of Claims","0","","Yes","No"
"TREASURY","2024","Fiscal Service - Judgements, U.S. Courts","0","","No","No"
"TREASURY","2024","Fiscal Service - Payment to Legal Services Corporation","0","","No","No"
"TREASURY","2024","Fiscal Service - Payment to Resolution Funds Corporation","0","","No","No"
"TREASURY","2024","Fiscal Service - Refund Money Erroneously Received","0","","Yes","No"
"TREASURY","2024","Fiscal Service - Reimbursements to Federal Reserve Banks","0","","No","No"
"TREASURY","2024","Fiscal Service - Resident Tuition Sup","0","","No","No"
"TREASURY","2024","Fiscal Service - Travel Promotion Fund, Corp for Travel Promotion","0","","No","No"
"TREASURY","2024","Fiscal Service- Restitution of Foregone Interest","0","","Yes","No"
"TREASURY","2024","Internal Revenue Service - Additional Child Tax Credit","0","","No","No"
"TREASURY","2024","Internal Revenue Service - American Opportunity Tax Credit","0","","No","No"
"TREASURY","2024","Internal Revenue Service - Build American Bond Payments, Recovery Act","0","","No","No"
"TREASURY","2024","Internal Revenue Service - Business Systems Modernization","0","","Yes","No"
"TREASURY","2024","Internal Revenue Service - Child and Dependent Care Tax Credit","0","","No","No"
"TREASURY","2024","Internal Revenue Service - Earned Income Tax Credit","0","","No","No"
"TREASURY","2024","Internal Revenue Service - Healthcare Credit Exceeds Liability","0","","No","No"
"TREASURY","2024","Internal Revenue Service - Informant Reimbursement","0","","Yes","No"
"TREASURY","2024","Internal Revenue Service - Operations Support","0","","Yes","No"
"TREASURY","2024","Internal Revenue Service - Payment to Issuer of New Clean Renewable Energy Bonds","0","","No","No"
"TREASURY","2024","Internal Revenue Service - Payment to Issuer of Qualified Energy Conservation Bond","0","","No","No"
"TREASURY","2024","Internal Revenue Service - Payment to Issuer of Qualified School Construction Bonds","0","","No","No"
"TREASURY","2024","Internal Revenue Service - Payment to Issuer of Qualified Zone Academy Bonds","0","","Yes","No"
"TREASURY","2024","Internal Revenue Service - Private Collection Agent Program","0","","Yes","No"
"TREASURY","2024","Internal Revenue Service - Refund - Corporations","0","","Yes","No"
"TREASURY","2024","Internal Revenue Service - Refund Collection - Interest","0","","Yes","No"
"TREASURY","2024","Internal Revenue Service - Refundable Premium Assistance Tax Credit","0","","No","No"
"TREASURY","2024","Internal Revenue Service - Special Compliance Personnel Program Account","0","","Yes","No"
"TREASURY","2024","Internal Revenue Service - Tax Law Enforcement","0","","Yes","No"
"TREASURY","2024","Internal Revenue Service - Taxpayer Services- Exchange of Federal Information with State Agencies","0","","Yes","No"
"TREASURY","2024","Internal Revenue Service - US Coronavirus Payments","0","","Yes","Yes"
"TREASURY","2024","Internal Revenue Service - US Coronavirus Refundable Credits","0","","Yes","Yes"
"TREASURY","2024","Office of Financial Stability - Home Affordable Modification Program","0","","Yes","No"
"TREASURY","2024","Office of Financial Stability - Salaries and Expenses","0","","Yes","No"
"TREASURY","2024","Office of International Assistance - Clean Tech Fund Loans Financing Acct","0","","Yes","No"
"TREASURY","2024","Office of International Assistance - Contribution to African Development Bank","0","","No","No"
"TREASURY","2024","Office of International Assistance - Contribution to African Development Fund","0","","No","No"
"TREASURY","2024","Office of International Assistance - Contribution to European Bank for Reconstruction","0","","No","No"
"TREASURY","2024","Office of International Assistance - Contribution to International Bank Reconstruction","0","","Yes","No"
"TREASURY","2024","Office of International Assistance - Contribution to International Development Association","0","","No","No"
"TREASURY","2024","Office of International Assistance - Contribution to the Asian Development Fund","0","","No","No"
"TREASURY","2024","Office of International Assistance - Economic Support Fund","0","","Yes","No"
"TREASURY","2024","Office of International Assistance - Global Environment Facility","0","","No","No"
"TREASURY","2024","Office of International Assistance - Global Food Security","0","","No","No"
"TREASURY","2024","Office of International Assistance - International Fund for Agriculture Development","0","","No","No"
"TREASURY","2024","Office of the Comptroller of the Currency - Assessment Funds","0","","No","No"
"TREASURY","2024","Office of the Inspector General - Salaries and Expenses","0","","No","No"
"TREASURY","2024","The Mint - United States Mint Public Enterprise Fund","0","","Yes","No"
"TREASURY","2024","Treasury Franchise Fund","0","","No","No"
"TREASURY","2024","Treasury Inspector General for Tax Administration","0","","No","No"
"TREASURY","2025","Accelerated depreciation of machinery and equipment (normal tax method)","","","No","No"
"TREASURY","2025","Accelerated depreciation on rental housing (normal tax method)","","","No","No"
"TREASURY","2025","Additional deduction for the blind","","","No","No"
"TREASURY","2025","Additional deduction for the elderly","","","No","No"
"TREASURY","2025","Adoption credit and exclusion","","","No","No"
"TREASURY","2025","Advanced nuclear power production credit","","","No","No"
"TREASURY","2025","Alcohol and Tobacco Tax and Trade Bureau - Internal Revenue Collection Puerto Rico","","","No","No"
"TREASURY","2025","Alcohol and Tobacco Tax and Trade Bureau - Salaries and Expenses","","","No","No"
"TREASURY","2025","Alcohol fuel credits","","","No","No"
"TREASURY","2025","Allow 20-percent deduction to certain pass-through income","","","No","No"
"TREASURY","2025","Allowance of deduction for certain energy efficient commercial building property","","","No","No"
"TREASURY","2025","Amortize all geological and geophysical expenditures over 2 years","","","No","No"
"TREASURY","2025","Assistance for adopted foster children","","","No","No"
"TREASURY","2025","Bio-Diesel and small agri-biodiesel producer tax credits","","","No","No"
"TREASURY","2025","Bureau of Engraving and Printing - Bureau of Engraving and Printing Fund","0","","Yes","No"
"TREASURY","2025","Capital gains (except agriculture, timber, iron ore, and coal)","","","No","No"
"TREASURY","2025","Capital gains exclusion of small corporation stock","","","No","No"
"TREASURY","2025","Capital gains exclusion on home sales","","","No","No"
"TREASURY","2025","Capital gains treatment of certain agriculture income","","","No","No"
"TREASURY","2025","Capital gains treatment of certain timber income","","","No","No"
"TREASURY","2025","Capital gains treatment of royalties on coal","","","No","No"
"TREASURY","2025","Carryover basis of capital gains on gifts","","","No","No"
"TREASURY","2025","Community Development Financial Institutions - Emergency Support Program - Equitable Recovery Program","","","No","No"
"TREASURY","2025","Community Development Financial Institutions - Emergency Support Program - Non Federal Financial Assistance Related Payments","","","No","No"
"TREASURY","2025","Community Development Financial Institutions - Emergency Support Program - Rapid Response Program","","","No","No"
"TREASURY","2025","Community Development Financial Institutions Fund - Capital Magnet Fund - Non Financial Assistance Related Payments","0","","Yes","No"
"TREASURY","2025","Community Development Financial Institutions Fund - Capital Magnet Fund","0","","Yes","No"
"TREASURY","2025","Community Development Financial Institutions Fund - CDFI BGP Financing Fund - Non Financial Assistance Related Payments","","","No","No"
"TREASURY","2025","Community Development Financial Institutions Fund - CDFI BGP Financing Fund","","","No","No"
"TREASURY","2025","Community Development Financial Institutions Fund - CDFI Program Loan - Non Federal Financial Assistance Related Payments","","","No","No"
"TREASURY","2025","Community Development Financial Institutions Fund - CDFI Program Loan","","","No","No"
"TREASURY","2025","Community Development Financial Institutions Fund - Community Development Financial Institutions (CDFI) Program- Bank Enterprise Award Program","0","","Yes","No"
"TREASURY","2025","Community Development Financial Institutions Fund - Community Development Financial Institutions (CDFI) Program- Native Initiatives","0","","Yes","No"
"TREASURY","2025","Community Development Financial Institutions Fund - Community Development Financial Institutions (CDFI) Program- Non-Federal Financial Assistance Payments","0","","Yes","No"
"TREASURY","2025","Community Development Financial Institutions Fund - Community Development Financial Institutions (CDFI) Program- Small Dollar Loan Program","0","","Yes","No"
"TREASURY","2025","Community Development Financial Institutions Fund - Community Development Financial Institutions (CDFI) Program","0","","Yes","No"
"TREASURY","2025","Credit for construction of new energy efficient homes","","","No","No"
"TREASURY","2025","Credit for disabled access expenditures","","","No","No"
"TREASURY","2025","Credit for employee health insurance expenses of small business","","","No","No"
"TREASURY","2025","Credit for energy efficiency improvements to existing homes","","","No","No"
"TREASURY","2025","Credit for family and sick leave taken by self-employed individuals","","","No","No"
"TREASURY","2025","Credit for increasing research activities","","","No","No"
"TREASURY","2025","Credit for low-income housing investments","","","No","No"
"TREASURY","2025","Credit for residential energy efficient property","","","No","No"
"TREASURY","2025","Credit to holders of Gulf and Midwest Tax Credit Bonds .","","","No","No"
"TREASURY","2025","Deductibility of casualty losses","","","No","No"
"TREASURY","2025","Deductibility of charitable contributions to educational institutions","","","No","No"
"TREASURY","2025","Deductibility of charitable contributions to health institutions","","","No","No"
"TREASURY","2025","Deductibility of charitable contributions, other than education and health","","","No","No"
"TREASURY","2025","Deductibility of medical expenses","","","No","No"
"TREASURY","2025","Deductibility of mortgage interest on owner-occupied homes","","","No","No"
"TREASURY","2025","Deductibility of nonbusiness State and local taxes other than on owner-occupied homes","","","No","No"
"TREASURY","2025","Deductibility of State and local property tax on owner-occupied homes","","","No","No"
"TREASURY","2025","Deductibility of student-loan interest","","","No","No"
"TREASURY","2025","Deduction for endangered species recovery expenditures","","","No","No"
"TREASURY","2025","Deduction for foreign-derived intangible income derived from trade or business within the United States","","","No","No"
"TREASURY","2025","Deferral of capital gains from like-kind exchanges","","","No","No"
"TREASURY","2025","Deferral of gain on sale of farm refiners","","","No","No"
"TREASURY","2025","Deferral of income from installment sales","","","No","No"
"TREASURY","2025","Deferral of interest on U.S. savings bonds","","","No","No"
"TREASURY","2025","Deferral of tax on shipping companies","","","No","No"
"TREASURY","2025","Departmental Offices - Coronavirus Capital Projects Fund","0","","Yes","No"
"TREASURY","2025","Departmental Offices - Coronavirus Relief Fund","","","No","No"
"TREASURY","2025","Departmental Offices - Cybersecurity Enhancement Account","0","","Yes","No"
"TREASURY","2025","Departmental Offices - Economic Stabilization Direct Loan Financing","","","No","No"
"TREASURY","2025","Departmental Offices - Economic Stabilization Program","","","No","No"
"TREASURY","2025","Departmental Offices - Emergency Capital Investment Fund","","","No","No"
"TREASURY","2025","Departmental Offices - Emergency Rental Assistance","","","No","No"
"TREASURY","2025","Departmental Offices - Federal Research Fund","0","","Yes","No"
"TREASURY","2025","Departmental Offices - Homeowners Assistance Fund","","","No","No"
"TREASURY","2025","Departmental Offices - International Affairs Technical Assistance","","","No","No"
"TREASURY","2025","Departmental Offices - Local Assistance and Tribal Consistency Fund","","","No","No"
"TREASURY","2025","Departmental Offices - Office of Terrorism and Financial Intelligence","0","","Yes","No"
"TREASURY","2025","Departmental Offices - Salaries and Expenses","0","","Yes","No"
"TREASURY","2025","Departmental Offices - State Small Business Credit Initiative- Non- Federal Financial Assistance Payments","","","No","No"
"TREASURY","2025","Departmental Offices - State Small Business Credit Initiative- Technical Assistance Grant Program","","","No","No"
"TREASURY","2025","Departmental Offices - Transportation Services Economic Relief","","","No","No"
"TREASURY","2025","Departmental Offices - Treasury Forfeiture Fund- Equitable Sharing","","","No","No"
"TREASURY","2025","Departmental Offices- Air Carrier Worker Support","","","No","No"
"TREASURY","2025","Departmental Offices- Coronavirus Relief Fund -Coronavirus State and Local Fiscal Recovery Funds","","","No","No"
"TREASURY","2025","Departmental Offices- Department-Wide Systems and Capital Investments Programs","","","No","No"
"TREASURY","2025","Departmental Offices- Gifts and Bequests, Treasury","","","No","No"
"TREASURY","2025","Departmental Offices- MBS Purchase Program Account","","","No","No"
"TREASURY","2025","Departmental Offices- Small Business Lending Fund Program","","","No","No"
"TREASURY","2025","Departmental Offices- Social Impact Demonstration Projects","","","No","No"
"TREASURY","2025","Departmental Offices- State Small Business Credit Initiative- Competitive Technical Assistance","","","No","No"
"TREASURY","2025","Departmental Offices- Terrorism Insurance Program","","","No","No"
"TREASURY","2025","Depreciation of buildings other than rental housing (normal tax method)","","","No","No"
"TREASURY","2025","Disaster employee retention credit","","","No","No"
"TREASURY","2025","Discharge of business indebtedness","","","No","No"
"TREASURY","2025","Discharge of mortgage indebtedness","","","No","No"
"TREASURY","2025","Discharge of student loan indebtedness","","","No","No"
"TREASURY","2025","Distributions from retirement plans for premiums for health and long-term care insurance","","","No","No"
"TREASURY","2025","District of Columbia (DC) Pensions - DC Federal Pension Fund","0","","Yes","No"
"TREASURY","2025","District of Columbia Pensions - DC Judicial Retirement & Survivors Annuity Fund","0","","Yes","No"
"TREASURY","2025","Employer provided child care exclusion","","","No","No"
"TREASURY","2025","Employer-provided child care credit","","","No","No"
"TREASURY","2025","Employer-provided paid family and medical leave credit","","","No","No"
"TREASURY","2025","Empowerment zones","","","No","No"
"TREASURY","2025","Enhanced oil recovery credit","","","No","No"
"TREASURY","2025","Exception from passive loss limitation for working interests in oil and gas properties","","","No","No"
"TREASURY","2025","Exception from passive loss rules for $25,000 of rental loss","","","No","No"
"TREASURY","2025","Exceptions from imputed interest rules","","","No","No"
"TREASURY","2025","Excess of percentage over cost depletion, coal","","","No","No"
"TREASURY","2025","Excess of percentage over cost depletion, nonfuel minerals","","","No","No"
"TREASURY","2025","Excess of percentage over cost depletion, oil and gas","","","No","No"
"TREASURY","2025","Exclusion for employer-provided transit passes","","","No","No"
"TREASURY","2025","Exclusion of benefits and allowances to armed forces personnel","","","No","No"
"TREASURY","2025","Exclusion of certain allowances for Federal employees abroad","","","No","No"
"TREASURY","2025","Exclusion of certain foster care payments","","","No","No"
"TREASURY","2025","Exclusion of employee meals and lodging (other than military)","","","No","No"
"TREASURY","2025","Exclusion of employer contributions for medical insurance premiums and medical care","","","No","No"
"TREASURY","2025","Exclusion of employer-provided educational assistance","","","No","No"
"TREASURY","2025","Exclusion of GI bill benefits","","","No","No"
"TREASURY","2025","Exclusion of income earned abroad by U.S. citizens","","","No","No"
"TREASURY","2025","Exclusion of interest for airport, dock, and similar bonds","","","No","No"
"TREASURY","2025","Exclusion of interest on bonds for Highway Projects and rail-truck transfer facilities","","","No","No"
"TREASURY","2025","Exclusion of interest on bonds for private nonprofit educational facilities","","","No","No"
"TREASURY","2025","Exclusion of interest on bonds for water, sewage, and hazardous waste facilities","","","No","No"
"TREASURY","2025","Exclusion of interest on energy facility bonds","","","No","No"
"TREASURY","2025","Exclusion of interest on hospital construction bonds","","","No","No"
"TREASURY","2025","Exclusion of interest on owner-occupied mortgage subsidy bonds","","","No","No"
"TREASURY","2025","Exclusion of interest on public purpose State and local bonds","","","No","No"
"TREASURY","2025","Exclusion of interest on rental housing bonds","","","No","No"
"TREASURY","2025","Exclusion of interest on savings bonds redeemed to finance educational expenses","","","No","No"
"TREASURY","2025","Exclusion of interest on small issue bonds","","","No","No"
"TREASURY","2025","Exclusion of interest on student-loan bonds","","","No","No"
"TREASURY","2025","Exclusion of interest on veterans housing bonds","","","No","No"
"TREASURY","2025","Exclusion of interest spread of financial institutions","","","No","No"
"TREASURY","2025","Exclusion of life insurance death benefits","","","No","No"
"TREASURY","2025","Exclusion of military disability pensions","","","No","No"
"TREASURY","2025","Exclusion of net imputed rental income","","","No","No"
"TREASURY","2025","Exclusion of other employee benefits: Premiums on accident and disability insurance","","","No","No"
"TREASURY","2025","Exclusion of other employee benefits: Premiums on group term life insurance","","","No","No"
"TREASURY","2025","Exclusion of parsonage allowances","","","No","No"
"TREASURY","2025","Exclusion of public assistance benefits (normal tax method)","","","No","No"
"TREASURY","2025","Exclusion of railroad retirement (Social Security equivalent) benefits","","","No","No"
"TREASURY","2025","Exclusion of reimbursed employee parking expenses","","","No","No"
"TREASURY","2025","Exclusion of scholarship and fellowship income (normal tax method)","","","No","No"
"TREASURY","2025","Exclusion of social security benefits: Credit for certain employer contributions to social security","","","No","No"
"TREASURY","2025","Exclusion of social security benefits: Social Security benefits for retired and disabled workers and spouses, dependents and survivors","","","No","No"
"TREASURY","2025","Exclusion of special benefits for disabled coal miners","","","No","No"
"TREASURY","2025","Exclusion of utility conservation subsidies","","","No","No"
"TREASURY","2025","Exclusion of veterans death benefits and disability compensation","","","No","No"
"TREASURY","2025","Exclusion of veterans pensions","","","No","No"
"TREASURY","2025","Exclusion of workers' compensation benefits","","","No","No"
"TREASURY","2025","Exemption of certain mutuals' and cooperatives' income","","","No","No"
"TREASURY","2025","Exemption of credit union income","","","No","No"
"TREASURY","2025","Exemption or special alternative tax for small property and casualty insurance companies","","","No","No"
"TREASURY","2025","Expensing of certain capital outlays","","","No","No"
"TREASURY","2025","Expensing of certain multiperiod production costs","","","No","No"
"TREASURY","2025","Expensing of certain small investments (normal tax method)","","","No","No"
"TREASURY","2025","Expensing of exploration and development costs, coal","","","No","No"
"TREASURY","2025","Expensing of exploration and development costs, nonfuel minerals","","","No","No"
"TREASURY","2025","Expensing of exploration and development costs, oil and gas","","","No","No"
"TREASURY","2025","Expensing of multiperiod timber growing costs","","","No","No"
"TREASURY","2025","Expensing of reforestation expenditures","","","No","No"
"TREASURY","2025","Expensing of research and experimentation expenditures (normal tax method)","","","No","No"
"TREASURY","2025","Financial Crimes Enforcement Network - Salaries and Expenses","","","No","No"
"TREASURY","2025","Fiscal Service - American Indian & Alaskan Native","","","No","No"
"TREASURY","2025","Fiscal Service - Check Forgery Insurance Fund","0","","Yes","No"
"TREASURY","2025","Fiscal Service - Claims for Contract Disputes","0","","Yes","No"
"TREASURY","2025","Fiscal Service - Corporation for Public Broadcasting","0","","Yes","No"
"TREASURY","2025","Fiscal Service - DC Water & Sewer","","","No","No"
"TREASURY","2025","Fiscal Service - Debt Collection Special Fund","0","","Yes","No"
"TREASURY","2025","Fiscal Service - Emergency Planning & Security","0","","Yes","No"
"TREASURY","2025","Fiscal Service - Federal Reserve Bank Reimbursement Fund","","","No","No"
"TREASURY","2025","Fiscal Service - Financial Agent Services","0","","Yes","No"
"TREASURY","2025","Fiscal Service - Fiscal Service Administrative Salaries and Expenses","0","","Yes","No"
"TREASURY","2025","Fiscal Service - Interest on the Public Debt (indefinite)","","","No","No"
"TREASURY","2025","Fiscal Service - Interest on Uninvested Funds","","","No","No"
"TREASURY","2025","Fiscal Service - Judgements, Court of Claims","0","","Yes","No"
"TREASURY","2025","Fiscal Service - Judgements, U.S. Courts","","","No","No"
"TREASURY","2025","Fiscal Service - Payment to Legal Services Corporation","0","","Yes","No"
"TREASURY","2025","Fiscal Service - Payment to Resolution Funds Corporation","0","","Yes","No"
"TREASURY","2025","Fiscal Service - Refund Money Erroneously Received","","","No","No"
"TREASURY","2025","Fiscal Service - Reimbursements to Federal Reserve Banks","","","No","No"
"TREASURY","2025","Fiscal Service - Resident Tuition Sup","0","","Yes","No"
"TREASURY","2025","Fiscal Service - Travel Promotion Fund, Corp for Travel Promotion","0","","Yes","No"
"TREASURY","2025","Fiscal Service- Cheyenne River Sioux TWHRF","","","No","No"
"TREASURY","2025","Fiscal Service- Claims for Damages","","","No","No"
"TREASURY","2025","Fiscal Service- CMIA, Net Interest Pd to States","","","No","No"
"TREASURY","2025","Fiscal Service- Criminal Justice C C","","","No","No"
"TREASURY","2025","Fiscal Service- Federal Payment for Testing and Treatment of HIV/Aids","","","No","No"
"TREASURY","2025","Fiscal Service- Federal Payments For Judicial Commissions","","","No","No"
"TREASURY","2025","Fiscal Service- Federal Payments for the DC National Guard","","","No","No"
"TREASURY","2025","Fiscal Service- Guam World War II Claims Fund","","","No","No"
"TREASURY","2025","Fiscal Service- Gulf Coast Restoration Trust Fund- Resources and Ecosystems Sustainability, Tourist Opportunities, and Revived Economies of the Gulf Coast States","","","No","No"
"TREASURY","2025","Fiscal Service- Lower Brule Sioux Tribe TWHRTF","","","No","No"
"TREASURY","2025","Fiscal Service- Presidential Election Campaign","","","No","No"
"TREASURY","2025","Income averaging for farmers","","","No","No"
"TREASURY","2025","Income of trusts to finance supplementary unemployment benefits","","","No","No"
"TREASURY","2025","Income of trusts to finance voluntary employee benefits associations","","","No","No"
"TREASURY","2025","Indian employment credit","","","No","No"
"TREASURY","2025","Interest Charge Domestic International Sales Corporations (IC-DISCs)","","","No","No"
"TREASURY","2025","Internal Revenue Service - Additional Child Tax Credit","","","No","No"
"TREASURY","2025","Internal Revenue Service - Advanced Manufacturing Investment Credit","0","","Yes","No"
"TREASURY","2025","Internal Revenue Service - American Opportunity Tax Credit","","","No","No"
"TREASURY","2025","Internal Revenue Service - Build American Bond Payments, Recovery Act","0","","Yes","No"
"TREASURY","2025","Internal Revenue Service - Business Systems Modernization","","","No","No"
"TREASURY","2025","Internal Revenue Service - Child and Dependent Care Tax Credit","","","No","No"
"TREASURY","2025","Internal Revenue Service - Clean Vehicle Credit","0","","Yes","No"
"TREASURY","2025","Internal Revenue Service - Credit for Previously Owned Clean Vehicles","0","","Yes","No"
"TREASURY","2025","Internal Revenue Service - Earned Income Tax Credit","","","No","No"
"TREASURY","2025","Internal Revenue Service - Elective Payment for Energy Prop and Electricity Produced","0","","Yes","No"
"TREASURY","2025","Internal Revenue Service - Energy Security","0","","Yes","No"
"TREASURY","2025","Internal Revenue Service - Healthcare Credit Exceeds Liability","","","No","No"
"TREASURY","2025","Internal Revenue Service - Informant Reimbursement","","","No","No"
"TREASURY","2025","Internal Revenue Service - Operations Support","","","No","No"
"TREASURY","2025","Internal Revenue Service - Payment to Issuer of New Clean Renewable Energy Bonds","0","","Yes","No"
"TREASURY","2025","Internal Revenue Service - Payment to Issuer of Qualified Energy Conservation Bond","0","","Yes","No"
"TREASURY","2025","Internal Revenue Service - Payment to Issuer of Qualified School Construction Bonds","0","","Yes","No"
"TREASURY","2025","Internal Revenue Service - Payment to Issuer of Qualified Zone Academy Bonds","","","No","No"
"TREASURY","2025","Internal Revenue Service - Private Collection Agent Program","","","No","No"
"TREASURY","2025","Internal Revenue Service - Refund - Corporations","","","No","No"
"TREASURY","2025","Internal Revenue Service - Refund Collection - Interest","","","No","No"
"TREASURY","2025","Internal Revenue Service - Refundable Premium Assistance Tax Credit","","","No","No"
"TREASURY","2025","Internal Revenue Service - Special Compliance Personnel Program Account","","","No","No"
"TREASURY","2025","Internal Revenue Service - Tax Law Enforcement","","","No","No"
"TREASURY","2025","Internal Revenue Service - Taxpayer Services- Exchange of Federal Information with State Agencies","","","No","No"
"TREASURY","2025","Internal Revenue Service - Taxpayer Services- Lower Income Taxpayer Clinics","","","No","No"
"TREASURY","2025","Internal Revenue Service - Taxpayer Services- Non- Federal Financial Assistance Payments","","","No","No"
"TREASURY","2025","Internal Revenue Service - Taxpayer Services- Tax Counseling for the Elderly","","","No","No"
"TREASURY","2025","Internal Revenue Service - Taxpayer Services- Volunteer Income Tax Assistance Matching Grant Program","","","No","No"
"TREASURY","2025","Internal Revenue Service - US Coronavirus Payments","","","No","No"
"TREASURY","2025","Internal Revenue Service - US Coronavirus Refundable Credits","","","No","No"
"TREASURY","2025","Internal Revenue Service- Direct E-file Taskforce","","","No","No"
"TREASURY","2025","Internal Revenue Service- Federal Tax Lien Revolving Fund","","","No","No"
"TREASURY","2025","Internal Revenue Service- FHWA Allocation","","","No","No"
"TREASURY","2025","Internal Revenue Service- Miscellaneous retained funds","","","No","No"
"TREASURY","2025","Internal Revenue Service- No Surprise Implementation Fund","","","No","No"
"TREASURY","2025","Internal Revenue Service- Small Business Insurance Tax Credit","","","No","No"
"TREASURY","2025","Marginal wells credit","","","No","No"
"TREASURY","2025","Medical Savings Accounts / Health Savings Accounts","","","No","No"
"TREASURY","2025","Net exclusion of pension contributions and earnings: Defined benefit employer plans","","","No","No"
"TREASURY","2025","Net exclusion of pension contributions and earnings: Defined contribution employer plans","","","No","No"
"TREASURY","2025","Net exclusion of pension contributions and earnings: Individual Retirement Accounts","","","No","No"
"TREASURY","2025","Net exclusion of pension contributions and earnings: Low and moderate income savers credit","","","No","No"
"TREASURY","2025","Net exclusion of pension contributions and earnings: Self-Employed plans","","","No","No"
"TREASURY","2025","New markets tax credit","","","No","No"
"TREASURY","2025","Office of Financial Stability - Salaries and Expenses","","","No","No"
"TREASURY","2025","Office of International Assistance - Clean Tech Fund Loans Financing Acct","0","","Yes","No"
"TREASURY","2025","Office of International Assistance - Contribution to African Development Bank","0","","Yes","No"
"TREASURY","2025","Office of International Assistance - Contribution to African Development Fund","","","No","No"
"TREASURY","2025","Office of International Assistance - Contribution to European Bank for Reconstruction","","","No","No"
"TREASURY","2025","Office of International Assistance - Contribution to International Bank Reconstruction","0","","Yes","No"
"TREASURY","2025","Office of International Assistance - Contribution to International Development Association","","","No","No"
"TREASURY","2025","Office of International Assistance - Contribution to Multilat INV Guar","0","","Yes","No"
"TREASURY","2025","Office of International Assistance - Contribution to the Asian Development Fund","0","","Yes","No"
"TREASURY","2025","Office of International Assistance - Global Environment Facility","","","No","No"
"TREASURY","2025","Office of International Assistance - Global Food Security","","","No","No"
"TREASURY","2025","Office of International Assistance - International Fund for Agriculture Development","","","No","No"
"TREASURY","2025","Office of the Comptroller of the Currency - Assessment Funds","","","No","No"
"TREASURY","2025","Office of the Inspector General - Salaries and Expenses","","","No","No"
"TREASURY","2025","Opportunity Zones","","","No","No"
"TREASURY","2025","Ordinary income treatment of loss from small business corporation stock sale","","","No","No"
"TREASURY","2025","Other Dependent Tax Credit","","","No","No"
"TREASURY","2025","Parental personal exemption for students age 19 or over","","","No","No"
"TREASURY","2025","Premiums for mortgage insurance deductible as interest","","","No","No"
"TREASURY","2025","Qualified tuition programs (includes Education IRA)","","","No","No"
"TREASURY","2025","Reduced tax rate for nuclear decommissioning funds","","","No","No"
"TREASURY","2025","Reduced tax rate on active income of controlled foreign corporations (normal tax method)","","","No","No"
"TREASURY","2025","Self-employed medical insurance premiums","","","No","No"
"TREASURY","2025","Small employer pension plan startup credit","","","No","No"
"TREASURY","2025","Special Blue Cross/Blue Shield tax benefits","","","No","No"
"TREASURY","2025","Special deduction for teacher expenses","","","No","No"
"TREASURY","2025","Special Employee Stock Ownership Plan (ESOP) rules","","","No","No"
"TREASURY","2025","Special Inspector General for Pandemic Recovery","","","No","No"
"TREASURY","2025","Special Inspector General for Troubled Asset Relief Program","","","No","No"
"TREASURY","2025","Special rules for certain film and TV production","","","No","No"
"TREASURY","2025","Step-up basis of capital gains at death","","","No","No"
"TREASURY","2025","Tax credit for certain expenditures for maintaining railroad tracks","","","No","No"
"TREASURY","2025","Tax credit for orphan drug research","","","No","No"
"TREASURY","2025","Tax credits for clean-fuel burning vehicles and refueling property","","","No","No"
"TREASURY","2025","Tax exemption of insurance income earned by tax-exempt organizations","","","No","No"
"TREASURY","2025","Tax incentives for preservation of historic structures","","","No","No"
"TREASURY","2025","The Mint - United States Mint Public Enterprise Fund","","","No","No"
"TREASURY","2025","Tonnage tax","","","No","No"
"TREASURY","2025","Treasury Franchise Fund","","","No","No"
"TREASURY","2025","Treasury Inspector General for Tax Administration","","","No","No"
"TREASURY","2025","Treatment of loans forgiven for solvent farmers","","","No","No"
"TREASURY","2025","Treatment of qualified dividends","","","No","No"
"TREASURY","2025","Tribal Economic Development Bonds","","","No","No"
"TREASURY","2025","Work opportunity tax credit","","","No","No"
"TVA","2024","Charge Card Program - Tennessee Valley Authority","0","","Yes","No"
"TVA","2024","Payroll Program - Tennessee Valley Authority","0","","Yes","No"
"TVA","2024","Supply Chain","0","","Yes","No"
"TVA","2025","Charge Card Program– Tennessee Valley Authority","","","No","No"
"TVA","2025","Payroll Program – Tennessee Valley Authority","","","No","No"
"TVA","2025","Supply Chain","0","","Yes","No"
"USAGM","2019","Office of Cuba Broadcasting (OCB)","","No","",""
"USAGM","2019","Voice of America (VOA)","","No","",""
"USAGM","2021","International Broadcasting Bureau (IBB)","","No","",""
"USAGM","2021","Middle East Broadcasting Networks (MBN/MN)","","No","",""
"USAGM","2021","Radio Free Asia (RFA)","","No","",""
"USAGM","2021","Radio Free Europe (RFE/RL)","","No","",""
"USAGM","2022","Voice of America (VOA)","0","No","",""
"USAGM","2023","Domestic Payroll","0","","Yes","No"
"USAGM","2023","International Broadcasting Bureau (IBB)","0","","No","No"
"USAGM","2023","Middle East Broadcasting Networks (MBN/MN)","0","","No","No"
"USAGM","2023","Open Technology Fund (OTF)","0","","Yes","No"
"USAGM","2023","Radio Free Asia (RFA)","0","","Yes","No"
"USAGM","2023","Radio Free Europe (RFE/RL)","0","","No","No"
"USAGM","2023","Technology, Services and Innovation (TSI)","0","","Yes","No"
"USAGM","2023","Voice of America (VOA)","0","","No","No"
"USAGM","2024","Domestic Payroll","0","","No","No"
"USAGM","2024","International Broadcasting Bureau (IBB)","0","","Yes","No"
"USAGM","2024","Middle East Broadcasting Networks (MBN/MN)","0","","Yes","No"
"USAGM","2024","Open Technology Fund (OTF)","0","","No","No"
"USAGM","2024","Radio Free Asia (RFA)","0","","No","No"
"USAGM","2024","Radio Free Europe (RFE/RL)","0","","Yes","No"
"USAGM","2024","Technology, Services and Innovation (TSI)","0","","No","No"
"USAGM","2024","Voice of America (VOA)","0","","No","No"
"USAGM","2025","Domestic Payroll","","","No","No"
"USAGM","2025","Frontline Media Fund (FMF)","","","No","No"
"USAGM","2025","International Broadcasting Bureau (IBB)","","","No","No"
"USAGM","2025","Middle East Broadcasting Networks (MBN/MN)","","","No","No"
"USAGM","2025","Office of Cuba Broadcasting (OCB)","","","No","No"
"USAGM","2025","Open Technology Fund (OTF)","","","No","No"
"USAGM","2025","Radio Free Asia (RFA)","","","No","No"
"USAGM","2025","Radio Free Europe (RFE/RL)","","","No","No"
"USAGM","2025","Technology, Services and Innovation (TSI)","","","No","No"
"USAGM","2025","Voice of America (VOA)","","","No","No"
"USAID","2021","A01 Counter-Terrorism","","No","",""
"USAID","2021","A04 Counter-Narcotics","","No","",""
"USAID","2021","A05 Transnational Crime","","No","",""
"USAID","2021","A06 Conflict Mitigation and Reconciliation","","No","",""
"USAID","2021","A07 Rule of Law and Human Rights","","No","",""
"USAID","2021","A08 Good Governance","","No","",""
"USAID","2021","A09 Political Competition and Consensus-Building","","No","",""
"USAID","2021","A10 Civil Society","","No","",""
"USAID","2021","A11 Health","","No","",""
"USAID","2021","A12 Education","","No","",""
"USAID","2021","A13 Social and Economic Services and Protection for Vulnerable Populations","","No","",""
"USAID","2021","A14 Macroeconomic Foundation for Growth","","No","",""
"USAID","2021","A15 Trade and Investment","","No","",""
"USAID","2021","A16 Financial Sector","","No","",""
"USAID","2021","A17 Infrastructure","","No","",""
"USAID","2021","A18 Agriculture","","No","",""
"USAID","2021","A19 Private Sector Competitiveness","","No","",""
"USAID","2021","A20 Economic Opportunity","","No","",""
"USAID","2021","A21 Environment","","No","",""
"USAID","2021","A26 Program Design and Learning","","No","",""
"USAID","2021","A27 Administration and Oversight","","Yes","",""
"USAID","2021","DR.1 Democracy, Human Rights and Governance/Rule of Law (ROL)","","No","",""
"USAID","2021","DR.2 Democracy, Human Rights and Governance/Good Governance","","No","",""
"USAID","2021","DR.3 Democracy, Human Rights and Governance/Political Competition and Consensus-Building","","No","",""
"USAID","2021","DR.4 Democracy, Human Rights and Governance/Civil Society","","No","",""
"USAID","2021","DR.5 Democracy, Human Rights and Governance/Independent Media and Free Flow of Information","","No","",""
"USAID","2021","DR.6 Democracy, Human Rights and Governance/Human Rights","","No","",""
"USAID","2021","EG.1 Economic Growth/Macroeconomic Foundation for Growth","","No","",""
"USAID","2021","EG.2 Economic Growth/Trade and Investment","","No","",""
"USAID","2021","EG.3 Economic Growth/Agriculture","","No","",""
"USAID","2021","EG.4 Economic Growth/Financial Sector","","No","",""
"USAID","2021","EG.6 Economic Growth/Workforce Development","","No","",""
"USAID","2021","EG.7 Economic Growth/Modern Energy Services","","No","",""
"USAID","2021","ES.1 Education and Social Services/Basic Education","","No","",""
"USAID","2021","ES.2 Education and Social Services/Higher Education","","No","",""
"USAID","2021","ES.4 Education and Social Services/Social Services","","No","",""
"USAID","2021","HA.1 Humanitarian Assistance/Protection, Assistance and Solutions","","Yes","",""
"USAID","2021","HA.2 Humanitarian Assistance/Disaster Readiness","","No","",""
"USAID","2021","HA.3 Humanitarian Assistance/Migration Management","","No","",""
"USAID","2021","HL.1 Health/HIV/AIDS","","No","",""
"USAID","2021","HL.3 Health/Malaria","","No","",""
"USAID","2021","HL.5 Health/Other Public Health Threats","","No","",""
"USAID","2021","HL.6 Health/Maternal and Child Health","","No","",""
"USAID","2021","HL.7 Health/Family Planning and Reproductive Health","","No","",""
"USAID","2021","HL.8 Health/Water Supply and Sanitation","","No","",""
"USAID","2021","HL.9 Health/Nutrition","","No","",""
"USAID","2021","OE Operating Expense","","Yes","",""
"USAID","2021","PO.1 Program Development and Oversight/Program Design and Learning","","No","",""
"USAID","2021","PO.2 Program Development and Oversight/Administration and Oversight","","Yes","",""
"USAID","2021","PO.3 Program Development and Oversight/Evaluation","","No","",""
"USAID","2021","PS.1 Peace and Security/Counter-Terrorism","","No","",""
"USAID","2021","PS.3 Peace and Security/Counter-Narcotics","","No","",""
"USAID","2021","PS.6 Peace and Security/Conflict Mitigation and Stabilization","","No","",""
"USAID","2022","A06 Conflict Mitigation and Reconciliation","0","Yes","",""
"USAID","2022","A07 Rule of Law and Human Rights","0","No","",""
"USAID","2022","A08 Good Governance","0","No","",""
"USAID","2022","A10 Civil Society","0","Yes","",""
"USAID","2022","A11 Health","0","Yes","",""
"USAID","2022","A12 Education","0","Yes","",""
"USAID","2022","A13 Social and Economic Services and Protection for Vulnerable Populations","0","No","",""
"USAID","2022","A15 Trade and Investment","0","No","",""
"USAID","2022","A16 Financial Sector","0","No","",""
"USAID","2022","A17 Infrastructure","0","Yes","",""
"USAID","2022","A18 Agriculture","0","Yes","",""
"USAID","2022","A19 Private Sector Competitiveness","0","No","",""
"USAID","2022","A21 Environment","0","No","",""
"USAID","2022","A26 Program Design and Learning","0","Yes","",""
"USAID","2022","DR.1 Democracy, Human Rights and Governance/Rule of Law (ROL)","0","Yes","",""
"USAID","2022","DR.2 Democracy, Human Rights and Governance/Good Governance","0","Yes","",""
"USAID","2022","DR.3 Democracy, Human Rights and Governance/Political Competition and Consensus-Building","0","No","",""
"USAID","2022","DR.4 Democracy, Human Rights and Governance/Civil Society","0","Yes","",""
"USAID","2022","DR.5 Democracy, Human Rights and Governance/Independent Media and Free Flow of Information","0","Yes","",""
"USAID","2022","DR.6 Democracy, Human Rights and Governance/Human Rights","0","Yes","",""
"USAID","2022","EG.1 Economic Growth/Macroeconomic Foundation for Growth","0","Yes","",""
"USAID","2022","EG.2 Economic Growth/Trade and Investment","0","No","",""
"USAID","2022","EG.3 Economic Growth/Agriculture","0","Yes","",""
"USAID","2022","EG.4 Economic Growth/Financial Sector","0","No","",""
"USAID","2022","EG.5 Economic Growth/Private Sector Productivity","0","No","",""
"USAID","2022","EG.6 Economic Growth/Workforce Development","0","No","",""
"USAID","2022","EG.7 Economic Growth/Modern Energy Services","0","No","",""
"USAID","2022","EG.8 Economic Growth/Information and Communications Technology Services","0","No","",""
"USAID","2022","ES.1 Education and Social Services/Basic Education","0","Yes","",""
"USAID","2022","ES.2 Education and Social Services/Higher Education","0","Yes","",""
"USAID","2022","ES.3 Education and Social Services//Social Policies, Regulations, and Systems","0","No","",""
"USAID","2022","ES.4 Education and Social Services/Social Services","0","Yes","",""
"USAID","2022","ES.5 Education and Social Services/Social Assistance","0","No","",""
"USAID","2022","HA.2 Humanitarian Assistance/Disaster Readiness","0","No","",""
"USAID","2022","HA.3 Humanitarian Assistance/Migration Management","0","No","",""
"USAID","2022","HL.1 Health/HIV/AIDS","0","Yes","",""
"USAID","2022","HL.4 Health/Pandemic Influenza and Other Emerging Threats (PIOET)","0","Yes","",""
"USAID","2022","HL.5 Health/Other Public Health Threats","0","Yes","",""
"USAID","2022","HL.6 Health/Maternal and Child Health","0","Yes","",""
"USAID","2022","HL.7 Health/Family Planning and Reproductive Health","0","Yes","",""
"USAID","2022","HL.8 Health/Water Supply and Sanitation","0","Yes","",""
"USAID","2022","HL.9 Health/Nutrition","0","No","",""
"USAID","2022","PO.1 Program Development and Oversight/Program Design and Learning","0","Yes","",""
"USAID","2022","PO.3 Program Development and Oversight/Evaluation","0","Yes","",""
"USAID","2022","PS.1 Peace and Security/Counter-Terrorism","0","No","",""
"USAID","2022","PS.3 Peace and Security/Counter-Narcotics","0","No","",""
"USAID","2022","PS.5 Peace and Security/Trafficking in Persons","0","No","",""
"USAID","2022","PS.6 Peace and Security/Conflict Mitigation and Stabilization","0","Yes","",""
"USAID","2023","A06 Conflict Mitigation and Reconciliation","0","","No","No"
"USAID","2023","A07 Rule of Law and Human Rights","0","","No","No"
"USAID","2023","A08 Good Governance","0","","No","No"
"USAID","2023","A09 Political Competition and Consensus-Building","0","","No","No"
"USAID","2023","A10 Civil Society","0","","No","No"
"USAID","2023","A11 Health","0","","No","No"
"USAID","2023","A12 Education","0","","No","No"
"USAID","2023","A13 Social and Economic Services and Protection for Vulnerable Populations","0","","No","No"
"USAID","2023","A15 Trade and Investment","0","","No","No"
"USAID","2023","A17 Infrastructure","0","","No","No"
"USAID","2023","A18 Agriculture","0","","No","No"
"USAID","2023","A19 Private Sector Competitiveness","0","","No","No"
"USAID","2023","A21 Environment","0","","No","No"
"USAID","2023","A26 Program Design and Learning","0","","No","No"
"USAID","2023","A27 Administration and Oversight","0","","Yes","No"
"USAID","2023","DR.1 Democracy, Human Rights and Governance/Rule of Law (ROL)","0","","No","No"
"USAID","2023","DR.2 Democracy, Human Rights and Governance/Good Governance","0","","Yes","No"
"USAID","2023","DR.3 Democracy, Human Rights and Governance/Political Competition and Consensus-Building","0","","No","No"
"USAID","2023","DR.4 Democracy, Human Rights and Governance/Civil Society","0","","No","No"
"USAID","2023","DR.5 Democracy, Human Rights and Governance/Independent Media and Free Flow of Information","0","","No","No"
"USAID","2023","DR.6 Democracy, Human Rights and Governance/Human Rights","0","","No","No"
"USAID","2023","EG.1 Economic Growth/Macroeconomic Foundation for Growth","0","","Yes","No"
"USAID","2023","EG.2 Economic Growth/Trade and Investment","0","","No","No"
"USAID","2023","EG.3 Economic Growth/Agriculture","0","","No","No"
"USAID","2023","EG.4 Economic Growth/Financial Sector","0","","No","No"
"USAID","2023","EG.5 Economic Growth/Private Sector Productivity","0","","Yes","No"
"USAID","2023","EG.7 Economic Growth/Modern Energy Services","0","","No","No"
"USAID","2023","EG.8 Economic Growth/Information and Communications Technology Services","0","","No","No"
"USAID","2023","ES.1 Education and Social Services/Basic Education","0","","No","No"
"USAID","2023","ES.2 Education and Social Services/Higher Education","0","","No","No"
"USAID","2023","ES.3 Education and Social Services//Social Policies, Regulations, and Systems","0","","No","No"
"USAID","2023","ES.4 Education and Social Services/Social Services","0","","No","No"
"USAID","2023","HA.1 Humanitarian Assistance/Protection, Assistance and Solutions","0","","Yes","No"
"USAID","2023","HA.2 Humanitarian Assistance/Disaster Readiness","0","","No","No"
"USAID","2023","HA.3 Humanitarian Assistance/Migration Management","0","","No","No"
"USAID","2023","HL.1 Health/HIV/AIDS","0","","Yes","No"
"USAID","2023","HL.4 Health/Pandemic Influenza and Other Emerging Threats (PIOET)","0","","No","No"
"USAID","2023","HL.5 Health/Other Public Health Threats","0","","No","No"
"USAID","2023","HL.6 Health/Maternal and Child Health","0","","No","No"
"USAID","2023","HL.7 Health/Family Planning and Reproductive Health","0","","No","No"
"USAID","2023","HL.8 Health/Water Supply and Sanitation","0","","No","No"
"USAID","2023","OE Operating Expense","0","","Yes","No"
"USAID","2023","PO.1 Program Development and Oversight/Program Design and Learning","0","","Yes","No"
"USAID","2023","PO.2 Program Development and Oversight/Administration and Oversight","0","","Yes","No"
"USAID","2023","PO.3 Program Development and Oversight/Evaluation","0","","No","No"
"USAID","2023","PS.1 Peace and Security/Counter-Terrorism","0","","No","No"
"USAID","2023","PS.3 Peace and Security/Counter-Narcotics","0","","No","No"
"USAID","2023","PS.5 Peace and Security/Trafficking in Persons","0","","No","No"
"USAID","2023","PS.6 Peace and Security/Conflict Mitigation and Stabilization","0","","No","No"
"USAID","2024","A06 Conflict Mitigation and Reconciliation","0","","Yes","No"
"USAID","2024","A07 Rule of Law and Human Rights","0","","Yes","No"
"USAID","2024","A08 Good Governance","0","","Yes","No"
"USAID","2024","A10 Civil Society","0","","Yes","No"
"USAID","2024","A11 Health","0","","Yes","No"
"USAID","2024","A12 Education","0","","Yes","No"
"USAID","2024","A15 Trade and Investment","0","","Yes","No"
"USAID","2024","A17 Infrastructure","0","","Yes","No"
"USAID","2024","A18 Agriculture","0","","Yes","No"
"USAID","2024","A19 Private Sector Competitiveness","0","","Yes","No"
"USAID","2024","A21 Environment","0","","Yes","No"
"USAID","2024","A22 Protection, Assistance and Solutions","0","","Yes","No"
"USAID","2024","A26 Program Design and Learning","0","","Yes","No"
"USAID","2024","A27 Administration and Oversight","0","","Yes","No"
"USAID","2024","DR.1 Democracy, Human Rights and Governance/Rule of Law (ROL)","0","","Yes","No"
"USAID","2024","DR.2 Democracy, Human Rights and Governance/Good Governance","0","","Yes","No"
"USAID","2024","DR.3 Democracy, Human Rights and Governance/Political Competition and Consensus-Building","0","","Yes","No"
"USAID","2024","DR.4 Democracy, Human Rights and Governance/Civil Society","0","","Yes","No"
"USAID","2024","DR.5 Democracy, Human Rights and Governance/Independent Media and Free Flow of Information","0","","Yes","No"
"USAID","2024","DR.6 Democracy, Human Rights and Governance/Human Rights","0","","Yes","No"
"USAID","2024","EG.1 Economic Growth/Macroeconomic Foundation for Growth","0","","Yes","No"
"USAID","2024","EG.2 Economic Growth/Trade and Investment","0","","Yes","No"
"USAID","2024","EG.3 Economic Growth/Agriculture","0","","Yes","No"
"USAID","2024","EG.4 Economic Growth/Financial Sector","0","","Yes","No"
"USAID","2024","EG.5 Economic Growth/Private Sector Productivity","0","","Yes","No"
"USAID","2024","EG.6 Economic Growth/Workforce Development","0","","Yes","No"
"USAID","2024","EG.7 Economic Growth/Modern Energy Services","0","","Yes","No"
"USAID","2024","ES.1 Education and Social Services/Basic Education","0","","Yes","No"
"USAID","2024","ES.2 Education and Social Services/Higher Education","0","","Yes","No"
"USAID","2024","ES.3 Education and Social Services//Social Policies, Regulations, and Systems","0","","Yes","No"
"USAID","2024","ES.4 Education and Social Services/Social Services","0","","Yes","No"
"USAID","2024","ES.5 Education and Social Services/Social Assistance","0","","Yes","No"
"USAID","2024","HA.1 Humanitarian Assistance/Protection, Assistance and Solutions","0","","Yes","No"
"USAID","2024","HA.2 Humanitarian Assistance/Disaster Readiness","0","","Yes","No"
"USAID","2024","HA.3 Humanitarian Assistance/Migration Management","0","","Yes","No"
"USAID","2024","HL.1 Health/HIV/AIDS","0","","Yes","No"
"USAID","2024","HL.4 Health/Pandemic Influenza and Other Emerging Threats (PIOET)","0","","Yes","No"
"USAID","2024","HL.5 Health/Other Public Health Threats","0","","Yes","No"
"USAID","2024","HL.6 Health/Maternal and Child Health","0","","Yes","No"
"USAID","2024","HL.7 Health/Family Planning and Reproductive Health","0","","Yes","No"
"USAID","2024","HL.8 Health/Water Supply and Sanitation","0","","Yes","No"
"USAID","2024","HL.9 Health/Nutrition","0","","Yes","No"
"USAID","2024","PO.1 Program Development and Oversight/Program Design and Learning","0","","Yes","No"
"USAID","2024","PO.2 Program Development and Oversight/Administration and Oversight","0","","Yes","No"
"USAID","2024","PO.3 Program Development and Oversight/Evaluation","0","","Yes","No"
"USAID","2024","PS.1 Peace and Security/Counter-Terrorism","0","","Yes","No"
"USAID","2024","PS.3 Peace and Security/Counter-Narcotics","0","","Yes","No"
"USAID","2024","PS.4 Peace and Security/Transnational Threats and Crime","0","","Yes","No"
"USAID","2024","PS.5 Peace and Security/Trafficking in Persons","0","","Yes","No"
"USAID","2024","PS.6 Peace and Security/Conflict Mitigation and Stabilization","0","","Yes","No"
"USDA","2019","Agricultural Research Service (ARS) Hurricane Harvey - Buildings and Facilities","","No","",""
"USDA","2019","Agriculture Wool Apparel Manufacturers Trust Fund","","No","",""
"USDA","2019","Animal and Plant Health Inspection Service (APHIS) Buildings and Facilities","","No","",""
"USDA","2019","Animal and Plant Health Inspection Service (APHIS) Trust Funds","","No","",""
"USDA","2019","APHIS Salaries and Expenses","","No","",""
"USDA","2019","Biomass Crop Assistance Program","","No","",""
"USDA","2019","CNMI Nutrition Assistance","","No","",""
"USDA","2019","Commodity Credit Corporation (CCC) Administrative Contracts","","No","",""
"USDA","2019","Commodity Credit Corporation (CCC) Emergency Forestry Conservation Reserve Program (EFCRP)","","No","",""
"USDA","2019","Commodity Credit Corporation (CCC) Export 416 Ocean Transportation","","No","",""
"USDA","2019","Commodity Credit Corporation (CCC) Hazardous Waste Activities","","No","",""
"USDA","2019","Commodity Credit Corporation (CCC) Public Law 480","","No","",""
"USDA","2019","Community Facilities Community Program Grants; Rural Community Development Initiative Grants; Community Facilities Direct Loans","","No","",""
"USDA","2019","Community Food Projects","","No","",""
"USDA","2019","Conservation Outreach, Education and Technical Assistance","","No","",""
"USDA","2019","Dairy Indemnity Program","","No","",""
"USDA","2019","FNS Hurricane Harvey - Commodity Assistance Program","","No","",""
"USDA","2019","FNS Hurricane Harvey - SNAP","","No","",""
"USDA","2019","FNS Hurricane Harvey - WIC","","No","",""
"USDA","2019","Food and Nutrition Service (FNS) Special Milk Program (SMP)","","No","",""
"USDA","2019","Food and Nutrition Service (FNS) Summer Food Service Program (SFSP)","","Yes","",""
"USDA","2019","Food for Progress","","No","",""
"USDA","2019","Forest Service (FS) Management of National Forest Lands for Subsistence Uses","","No","",""
"USDA","2019","FS Hurricane Harvey - State and Private Forestry","","No","",""
"USDA","2019","FS Wildland Fire Disaster Relief - Wildland Fire Management","","No","",""
"USDA","2019","FS Wildland Fire Management - Suppression","","No","",""
"USDA","2019","FS-02 National Forest System","","No","",""
"USDA","2019","FS-04 Capital Improvement and Maintenance","","No","",""
"USDA","2019","FS-09 Forest Service Trust Funds","","No","",""
"USDA","2019","FS-12 Management of National Forest Lands for Subsistence Uses","","No","",""
"USDA","2019","FS-13 Range Betterment Fund","","No","",""
"USDA","2019","Indemnity Program","","No","",""
"USDA","2019","Market Facilitation Program","","No","",""
"USDA","2019","N/A - REMOVE - Rolled into FS National Forest System","","No","",""
"USDA","2019","National School Lunch Program","","No","",""
"USDA","2019","Natural Resources Conservation Service (NRCS) P.L. 115-20 Disasters","","No","",""
"USDA","2019","Office of Inspector General (OIG) Disaster Related Appropriations","","No","",""
"USDA","2019","Office of the Chief Information Officer (OCIO) Salaries and Expenses","","No","",""
"USDA","2019","Pima Agriculture Cotton Trust Fund","","No","",""
"USDA","2019","Plant and Animal Disease, Pest Control, and Animal Care","","No","",""
"USDA","2019","Research, Education, and Economics (REE) Salaries and Expenses","","No","",""
"USDA","2019","Rural Business-Cooperative Service (RBCS) Guaranteed Loan Programs","","No","",""
"USDA","2019","Rural Housing Service (RHS) Multi-Family Housing Rural Rental Housing Direct Loans (Section 515)","","No","",""
"USDA","2019","Rural Utilities Service (RUS) Electric Loan Programs FFB Guaranteed Loans","","No","",""
"USDA","2019","Rural Utilities Service (RUS) Rural Telecommunications Hardship Loans - Direct Telecom Loans","","No","",""
"USDA","2019","Rural Utilities Service (RUS) Rural Telecommunications Loans - FFB Telecom Loans","","No","",""
"USDA","2019","Rural Utilities Service (RUS) Rural Utilities Electric Program - Direct 5%","","No","",""
"USDA","2019","Rural Utilities Service (RUS) Water and Waste Disposal Loans and Grants Section 306C","","No","",""
"USDA","2019","Rural Utilities Service (RUS) Water and Waste Disposal Systems for Rural Communities Grants","","No","",""
"USDA","2019","Rural Utilities Service (RUS) Water and Waste Disposal Systems for Rural Communities Loans","","No","",""
"USDA","2019","Senior Farmers Market Nutrition Program","","No","",""
"USDA","2019","Snow Survey and Water Supply Forecasting","","No","",""
"USDA","2019","State Mediation Grants","","No","",""
"USDA","2019","Wildfires and Hurricanes Indemnity Program","","No","",""
"USDA","2020","Commodity Credit Corporation (CCC) Trade Mitigation Program (TMP)","","YES","",""
"USDA","2020","Market Facilitation Program","","YES","",""
"USDA","2021","Agricultural Marketing Service (AMS) - Acer Access Development Program","","No","",""
"USDA","2021","Agricultural Marketing Service (AMS) Commodity Purchase Program","","No","",""
"USDA","2021","Agriculture Research Service (ARS) Buildings and Facilities","","No","",""
"USDA","2021","Commodity Credit Corporation (CCC) Marketing Assistance Loan (MAL)","","No","",""
"USDA","2021","Conservation Loans","","No","",""
"USDA","2021","Coronavirus Food Assistance Program 1","","Yes","",""
"USDA","2021","Emergency Assistance for Livestock, Honeybees and Farm-Raised Fish Program","","No","",""
"USDA","2021","Emergency Watershed Protection Program","","No","",""
"USDA","2021","Emerging Markets Program","","No","",""
"USDA","2021","Extension Activities","","No","",""
"USDA","2021","Farm Service Agency (FSA) Salaries and Expenses","","No","",""
"USDA","2021","Food Distribution Program on Indian Reservations","","Yes","",""
"USDA","2021","Food Safety and Inspection Service (FSIS) Salaries and Expenses","","No","",""
"USDA","2021","Forest Service (FS) State, Private, and Tribal Forestry","","No","",""
"USDA","2021","FS-06 Forest and Rangeland Research","","No","",""
"USDA","2021","FS-07 Stewardship Contracting Product Sales","","No","",""
"USDA","2021","FS-08 Permanent Appropriations","","No","",""
"USDA","2021","FS-11 Working Capital Fund","","No","",""
"USDA","2021","Integrated Activities","","No","",""
"USDA","2021","National Institute of Food and Agriculture (NIFA) Research and Education Activities","","No","",""
"USDA","2021","Rural Business-Cooperative Service (RBCS) Grant Programs and Cooperative Agreement Programs","","No","",""
"USDA","2021","Rural Business-Cooperative Service (RBCS) Guaranteed Loan Programs","","No","",""
"USDA","2021","Rural Housing Service (RHS) Community Facilities Direct Loans","","No","",""
"USDA","2021","Rural Housing Service (RHS) Multi-Family Housing Preservation and Revitalization Demo Program","","No","",""
"USDA","2021","Rural Housing Service (RHS) Single Family Housing Direct Loans","","No","",""
"USDA","2021","Rural Housing Service (RHS) Single Family Housing Guaranteed Loans","","No","",""
"USDA","2021","Rural Utilities Service (RUS) Congressional Earmarked Funds","","No","",""
"USDA","2021","Rural Utilities Service (RUS) Grants - Other - Electric","","No","",""
"USDA","2021","Rural Utilities Service (RUS) WEP Technical Assistance - Revolving","","No","",""
"USDA","2021","Watershed Protection and Flood Prevention","","No","",""
"USDA","2022","Agricultural Conservation Easement Program","0","No","",""
"USDA","2022","Agriculture Research Service (ARS) Buildings and Facilities","0","No","",""
"USDA","2022","Agriculture Wool Apparel Manufacturers Trust Fund","0","No","",""
"USDA","2022","CNMI Nutrition Assistance","0","No","",""
"USDA","2022","Commodity Credit Corporation (CCC) Public Law 480","0","No","",""
"USDA","2022","Commodity Credit Corporation Seafood Trade Relief Program (STRP)","0","No","",""
"USDA","2022","Conservation Outreach, Education and Technical Assistance","0","No","",""
"USDA","2022","Emergency Watershed Protection Program","0","No","",""
"USDA","2022","Food for Progress","0","No","",""
"USDA","2022","Forest Service (FS) State, Private, and Tribal Forestry","0","No","",""
"USDA","2022","FS-02 National Forest System","0","No","",""
"USDA","2022","FS-04 Capital Improvement and Maintenance","0","No","",""
"USDA","2022","FS-09 Forest Service Trust Funds","0","No","",""
"USDA","2022","FS-12 Management of National Forest Lands for Subsistence Uses","0","No","",""
"USDA","2022","FS-14 Operations","0","No","",""
"USDA","2022","Market Facilitation Program","0","No","",""
"USDA","2022","Pandemic Livestock Indemnity Program","0","No","",""
"USDA","2022","Pima Agriculture Cotton Trust Fund","0","No","",""
"USDA","2022","Plant and Animal Disease, Pest Control, and Animal Care","0","No","",""
"USDA","2022","Research, Education, and Economics (REE) Salaries and Expenses","0","No","",""
"USDA","2022","Rural Business-Cooperative Service (RBCS) Guaranteed Loan Programs","0","No","",""
"USDA","2022","Rural Development (RD) Salaries and Expenses","0","No","",""
"USDA","2022","Rural Housing Service (RHS) Multi-Family Housing Rental Assistance Program","0","No","",""
"USDA","2022","Rural Housing Service (RHS) Single Family Housing Direct Loans","0","No","",""
"USDA","2022","Rural Utilities Service (RUS) Electric Loan Programs FFB Guaranteed Loans","0","No","",""
"USDA","2022","Rural Utilities Service (RUS) Grants - Other - Electric","0","No","",""
"USDA","2022","Rural Utilities Service (RUS) Water and Waste Disposal Loans and Grants Section 306C","0","No","",""
"USDA","2022","Rural Utilities Service (RUS) Water and Waste Disposal Systems for Rural Communities Loans","0","No","",""
"USDA","2022","Senior Farmers Market Nutrition Program","0","No","",""
"USDA","2022","Snow Survey and Water Supply Forecasting","0","No","",""
"USDA","2023","Agricultural Conservation Easement Program","0","","No","No"
"USDA","2023","Agricultural Marketing Service (AMS) - Acer Access Development Program","0","","No","No"
"USDA","2023","Agricultural Marketing Service (AMS) Commodity Purchase Program","0","","No","No"
"USDA","2023","Agricultural Marketing Service (AMS) Salaries and Expenses","0","","No","No"
"USDA","2023","Agriculture Research Service (ARS) Buildings and Facilities","0","","Yes","No"
"USDA","2023","Agriculture Wool Apparel Manufacturers Trust Fund","0","","No","No"
"USDA","2023","Animal and Plant Health Inspection Service (APHIS) Trust Funds","0","","No","No"
"USDA","2023","CNMI Nutrition Assistance","0","","No","No"
"USDA","2023","Commodity Credit Corporation (CCC) Administrative Contracts","0","","Yes","No"
"USDA","2023","Commodity Credit Corporation (CCC) Agriculture Risk Coverage and Price Loss Coverage (ARC/PLC)","0","","No","No"
"USDA","2023","Commodity Credit Corporation (CCC) Economic Adjustment Assistance for Upland Cotton (EAAP)","0","","Yes","No"
"USDA","2023","Commodity Credit Corporation (CCC) Livestock Forage Disaster Program","0","","No","No"
"USDA","2023","Commodity Credit Corporation (CCC) Marketing Assistance Loan (MAL)","0","","Yes","No"
"USDA","2023","Commodity Credit Corporation (CCC) Public Law 480","0","","No","No"
"USDA","2023","Commodity Supplemental Food Program","0","","Yes","No"
"USDA","2023","Community Facilities Community Program Grants; Rural Community Development Initiative Grants; Community Facilities Direct Loans","0","","No","No"
"USDA","2023","Conservation Loans","0","","No","No"
"USDA","2023","Conservation Outreach, Education and Technical Assistance","0","","No","No"
"USDA","2023","Conservation Reserve Program","0","","Yes","No"
"USDA","2023","Cooperative State Food Safety & Inspection","0","","No","No"
"USDA","2023","Coronavirus Food Assistance Program 1","0","","No","No"
"USDA","2023","Dairy Margin Coverage","0","","Yes","No"
"USDA","2023","Department Administration (DA) Agriculture Buildings and Facilities","0","","Yes","No"
"USDA","2023","Emergency Assistance for Livestock, Honeybees and Farm-Raised Fish Program","0","","Yes","No"
"USDA","2023","Emergency Conservation Program","0","","No","No"
"USDA","2023","Emergency Food Assistance Program (Food Commodities)","0","","No","No"
"USDA","2023","Emergency Relief Program","0","","Yes","No"
"USDA","2023","Emergency Watershed Protection Program","0","","Yes","No"
"USDA","2023","Emerging Markets Program","0","","No","No"
"USDA","2023","Extension Activities","0","","No","No"
"USDA","2023","Farm Service Agency (FSA) Emergency Forest Restoration Program","0","","Yes","No"
"USDA","2023","Farm Service Agency (FSA) Salaries and Expenses","0","","No","No"
"USDA","2023","Farm Storage Facility Loans","0","","Yes","No"
"USDA","2023","Federal Crop Insurance Corporation (FCIC)","0","","No","No"
"USDA","2023","Food and Nutrition Service (FNS) Child and Adult Care Food Program","0","","No","No"
"USDA","2023","Food and Nutrition Service (FNS) National School Lunch Program (NSLP)","0","","No","No"
"USDA","2023","Food and Nutrition Service (FNS) Special Supplemental Nutrition Program for Women, Infants, and Children (WIC)","0","","No","No"
"USDA","2023","Food and Nutrition Service (FNS) Summer Food Service Program (SFSP)","0","","No","No"
"USDA","2023","Food and Nutrition Service (FNS) Supplemental Nutrition Assistance Program (SNAP)","0","","No","No"
"USDA","2023","Food and Nutrition Service (FNS)Nutrition Program Administration (NPA)","0","","Yes","No"
"USDA","2023","Food Distribution Program on Indian Reservations","0","","No","No"
"USDA","2023","Food for Education","0","","Yes","No"
"USDA","2023","Food for Progress","0","","No","No"
"USDA","2023","Food Safety and Inspection Service (FSIS) Salaries and Expenses","0","","No","No"
"USDA","2023","Foreign Agriculture Service (FAS) Salaries and Expenses","0","","No","No"
"USDA","2023","Forest Service (FS) State, Private, and Tribal Forestry","0","","Yes","No"
"USDA","2023","FS-02 National Forest System","0","","No","No"
"USDA","2023","FS-04 Capital Improvement and Maintenance","0","","No","No"
"USDA","2023","FS-06 Forest and Rangeland Research","0","","No","No"
"USDA","2023","FS-07 Stewardship Contracting Product Sales","0","","No","No"
"USDA","2023","FS-08 Permanent Appropriations","0","","No","No"
"USDA","2023","FS-09 Forest Service Trust Funds","0","","No","No"
"USDA","2023","FS-10 Land Acquisition","0","","Yes","No"
"USDA","2023","FS-11 Working Capital Fund","0","","No","No"
"USDA","2023","FS-12 Management of National Forest Lands for Subsistence Uses","0","","Yes","No"
"USDA","2023","FS-14 Operations","0","","Yes","No"
"USDA","2023","Indemnity Program","0","","No","No"
"USDA","2023","Integrated Activities","0","","No","No"
"USDA","2023","Livestock Indemnity Program-2014 Farm Bill","0","","Yes","No"
"USDA","2023","National Institute of Food and Agriculture (NIFA) Research and Education Activities","0","","No","No"
"USDA","2023","National School Lunch Program","0","","No","No"
"USDA","2023","Noninsured Crop Disaster Assistance Program","0","","No","No"
"USDA","2023","Nutrition Assistance for Puerto Rico","0","","Yes","No"
"USDA","2023","Office of Civil Rights (OCR) Salaries and Expenses","0","","Yes","No"
"USDA","2023","Office of Hearing (OHA) Salaries & Expenses","0","","Yes","No"
"USDA","2023","Office of Inspector General (OIG) Disaster Related Appropriations","0","","Yes","No"
"USDA","2023","Office of the Chief Economist (OCE) Salaries and Expenses","0","","Yes","No"
"USDA","2023","Office of the Chief Information Officer (OCIO) Salaries and Expenses","0","","Yes","No"
"USDA","2023","Office of the Inspector General (OIG) Salaries and Expenses","0","","Yes","No"
"USDA","2023","Office of the Secretary (OSEC) Salaries and Expenses","0","","Yes","No"
"USDA","2023","Pandemic Assistance for Timber Harvesters and Haulers (PATHH) Program","0","","No","No"
"USDA","2023","Pandemic EBT Food Benefits","0","","No","No"
"USDA","2023","Pandemic Livestock Indemnity Program","0","","No","No"
"USDA","2023","Pima Agriculture Cotton Trust Fund","0","","No","No"
"USDA","2023","Plant and Animal Disease, Pest Control, and Animal Care","0","","No","No"
"USDA","2023","Plant Materials for Conservation","0","","Yes","No"
"USDA","2023","Research, Education, and Economics (REE) Salaries and Expenses","0","","No","No"
"USDA","2023","Rural Business-Cooperative Service (RBCS) Grant Programs and Cooperative Agreement Programs","0","","Yes","No"
"USDA","2023","Rural Business-Cooperative Service (RBCS) Guaranteed Loan Programs","0","","No","No"
"USDA","2023","Rural Business-Cooperative Service (RBCS) Relending Programs","0","","Yes","No"
"USDA","2023","Rural Development (RD) Salaries and Expenses","0","","Yes","No"
"USDA","2023","Rural Development Policy Public Service and Leadership Development Program","0","","Yes","No"
"USDA","2023","Rural Housing Service (RHS) Community Facilities Direct Loans","0","","No","No"
"USDA","2023","Rural Housing Service (RHS) Farm Labor Housing Loans (Section 514) and Grants (Section 516)","0","","Yes","No"
"USDA","2023","Rural Housing Service (RHS) Housing Loans and Grants - Other","0","","Yes","No"
"USDA","2023","Rural Housing Service (RHS) Multi-Family Housing Preservation and Revitalization Demo Program","0","","Yes","No"
"USDA","2023","Rural Housing Service (RHS) Multi-Family Housing Rental Assistance Program","0","","No","No"
"USDA","2023","Rural Housing Service (RHS) Multi-Family Housing Rural Rental Housing Direct Loans (Section 515) (HIM Disasters)","0","","No","No"
"USDA","2023","Rural Housing Service (RHS) Multi-Family Housing Rural Rental Housing Direct Loans (Section 515)","0","","Yes","No"
"USDA","2023","Rural Housing Service (RHS) Single Family Housing Direct Loans","0","","No","No"
"USDA","2023","Rural Housing Service (RHS) Single Family Housing Guaranteed Loans","0","","No","No"
"USDA","2023","Rural Utilities Service (RUS) Broadband Telecom Loans - Treasury Rate","0","","Yes","No"
"USDA","2023","Rural Utilities Service (RUS) Community Connect Grants","0","","Yes","No"
"USDA","2023","Rural Utilities Service (RUS) Congressional Earmarked Funds","0","","No","No"
"USDA","2023","Rural Utilities Service (RUS) Electric Loan Programs - Direct Treasury Rate","0","","Yes","No"
"USDA","2023","Rural Utilities Service (RUS) Electric Loan Programs FFB Guaranteed Loans","0","","No","No"
"USDA","2023","Rural Utilities Service (RUS) Grants - Other - Electric","0","","No","No"
"USDA","2023","Rural Utilities Service (RUS) Rural Energy Savings Program","0","","Yes","No"
"USDA","2023","Rural Utilities Service (RUS) Rural Telecommunications - Distance Learning and Telemedicine","0","","Yes","No"
"USDA","2023","Rural Utilities Service (RUS) Rural Telecommunications - Infrastructure Investment and Jobs Act","0","","Yes","No"
"USDA","2023","Rural Utilities Service (RUS) Rural Telecommunications - ReConnect Program","0","","No","No"
"USDA","2023","Rural Utilities Service (RUS) Rural Telecommunications Loans - FFB Telecom Loans","0","","Yes","No"
"USDA","2023","Rural Utilities Service (RUS) Rural Telecommunications Loans - Treasury Telecom Loan","0","","Yes","No"
"USDA","2023","Rural Utilities Service (RUS) Water and Waste Disposal Loans and Grants Section 306C","0","","No","No"
"USDA","2023","Rural Utilities Service (RUS) Water and Waste Disposal Systems for Rural Communities Grants","0","","Yes","No"
"USDA","2023","Rural Utilities Service (RUS) Water and Waste Disposal Systems for Rural Communities Loans","0","","No","No"
"USDA","2023","Rural Utilities Service (RUS) WEP Technical Assistance - Revolving","0","","No","No"
"USDA","2023","School Breakfast Program","0","","No","No"
"USDA","2023","Senior Farmers Market Nutrition Program","0","","No","No"
"USDA","2023","Snow Survey and Water Supply Forecasting","0","","No","No"
"USDA","2023","Soil Survey","0","","Yes","No"
"USDA","2023","Watershed Protection and Flood Prevention","0","","No","No"
"USDA","2023","WIC Farmers' Market Nutrition Program (FMNP)","0","","Yes","No"
"USDA","2023","Wildfires and Hurricanes Indemnity Program Plus","0","","No","No"
"USDA","2023","Wildlife Services","0","","No","No"
"USDA","2024","Agricultural Conservation Easement Program","0","","Yes","No"
"USDA","2024","Agricultural Marketing Service (AMS) - Acer Access Development Program","0","","Yes","No"
"USDA","2024","Agricultural Marketing Service (AMS) Commodity Purchase Program","0","","Yes","No"
"USDA","2024","Agricultural Marketing Service (AMS) Salaries and Expenses","0","","Yes","No"
"USDA","2024","Agriculture Research Service (ARS) Buildings and Facilities","0","","No","No"
"USDA","2024","Agriculture Wool Apparel Manufacturers Trust Fund","0","","No","No"
"USDA","2024","Animal and Plant Health Inspection Service (APHIS) Trust Funds","0","","Yes","No"
"USDA","2024","CNMI Nutrition Assistance","0","","No","No"
"USDA","2024","Commodity Credit Corporation (CCC) Administrative Contracts","0","","No","No"
"USDA","2024","Commodity Credit Corporation (CCC) Agriculture Risk Coverage and Price Loss Coverage (ARC/PLC)","0","","No","No"
"USDA","2024","Commodity Credit Corporation (CCC) Economic Adjustment Assistance for Upland Cotton (EAAP)","0","","No","No"
"USDA","2024","Commodity Credit Corporation (CCC) Livestock Forage Disaster Program","0","","No","No"
"USDA","2024","Commodity Credit Corporation (CCC) Marketing Assistance Loan (MAL)","0","","No","No"
"USDA","2024","Commodity Credit Corporation (CCC) Public Law 480","0","","No","No"
"USDA","2024","Commodity Supplemental Food Program","0","","No","No"
"USDA","2024","Conservation Loans","0","","Yes","No"
"USDA","2024","Conservation Outreach, Education and Technical Assistance","0","","No","No"
"USDA","2024","Conservation Reserve Program","0","","No","No"
"USDA","2024","Coronavirus Food Assistance Program 1","0","","No","No"
"USDA","2024","Dairy Margin Coverage","0","","No","No"
"USDA","2024","Department Administration (DA) Agriculture Buildings and Facilities","0","","No","No"
"USDA","2024","Emergency Assistance for Livestock, Honeybees and Farm-Raised Fish Program","0","","No","No"
"USDA","2024","Emergency Conservation Program","0","","No","No"
"USDA","2024","Emergency Food Assistance Program (Food Commodities)","0","","Yes","No"
"USDA","2024","Emergency Grain Storage Facility Program","0","","Yes","No"
"USDA","2024","Emergency Livestock Relief Program","0","","No","No"
"USDA","2024","Emergency Relief Program","0","","No","No"
"USDA","2024","Emergency Watershed Protection Program","0","","No","No"
"USDA","2024","Emerging Markets Program","0","","Yes","No"
"USDA","2024","Extension Activities","0","","Yes","No"
"USDA","2024","Farm Service Agency (FSA) Salaries and Expenses","0","","Yes","No"
"USDA","2024","Farm Storage Facility Loans","0","","No","No"
"USDA","2024","Federal Crop Insurance Corporation (FCIC)","0","","No","No"
"USDA","2024","Food and Nutrition Service (FNS) Child and Adult Care Food Program (CACFP) Centers","0","","No","No"
"USDA","2024","Food and Nutrition Service (FNS) Child and Adult Care Food Program","0","","No","No"
"USDA","2024","Food and Nutrition Service (FNS) National School Lunch Program (NSLP)","0","","No","No"
"USDA","2024","Food and Nutrition Service (FNS) Nutrition Program Administration (NPA)","0","","No","No"
"USDA","2024","Food and Nutrition Service (FNS) Special Supplemental Nutrition Program for Women, Infants, and Children (WIC)","0","","No","No"
"USDA","2024","Food and Nutrition Service (FNS) Summer Food Service Program (SFSP)","0","","No","No"
"USDA","2024","Food and Nutrition Service (FNS) Supplemental Nutrition Assistance Program (SNAP)","0","","No","No"
"USDA","2024","Food Distribution Program on Indian Reservations","0","","Yes","No"
"USDA","2024","Food for Education","0","","No","No"
"USDA","2024","Food for Progress","0","","No","No"
"USDA","2024","Food Safety and Inspection Service (FSIS) Salaries and Expenses","0","","Yes","No"
"USDA","2024","Foreign Agriculture Service (FAS) Salaries and Expenses","0","","Yes","No"
"USDA","2024","Forest Service (FS) State, Private, and Tribal Forestry","0","","No","No"
"USDA","2024","FS-02 National Forest System","0","","No","No"
"USDA","2024","FS-04 Capital Improvement and Maintenance","0","","No","No"
"USDA","2024","FS-06 Forest and Rangeland Research","0","","Yes","No"
"USDA","2024","FS-07 Stewardship Contracting Product Sales","0","","Yes","No"
"USDA","2024","FS-08 Permanent Appropriations","0","","Yes","No"
"USDA","2024","FS-09 Forest Service Trust Funds","0","","No","No"
"USDA","2024","FS-10 Land Acquisition","0","","No","No"
"USDA","2024","FS-11 Working Capital Fund","0","","Yes","No"
"USDA","2024","FS-12 Management of National Forest Lands for Subsistence Uses","0","","No","No"
"USDA","2024","FS-14 Operations","0","","No","No"
"USDA","2024","Indemnity Program","0","","Yes","No"
"USDA","2024","Integrated Activities","0","","Yes","No"
"USDA","2024","Livestock Indemnity Program-2014 Farm Bill","0","","No","No"
"USDA","2024","National Institute of Food and Agriculture (NIFA) Research and Education Activities","0","","Yes","No"
"USDA","2024","National School Lunch Program","0","","No","No"
"USDA","2024","Noninsured Crop Disaster Assistance Program","0","","No","No"
"USDA","2024","Nutrition Assistance for Puerto Rico","0","","No","No"
"USDA","2024","Office of Budget and Program Analysis (OBPA) Salaries and Expenses","0","","No","No"
"USDA","2024","Office of Civil Rights (OCR) Salaries and Expenses","0","","No","No"
"USDA","2024","Office of Hearings and Appeals (OHA) Salaries and Expenses","0","","No","No"
"USDA","2024","Office of the Chief Economist (OCE) Salaries and Expenses","0","","No","No"
"USDA","2024","Office of the Chief Information Officer (OCIO) Salaries and Expenses","0","","No","No"
"USDA","2024","Office of the Inspector General (OIG) Salaries and Expenses","0","","No","No"
"USDA","2024","Office of the Secretary (OSEC) Salaries and Expenses","0","","No","No"
"USDA","2024","Pandemic EBT Food Benefits","0","","No","No"
"USDA","2024","Partnerships for Climate- Smart Commodities","0","","Yes","No"
"USDA","2024","Pima Agriculture Cotton Trust Fund","0","","No","No"
"USDA","2024","Plant and Animal Disease, Pest Control, and Animal Care","0","","Yes","No"
"USDA","2024","Plant Materials for Conservation","0","","No","No"
"USDA","2024","Research, Education, and Economics (REE) Salaries and Expenses","0","","No","No"
"USDA","2024","Rice Production Program","0","","Yes","No"
"USDA","2024","Rural Business-Cooperative Service (RBCS) Grant Programs and Cooperative Agreement Programs","0","","No","No"
"USDA","2024","Rural Business-Cooperative Service (RBCS) Guaranteed Loan Programs","0","","Yes","No"
"USDA","2024","Rural Business-Cooperative Service (RBCS) Relending Programs","0","","No","No"
"USDA","2024","Rural Development (RD) Salaries and Expenses","0","","No","No"
"USDA","2024","Rural Development Policy Public Service and Leadership Development Program","0","","No","No"
"USDA","2024","Rural Housing Service (RHS) Community Facilities Direct Loans","0","","Yes","No"
"USDA","2024","Rural Housing Service (RHS) Farm Labor Housing Loans (Section 514) and Grants (Section 516)","0","","No","No"
"USDA","2024","Rural Housing Service (RHS) Housing Loans and Grants - Other","0","","No","No"
"USDA","2024","Rural Housing Service (RHS) Multi-Family Housing Preservation and Revitalization Demo Program","0","","Yes","No"
"USDA","2024","Rural Housing Service (RHS) Multi-Family Housing Rental Assistance Program","0","","No","No"
"USDA","2024","Rural Housing Service (RHS) Multi-Family Housing Rural Rental Housing Direct Loans (Section 515) (HIM Disasters)","0","","No","No"
"USDA","2024","Rural Housing Service (RHS) Single Family Housing Direct Loans","0","","No","No"
"USDA","2024","Rural Housing Service (RHS) Single Family Housing Guaranteed Loans","0","","Yes","No"
"USDA","2024","Rural Utilities Service (RUS) Community Connect Grants","0","","No","No"
"USDA","2024","Rural Utilities Service (RUS) Congressional Earmarked Funds","0","","Yes","No"
"USDA","2024","Rural Utilities Service (RUS) Electric Loan Programs - Direct Treasury Rate","0","","No","No"
"USDA","2024","Rural Utilities Service (RUS) Electric Loan Programs FFB Guaranteed Loans","0","","No","No"
"USDA","2024","Rural Utilities Service (RUS) Grants - Other - Electric","0","","No","No"
"USDA","2024","Rural Utilities Service (RUS) Rural Telecommunications - Distance Learning and Telemedicine","0","","No","No"
"USDA","2024","Rural Utilities Service (RUS) Rural Telecommunications - ReConnect Program","0","","Yes","No"
"USDA","2024","Rural Utilities Service (RUS) Rural Telecommunications Loans - FFB Telecom Loans","0","","No","No"
"USDA","2024","Rural Utilities Service (RUS) Rural Telecommunications Loans - Treasury Telecom Loan","0","","No","No"
"USDA","2024","Rural Utilities Service (RUS) Water and Waste Disposal Loans and Grants Section 306C","0","","No","No"
"USDA","2024","Rural Utilities Service (RUS) Water and Waste Disposal Systems for Rural Communities Grants","0","","No","No"
"USDA","2024","Rural Utilities Service (RUS) Water and Waste Disposal Systems for Rural Communities Loans","0","","No","No"
"USDA","2024","Rural Utilities Service (RUS) WEP Technical Assistance - Revolving","0","","Yes","No"
"USDA","2024","School Breakfast Program","0","","No","No"
"USDA","2024","Senior Farmers Market Nutrition Program","0","","No","No"
"USDA","2024","Snow Survey and Water Supply Forecasting","0","","No","No"
"USDA","2024","Soil Survey","0","","No","No"
"USDA","2024","Tree Assistance Program","0","","Yes","No"
"USDA","2024","Watershed Protection and Flood Prevention","0","","Yes","No"
"USDA","2024","WIC Farmers' Market Nutrition Program (FMNP)","0","","No","No"
"USDA","2024","Wildlife Services","0","","Yes","No"
"USDA","2025","*Internal Apportionment from OSEC*","","","No","No"
"USDA","2025","Agricultural and Food Policy Research Centers","","","No","No"
"USDA","2025","Agricultural Conservation Easement Program","","","No","No"
"USDA","2025","Agricultural Market and Economic Research","","","No","No"
"USDA","2025","Agricultural Marketing Service (AMS) - Acer Access Development Program","","","No","No"
"USDA","2025","Agricultural Marketing Service (AMS) - Bison Production and Marketing Grant Program","","","No","No"
"USDA","2025","Agricultural Marketing Service (AMS) - Commodity Credit Corporation (CCC) Funding to Alleviate Emergency Supply Chain Disruption in the Commodity Supplemental Food Program (CSFP)","","","No","No"
"USDA","2025","Agricultural Marketing Service (AMS) - Commodity Credit Corporation (CCC) Funding to Alleviate Emergency Supply Chain Disruption in the Food Distribution Program on Indian Reservation","","","No","No"
"USDA","2025","Agricultural Marketing Service (AMS) - Dairy Business Innovation Initiatives","","","No","No"
"USDA","2025","Agricultural Marketing Service (AMS) - Farmers Market and Local Food Promotion Program","","","No","No"
"USDA","2025","Agricultural Marketing Service (AMS) - Federal-State Marketing Improvement Program","","","No","No"
"USDA","2025","Agricultural Marketing Service (AMS) - Inspection Grading and Standardization","","","No","No"
"USDA","2025","Agricultural Marketing Service (AMS) - Local Food for Schools Cooperative Agreement Program","","","No","No"
"USDA","2025","Agricultural Marketing Service (AMS) - Local Food Purchase Agreements with States, Tribes, and Local Governments","","","No","No"
"USDA","2025","Agricultural Marketing Service (AMS) - Local Meat Capacity Grants","","","No","No"
"USDA","2025","Agricultural Marketing Service (AMS) - Market News","","","No","No"
"USDA","2025","Agricultural Marketing Service (AMS) - Market Protection and Promotion","","","No","No"
"USDA","2025","Agricultural Marketing Service (AMS) - Marketing Agreements ad Orders","","","No","No"
"USDA","2025","Agricultural Marketing Service (AMS) - Meat and Poultry Inspection Readiness Grants - Supplemental Funding","","","No","No"
"USDA","2025","Agricultural Marketing Service (AMS) - Micro-Grants for Food Security Program","","","No","No"
"USDA","2025","Agricultural Marketing Service (AMS) - Organic Market Development Grant (OMDG) Program","","","No","No"
"USDA","2025","Agricultural Marketing Service (AMS) - Pandemic Market Volatlity Assistance Program","","","No","No"
"USDA","2025","Agricultural Marketing Service (AMS) - Pandemic Relief Activities: Farm and Food Worker Relief Grant Program","","","No","No"
"USDA","2025","Agricultural Marketing Service (AMS) - Pandemic Relief Activities: Meat and Poultry Processing Capacity - Technical Assistance Grants","","","No","No"
"USDA","2025","Agricultural Marketing Service (AMS) - Perishable Agricultural Commodities Act","","","No","No"
"USDA","2025","Agricultural Marketing Service (AMS) - Regional Food Business Centers","","","No","No"
"USDA","2025","Agricultural Marketing Service (AMS) - Regional Food System Partnerships","","","No","No"
"USDA","2025","Agricultural Marketing Service (AMS) - Resilient Food System Infrastructure Program","","","No","No"
"USDA","2025","Agricultural Marketing Service (AMS) - Sheep Production and Marketing Grant Program","","","No","No"
"USDA","2025","Agricultural Marketing Service (AMS) - Specialty Crop Block Grant Program - Farm Bill","","","No","No"
"USDA","2025","Agricultural Marketing Service (AMS) - Transportation Services","","","No","No"
"USDA","2025","Agricultural Marketing Service (AMS) - Wholesale Farmers and Alternative Market Development","","","No","No"
"USDA","2025","Agricultural Marketing Service (AMS) Commodity Purchase Program","","","No","No"
"USDA","2025","Agricultural Marketing Service (AMS) Salaries and Expenses","","","No","No"
"USDA","2025","Agricultural Research Service (ARS) Hurricane Harvey - Buildings and Facilities","0","","Yes","No"
"USDA","2025","Agriculture Research Service (ARS) Buildings and Facilities","","","No","No"
"USDA","2025","Agriculture Risk/Price Loss Coverage Program","","","No","No"
"USDA","2025","Agriculture Wool Apparel Manufacturers Trust Fund","0","","Yes","No"
"USDA","2025","Animal and Plant Health Inspection Service (APHIS) Buildings and Facilities","","","No","No"
"USDA","2025","Animal and Plant Health Inspection Service (APHIS) Trust Funds","","","No","No"
"USDA","2025","Assisting Specialty Crop Exports","","","No","No"
"USDA","2025","Bill Emerson National Hunger Fellows and Mickey Leland International Hunger Fellows Programs","","","No","No"
"USDA","2025","Biomass Crop Assistance Program","","","No","No"
"USDA","2025","Borlaug Executive Leadership Program","","","No","No"
"USDA","2025","Child Nutrition Discretionary Grants Limited Availability","","","No","No"
"USDA","2025","Child Nutrition-Technology Innovation Grant","","","No","No"
"USDA","2025","CNMI Nutrition Assistance","0","","Yes","No"
"USDA","2025","Cochran Fellowship Program","","","No","No"
"USDA","2025","Commodity Credit Corporation (CCC) Administrative Contracts","","","No","No"
"USDA","2025","Commodity Credit Corporation (CCC) Bill Emerson Humanitarian Trust Program","","","No","No"
"USDA","2025","Commodity Credit Corporation (CCC) Coronavirus Food Assistance Program (CFAP)","0","","Yes","No"
"USDA","2025","Commodity Credit Corporation (CCC) Cotton Transition Assistance Program","","","No","No"
"USDA","2025","Commodity Credit Corporation (CCC) Economic Adjustment Assistance for Upland Cotton (EAAP)","","","No","No"
"USDA","2025","Commodity Credit Corporation (CCC) Export 416 Ocean Transportation","","","No","No"
"USDA","2025","Commodity Credit Corporation (CCC) Feedstock Flexibility Program","","","No","No"
"USDA","2025","Commodity Credit Corporation (CCC) Hazardous Waste Activities","","","No","No"
"USDA","2025","Commodity Credit Corporation (CCC) Livestock Forage Disaster Program","","","No","No"
"USDA","2025","Commodity Credit Corporation (CCC) Oriental Fruit Fly Program","","","No","No"
"USDA","2025","Commodity Credit Corporation (CCC) Public Law 480","0","","Yes","No"
"USDA","2025","Commodity Credit Corporation (CCC) The Margin Protection Program","","","No","No"
"USDA","2025","Commodity Credit Corporation (CCC) Trade Adjustment Assistance Program (TAA)","","","No","No"
"USDA","2025","Commodity Credit Corporation (CCC) Trade Mitigation Program (TMP)","","","No","No"
"USDA","2025","Commodity Credit Corporation (CCC) Trade Mitigation Program (TMP/FPD)","","","No","No"
"USDA","2025","Commodity Loans and Loan Deficiency Payments","","","No","No"
"USDA","2025","Commodity Supplemental Food Program","","","No","No"
"USDA","2025","Community Facilities Community Program Grants; Rural Community Development Initiative Grants; Community Facilities Direct Loans","","","No","No"
"USDA","2025","Community Food Projects","0","","Yes","No"
"USDA","2025","Conservation Loans","","","No","No"
"USDA","2025","Conservation Outreach, Education and Technical Assistance","0","","Yes","No"
"USDA","2025","Conservation Reserve Program","0","","Yes","No"
"USDA","2025","Conservation Stewardship Program","","","No","No"
"USDA","2025","Cooperative State Food Safety & Inspection","","","No","No"
"USDA","2025","Coronavirus Food Assistance Program (CFAP) Training Grants","","","No","No"
"USDA","2025","Coronavirus Food Assistance Program 1","","","No","No"
"USDA","2025","Coronavirus Food Assistance Program 2","","","No","No"
"USDA","2025","Cotton and Wool Apparel Program","","","No","No"
"USDA","2025","Dairy Indemnity Program","","","No","No"
"USDA","2025","Dairy Margin Coverage Program","","","No","No"
"USDA","2025","Dairy Margin Coverage","","","No","No"
"USDA","2025","Department Administration (DA) Agriculture Buildings and Facilities","","","No","No"
"USDA","2025","Department Administration (DA) Hazardous Materials Management","","","No","No"
"USDA","2025","Emergency Assistance for Livestock, Honeybees and Farm-Raised Fish Program","","","No","No"
"USDA","2025","Emergency Conservation Program","","","No","No"
"USDA","2025","Emergency Food Assistance Program (Administrative Costs)","","","No","No"
"USDA","2025","Emergency Food Assistance Program (Food Commodities)","","","No","No"
"USDA","2025","Emergency Grain Storage Facility Program","","","No","No"
"USDA","2025","Emergency Livestock Relief Program 2022","","","No","No"
"USDA","2025","Emergency Livestock Relief Program 2023 and 2024","","","No","No"
"USDA","2025","Emergency Livestock Relief Program","","","No","No"
"USDA","2025","Emergency Relief Program 2022","","","No","No"
"USDA","2025","Emergency Relief Program Outreach Education and Technical Assistance","","","No","No"
"USDA","2025","Emergency Relief Program","","","No","No"
"USDA","2025","Emergency Watershed Protection Program – Disaster Relief Appropriations Act","","","No","No"
"USDA","2025","Emergency Watershed Protection Program – Floodplain Easements & Disaster Relief Appropriations Act","","","No","No"
"USDA","2025","Emergency Watershed Protection Program","","","No","No"
"USDA","2025","Emerging Markets Program","","","No","No"
"USDA","2025","Environmental Quality Incentives Program","","","No","No"
"USDA","2025","Export Guarantee Program","","","No","No"
"USDA","2025","Extension Activities","","","No","No"
"USDA","2025","Faculty Exchange Program","","","No","No"
"USDA","2025","Farm Service Agency (FSA) 220 Block Grants","","","No","No"
"USDA","2025","Farm Service Agency (FSA) Boll Weevil Eradication Loan Program","","","No","No"
"USDA","2025","Farm Service Agency (FSA) Commodity Container Assistance Program","","","No","No"
"USDA","2025","Farm Service Agency (FSA) Commodity Storage Assistance Program","","","No","No"
"USDA","2025","Farm Service Agency (FSA) Conservation Reserve Program Transition Incentive Program: Outreach, Technical Assistance, and Research Agreements","","","No","No"
"USDA","2025","Farm Service Agency (FSA) Discrimination Financial Assistance Program","0","","Yes","No"
"USDA","2025","Farm Service Agency (FSA) DSA COVID Relief Program","","","No","No"
"USDA","2025","Farm Service Agency (FSA) Emergency Commodity Assistance Program","","","No","No"
"USDA","2025","Farm Service Agency (FSA) Emergency Forest Restoration Program","","","No","No"
"USDA","2025","Farm Service Agency (FSA) Emergency Loans","","","No","No"
"USDA","2025","Farm Service Agency (FSA) Farm Labor Stabilization and Protection Pilot Grant Program","","","No","No"
"USDA","2025","Farm Service Agency (FSA) Farm Loan Borrower Relief Program","","","No","No"
"USDA","2025","Farm Service Agency (FSA) Farm Operating Loans and Loan Guarantees","","","No","No"
"USDA","2025","Farm Service Agency (FSA) Farm Ownership Loans and Loan Guarantees","","","No","No"
"USDA","2025","Farm Service Agency (FSA) Farm Service Agency Taxpayer Outreach Education and Technical Assistance (American Rescue Plan Assistance)","","","No","No"
"USDA","2025","Farm Service Agency (FSA) Food Safety Certification for Specialty Crops Program","","","No","No"
"USDA","2025","Farm Service Agency (FSA) Grassland Reserve Program (previously a NRCS program)","","","No","No"
"USDA","2025","Farm Service Agency (FSA) Grassroots Source Water Protection Program","","","No","No"
"USDA","2025","Farm Service Agency (FSA) Increasing Land, Capital, and Market Access Program","","","No","No"
"USDA","2025","Farm Service Agency (FSA) Indian Tribes and Tribal Corporation Loans","","","No","No"
"USDA","2025","Farm Service Agency (FSA) Milk Loss Program","","","No","No"
"USDA","2025","Farm Service Agency (FSA) Organic and Transitional Education and Certification Program","","","No","No"
"USDA","2025","Farm Service Agency (FSA) Organic Certification Cost Share Programs","","","No","No"
"USDA","2025","Farm Service Agency (FSA) Organic Dairy Marketing Assistance Program","","","No","No"
"USDA","2025","Farm Service Agency (FSA) Outreach Education and Technical Assistance for Disaster Assistance Programs","","","No","No"
"USDA","2025","Farm Service Agency (FSA) Outreach Education and Technical Assistance","","","No","No"
"USDA","2025","Farm Service Agency (FSA) Pandemic Assistance Revenue Program","","","No","No"
"USDA","2025","Farm Service Agency (FSA) Salaries and Expenses","","","No","No"
"USDA","2025","Farm Service Agency (FSA) Seafood Trade Relief Program (STRP)","","","No","No"
"USDA","2025","Farm Service Agency (FSA) Testing, Mitigation, and Relief for Agricultural Contamination by Per- and Polyfluoroalkyl Substances","","","No","No"
"USDA","2025","Farm Service Agency (FSA) Texas 1944 Water Treaty Grant","","","No","No"
"USDA","2025","Farm Service Agency (FSA) Urban Agriculture and Urban County Committee Outreach, Technical Assistance, and Education","","","No","No"
"USDA","2025","Farm Storage Facility Loans","","","No","No"
"USDA","2025","Farm to School Grant Program","","","No","No"
"USDA","2025","Farm to School State Formula Grant","","","No","No"
"USDA","2025","Farmer’s Market Supplemental Nutrition Assistance Program Support Grants","","","No","No"
"USDA","2025","Federal Crop Insurance Corporation (FCIC)","","","No","No"
"USDA","2025","Feral Swine Eradication and Control Pilot Program","","","No","No"
"USDA","2025","Food and Nutrition Service (FNS) American Samoa (AS)","0","","Yes","No"
"USDA","2025","Food and Nutrition Service (FNS) Child and Adult Care Food Program","","","No","No"
"USDA","2025","Food and Nutrition Service (FNS) Food Safety Grants","","","No","No"
"USDA","2025","Food and Nutrition Service (FNS) Nutrition Program Administration (NPA)","","","No","No"
"USDA","2025","Food and Nutrition Service (FNS) Summer Food Service Program (SFSP)","","","No","No"
"USDA","2025","Food Distribution Program on Indian Reservations (FDPIR) Nutrition Paraprofessional Training","","","No","No"
"USDA","2025","Food Distribution Program on Indian Reservations Nutrition Education Grants","","","No","No"
"USDA","2025","Food Distribution Program on Indian Reservations","","","No","No"
"USDA","2025","Food for Education","","","No","No"
"USDA","2025","Food for Opportunity","","","No","No"
"USDA","2025","Food for Progress","0","","Yes","No"
"USDA","2025","Food Loss and Waste Reduction","","","No","No"
"USDA","2025","Food Safety and Inspection Service (FSIS) Salaries and Expenses","","","No","No"
"USDA","2025","Foreign Agriculture Service (FAS) Salaries and Expenses","","","No","No"
"USDA","2025","Foreign Market Development Cooperator Program","","","No","No"
"USDA","2025","Forest Service (FS) - Emergency Leave","","","No","No"
"USDA","2025","Fresh Fruit and Vegetable Program","","","No","No"
"USDA","2025","FS-02 National Forest System","","","No","No"
"USDA","2025","FS-03 Wildland Fire Management","0","","Yes","No"
"USDA","2025","FS-04 Capital Improvement and Maintenance","0","","Yes","No"
"USDA","2025","FS-04 Disaster Supplemental- Capital Improvement and Maintenance","0","","Yes","No"
"USDA","2025","FS-05 State, Private, and Tribal Forestry","","","No","No"
"USDA","2025","FS-06 Forest and Rangeland Research","","","No","No"
"USDA","2025","FS-07 Stewardship Contracting Product Sales","","","No","No"
"USDA","2025","FS-08 Permanent Appropriations","","","No","No"
"USDA","2025","FS-09 Forest Service Trust Funds","0","","Yes","No"
"USDA","2025","FS-10 Land Acquisition","","","No","No"
"USDA","2025","FS-11 Working Capital Fund","","","No","No"
"USDA","2025","FS-12 Management of National Forest Lands for Subsistence Uses","0","","Yes","No"
"USDA","2025","FS-13 Range Betterment Fund","0","","Yes","No"
"USDA","2025","FS-14 Operations","","","No","No"
"USDA","2025","Hazardous Waste Management","","","No","No"
"USDA","2025","Healthy Forests Reserve Program (HFRP)","","","No","No"
"USDA","2025","Heirs’ Property Relending Program","","","No","No"
"USDA","2025","Indemnity Program","","","No","No"
"USDA","2025","Integrated Activities","","","No","No"
"USDA","2025","International Agricultural Education Fellowship Program","","","No","No"
"USDA","2025","Livestock Forage Disaster Program","","","No","No"
"USDA","2025","Livestock Indemnity Program-2014 Farm Bill","","","No","No"
"USDA","2025","Market Access Program","","","No","No"
"USDA","2025","Market Facilitation Program","","","No","No"
"USDA","2025","Marketing Assistance for Specialty Crops","","","No","No"
"USDA","2025","Minority-Serving Institutions Partnership","","","No","No"
"USDA","2025","National Food Service Management Institute Administration and Staffing Grant","","","No","No"
"USDA","2025","National School Lunch Program","","","No","No"
"USDA","2025","Natural Resources Conservation Service (NRCS) Agricultural Management Assistance","","","No","No"
"USDA","2025","Natural Resources Conservation Service (NRCS) Agricultural Water Enhancement Program","","","No","No"
"USDA","2025","Natural Resources Conservation Service (NRCS) Composting and Food Waste Reduction Cooperative Agreement Program","","","No","No"
"USDA","2025","Natural Resources Conservation Service (NRCS) Conservation Security Program","","","No","No"
"USDA","2025","Natural Resources Conservation Service (NRCS) Damage Assessment","","","No","No"
"USDA","2025","Natural Resources Conservation Service (NRCS) Farm and Ranch Lands Protection Program","","","No","No"
"USDA","2025","Natural Resources Conservation Service (NRCS) Gulf Coast Ecosystem Restoration Council Comprehensive Plan Component Program","","","No","No"
"USDA","2025","Natural Resources Conservation Service (NRCS) Office of Urban Agriculture and Innovative Production","","","No","No"
"USDA","2025","Natural Resources Conservation Service (NRCS) People’s Garden Initiative Cooperative Agreements Program","","","No","No"
"USDA","2025","Natural Resources Conservation Service (NRCS) Wetlands Reserve Program","","","No","No"
"USDA","2025","Natural Resources Conservation Service (NRCS) Wildlife Habitat Incentive Program","","","No","No"
"USDA","2025","Noninsured Crop Disaster Assistance Program","","","No","No"
"USDA","2025","Norman E. Borlaug International Agricultural Science and Technology Fellowship","","","No","No"
"USDA","2025","Nutrition Assistance for Puerto Rico","","","No","No"
"USDA","2025","Office of Budget and Program Analysis (OBPA) Salaries and Expenses","","","No","No"
"USDA","2025","Office of Civil Rights (OCR) Salaries and Expenses","","","No","No"
"USDA","2025","Office of Hearings and Appeals (OHA) Salaries and Expenses","","","No","No"
"USDA","2025","Office of the Chief Economist (OCE) Salaries and Expenses","","","No","No"
"USDA","2025","Office of the Chief Financial Officer (OCFO) Salaries and Expenses","","","No","No"
"USDA","2025","Office of the Chief Information Officer (OCIO) Salaries and Expenses","","","No","No"
"USDA","2025","Office of the Inspector General (OIG) Salaries and Expenses","","","No","No"
"USDA","2025","Office of the Secretary (OSEC) Salaries and Expenses","","","No","No"
"USDA","2025","Organic Dairy Product Promotion","","","No","No"
"USDA","2025","Outreach and Assistance for Socially Disadvantaged and Veteran Farmers and Ranchers","","","No","No"
"USDA","2025","Pandemic Assistance for Cotton Merchandisers","","","No","No"
"USDA","2025","Pandemic Assistance for Timber Harvesters and Haulers (PATHH) Program","","","No","No"
"USDA","2025","Pandemic EBT Administrative Costs","","","No","No"
"USDA","2025","Pandemic EBT Food Benefits","","","No","No"
"USDA","2025","Pandemic Livestock Indemnity Program","","","No","No"
"USDA","2025","Participant Research Innovation Laboratory for Enhancing WIC Services","","","No","No"
"USDA","2025","Partnerships for Climate- Smart Commodities","","","No","No"
"USDA","2025","Pima Agriculture Cotton Trust Fund","0","","Yes","No"
"USDA","2025","PL-480 Market Development and Technical Assistance","","","No","No"
"USDA","2025","Plant and Animal Disease, Pest Control, and Animal Care","","","No","No"
"USDA","2025","Plant Materials for Conservation","","","No","No"
"USDA","2025","Price Loss Coverage","","","No","No"
"USDA","2025","Quality Loss Adjustment Program","","","No","No"
"USDA","2025","Quality Samples Program","","","No","No"
"USDA","2025","Regional Agricultural Promotion Program","","","No","No"
"USDA","2025","Regional Conservation Partnership Program","","","No","No"
"USDA","2025","Reimbursement Transportation Cost Payment Program","","","No","No"
"USDA","2025","Research & Education Activities","","","No","No"
"USDA","2025","Research & Education Activities; Integrated Activities","","","No","No"
"USDA","2025","Research, Education, and Economics (REE) Salaries and Expenses","0","","Yes","No"
"USDA","2025","Rice Production Program","","","No","No"
"USDA","2025","Risk Management Education Partnerships","","","No","No"
"USDA","2025","Rural Business and Cooperative Services (RBCS) Biobased Market Development and Access Grant Program (BDAP)","","","No","No"
"USDA","2025","Rural Business Investment Program","","","No","No"
"USDA","2025","Rural Business-Cooperative Service (RBCS) Grant Programs and Cooperative Agreement Programs","","","No","No"
"USDA","2025","Rural Business-Cooperative Service (RBCS) Guaranteed Loan Programs","","","No","No"
"USDA","2025","Rural Business-Cooperative Service (RBCS) Payment Assistance","0","","Yes","No"
"USDA","2025","Rural Business-Cooperative Service (RBCS) Relending Programs","","","No","No"
"USDA","2025","Rural Development (RD) Salaries and Expenses (9002 BBMP)","0","","Yes","No"
"USDA","2025","Rural Development (RD) Salaries and Expenses","0","","Yes","No"
"USDA","2025","Rural Development Cooperative Agreement Program","","","No","No"
"USDA","2025","Rural Development Policy Public Service and Leadership Development Program","","","No","No"
"USDA","2025","Rural Housing Service (RHS) Community Facilities Community Program Grants","0","","Yes","No"
"USDA","2025","Rural Housing Service (RHS) Community Facilities Direct Loans","","","No","No"
"USDA","2025","Rural Housing Service (RHS) Community Facilities Guaranteed Loans","","","No","No"
"USDA","2025","Rural Housing Service (RHS) Farm Labor Housing Loans (Section 514) and Grants (Section 516)","","","No","No"
"USDA","2025","Rural Housing Service (RHS) Housing Loans and Grants - Other","","","No","No"
"USDA","2025","Rural Housing Service (RHS) Multi-Family Housing Guaranteed Loans (Section 538 Loans)","","","No","No"
"USDA","2025","Rural Housing Service (RHS) Multi-Family Housing Preservation and Revitalization Demo Program","","","No","No"
"USDA","2025","Rural Housing Service (RHS) Multi-Family Housing Rental Assistance Program","0","","Yes","No"
"USDA","2025","Rural Housing Service (RHS) Multi-Family Housing Rural Rental Housing Direct Loans (Section 515) (HIM Disasters)","0","","Yes","No"
"USDA","2025","Rural Housing Service (RHS) Multi-Family Housing Rural Rental Housing Direct Loans (Section 515)","","","No","No"
"USDA","2025","Rural Housing Service (RHS) Rural Community Development Initiative Grants","","","No","No"
"USDA","2025","Rural Housing Service (RHS) Single Family Housing Direct Loans","0","","Yes","No"
"USDA","2025","Rural Housing Service (RHS) Single Family Housing Guaranteed Loans","","","No","No"
"USDA","2025","Rural Housing Services (RHS) Multi-Family Housing Non-Profit Transfer Technical Assistance Grants","","","No","No"
"USDA","2025","Rural Utilities Service (RUS) Broadband Telecom Loans - Treasury Rate","","","No","No"
"USDA","2025","Rural Utilities Service (RUS) Community Connect Grants","","","No","No"
"USDA","2025","Rural Utilities Service (RUS) Congressional Earmarked Funds","","","No","No"
"USDA","2025","Rural Utilities Service (RUS) Electric Loan Programs - Direct Treasury Rate","","","No","No"
"USDA","2025","Rural Utilities Service (RUS) Electric Loan Programs FFB Guaranteed Loans","0","","Yes","No"
"USDA","2025","Rural Utilities Service (RUS) Grants - Other - Electric","","","No","No"
"USDA","2025","Rural Utilities Service (RUS) New Empowering Rural America (New ERA) Program","","","No","No"
"USDA","2025","Rural Utilities Service (RUS) Powering Affordable Clean Energy (PACE) Program","","","No","No"
"USDA","2025","Rural Utilities Service (RUS) Rural Energy Savings Program","","","No","No"
"USDA","2025","Rural Utilities Service (RUS) Rural Telecommunications - Distance Learning and Telemedicine","","","No","No"
"USDA","2025","Rural Utilities Service (RUS) Rural Telecommunications - Infrastructure Investment and Jobs Act","","","No","No"
"USDA","2025","Rural Utilities Service (RUS) Rural Telecommunications - ReConnect Program","","","No","No"
"USDA","2025","Rural Utilities Service (RUS) Rural Telecommunications Loans - FFB Telecom Loans","","","No","No"
"USDA","2025","Rural Utilities Service (RUS) Rural Telecommunications Loans - Treasury Telecom Loan","","","No","No"
"USDA","2025","Rural Utilities Service (RUS) Rural Utilities Electric Program - Direct 5%","","","No","No"
"USDA","2025","Rural Utilities Service (RUS) Rural Utilities Electric Program - Municipal Rate","","","No","No"
"USDA","2025","Rural Utilities Service (RUS) Water and Waste Disposal Loans and Grants Section 306C","0","","Yes","No"
"USDA","2025","Rural Utilities Service (RUS) Water and Waste Disposal Systems for Rural Communities Grants (HIM Disasters)","","","No","No"
"USDA","2025","Rural Utilities Service (RUS) Water and Waste Disposal Systems for Rural Communities Grants","","","No","No"
"USDA","2025","Rural Utilities Service (RUS) Water and Waste Disposal Systems for Rural Communities Loans","0","","Yes","No"
"USDA","2025","Rural Utilities Service (RUS) Water and Waste Guaranteed Loans","","","No","No"
"USDA","2025","Rural Utilities Service (RUS) WEP Technical Assistance - Revolving","","","No","No"
"USDA","2025","Salaries & Expenses","","","No","No"
"USDA","2025","School Breakfast Program","","","No","No"
"USDA","2025","School Nutrition Training Grants","","","No","No"
"USDA","2025","Scientific Cooperation and Research","","","No","No"
"USDA","2025","Scientific Cooperation Exchange Program with China","","","No","No"
"USDA","2025","Scientific Exchanges Program","","","No","No"
"USDA","2025","Senior Farmers Market Nutrition Program","0","","Yes","No"
"USDA","2025","SNAP Fraud Framework Implementation Grant","","","No","No"
"USDA","2025","SNAP Partnership Grant","","","No","No"
"USDA","2025","SNAP-Ed Toolkit","","","No","No"
"USDA","2025","Snow Survey and Water Supply Forecasting","","","No","No"
"USDA","2025","Socially Disadvantaged Farmers and Ranchers Policy Research Center","","","No","No"
"USDA","2025","Soil and Water Conservation","","","No","No"
"USDA","2025","Soil Survey","","","No","No"
"USDA","2025","Special Milk Program for Children","0","","Yes","No"
"USDA","2025","Spot Market Hog Pandemic Program (SMHPP)","","","No","No"
"USDA","2025","State Administrative Expenses for Child Nutrition","","","No","No"
"USDA","2025","State Administrative Matching Grants for the Supplemental Nutrition Assistance Program","","","No","No"
"USDA","2025","State Agency: Farm to School Program Training and Curricula","","","No","No"
"USDA","2025","State Mediation Grants","","","No","No"
"USDA","2025","Student Internship Programs","","","No","No"
"USDA","2025","Sugar Storage Facility Loans","","","No","No"
"USDA","2025","Summer Electronic Benefit Transfer Program for Children","0","","Yes","Yes"
"USDA","2025","Summer Food Service Program for Children","","","No","No"
"USDA","2025","Supplemental Nutrition Assistance Program (SNAP) Employment and Training (E&T) Data and Technical Assistance Grants","","","No","No"
"USDA","2025","Supplemental Nutrition Assistance Program","","","No","No"
"USDA","2025","Supplemental Nutrition Assistance Program, Process and Technology Improvement Grants","","","No","No"
"USDA","2025","Team Nutrition Grants","","","No","No"
"USDA","2025","Technical Agricultural Assistance","","","No","No"
"USDA","2025","Technical Assistance for Specialty Crops Program","","","No","No"
"USDA","2025","Technical Assistance to Cooperatives","","","No","No"
"USDA","2025","TEFAP CCC Eligible Recipient Funds","","","No","No"
"USDA","2025","Tree Assistance Program","","","No","No"
"USDA","2025","Tribal Agriculture Technical Assistance","","","No","No"
"USDA","2025","Tribal Food Sovereignty","","","No","No"
"USDA","2025","Tribal Youth & Workforce Development","","","No","No"
"USDA","2025","U.S. Codex Office Support for International Activities","","","No","No"
"USDA","2025","Urban Agriculture and Innovative Production Grants Program (UAIP)","","","No","No"
"USDA","2025","USDA Local and Regional Food Aid Procurement Program","","","No","No"
"USDA","2025","USDA WIC Telehealth Evaluation Collaborative","","","No","No"
"USDA","2025","Voluntary Public Access and Habitat Incentive Program","","","No","No"
"USDA","2025","Water Bank Program","","","No","No"
"USDA","2025","Water-Saving Commodities Grant","","","No","No"
"USDA","2025","Watershed Protection and Flood Prevention","","","No","No"
"USDA","2025","Watershed Rehabilitation Program","","","No","No"
"USDA","2025","Wetland Mitigation Banking Program","","","No","No"
"USDA","2025","WIC Farmers' Market Nutrition Program (FMNP)","","","No","No"
"USDA","2025","WIC Grants to States (WGS)","","","No","No"
"USDA","2025","WIC Special Supplemental Nutrition Program for Women, Infants, and Children","","","No","No"
"USDA","2025","Wildfires and Hurricanes Indemnity Program Plus","","","No","No"
"USDA","2025","Wildfires and Hurricanes Indemnity Program","","","No","No"
"USDA","2025","Wildlife Services","","","No","No"
"USIP","2025","Priority Grant Competition","","","No","No"
"USITC","2023","International Trade","0","","No","No"
"USITC","2024","Salaries and expenses - US International Trade Commission","0","","Yes","No"
"USITC","2025","Salaries and expenses - US International Trade Commission","0","","Yes","No"
"VA","2019","Office of Inspector General","","No","",""
"VA","2019","Veterans Benefits Administration (VBA) Spina Bifida (Chapter 18)","","No","",""
"VA","2019","Veterans Retraining and Assistance Program","","No","",""
"VA","2020","Alcohol and Drug Treatment Rehabilitation","","NO","",""
"VA","2020","Automobile Adaptive Equipment","","NO","",""
"VA","2020","Caregiver Support","","NO","",""
"VA","2020","Clothing Allowance","","NO","",""
"VA","2020","Education Service (State Approving Agencies)","","NO","",""
"VA","2020","Education Service Survivor and Dependents Education Assistance (Chapter 35)","","NO","",""
"VA","2020","Equipment","","NO","",""
"VA","2020","Facility Maintenance and Operations","","NO","",""
"VA","2020","Foreign Medical Program","","NO","",""
"VA","2020","Grants (Construction of State Extended Care Facilities)","","NO","",""
"VA","2020","Grants (Homeless Per Diem)","","NO","",""
"VA","2020","Healthcare for Homeless Veterans","","NO","",""
"VA","2020","Indian Health Services/Tribal Health Program","","NO","",""
"VA","2020","Land and Structures","","NO","",""
"VA","2020","Loan Guaranty (Loan Administration)","","NO","",""
"VA","2020","Loan Guaranty (Loan Production)","","NO","",""
"VA","2020","National Cemetery Administration (NCA) Burial","","NO","",""
"VA","2020","Non-Medical Contracts and Agreements","","NO","",""
"VA","2020","Office of Acquisition, Logistics and Construction (Major/Minor Construction)","","NO","",""
"VA","2020","Off-Station Provider Services","","NO","",""
"VA","2020","Other Contracts, Services, Agreements, and Miscellaneous","","NO","",""
"VA","2020","Pharmacy (Consolidated Mail Outpatient Pharmacies)","","NO","",""
"VA","2020","Spina Bifida Health Care","","NO","",""
"VA","2020","Transportation of Things","","NO","",""
"VA","2020","VA Wide Payroll","","NO","",""
"VA","2020","VA Wide Travel","","NO","",""
"VA","2020","Veterans Benefits Administration (VBA) Automobile Grants","","NO","",""
"VA","2020","Veterans Benefits Administration (VBA) General Operating Expense","","NO","",""
"VA","2020","Veterans Health Administration (VHA) Disaster Relief Funding (Hurricane Sandy)","","NO","",""
"VA","2020","Veterans Health Administration (VHA) Information Technology Services","","NO","",""
"VA","2020","Veterans Health Administration (VHA) Insurance Claims and Interest Expense","","NO","",""
"VA","2021","Alcohol and Drug Treatment Rehabilitation","","No","",""
"VA","2021","Caregiver Support","","No","",""
"VA","2021","Compensated Work Therapy","","No","",""
"VA","2021","Education (Reporting Fees)","","No","",""
"VA","2021","Education Service (Chapter 1606)","","No","",""
"VA","2021","Education Service Survivor and Dependents Education Assistance (Chapter 35)","","No","",""
"VA","2021","Equal Access to Justice Act","","No","",""
"VA","2021","Franchise Fund","","No","",""
"VA","2021","General Post Fund","","No","",""
"VA","2021","Grants (Construction of State Extended Care Facilities)","","No","",""
"VA","2021","Grants (Homeless Per Diem)","","No","",""
"VA","2021","Grants (Support Services for Veteran Families)","","No","",""
"VA","2021","Loan Guaranty (Direct Loans)","","No","",""
"VA","2021","Loan Guaranty (Loan Production)","","No","",""
"VA","2021","Loan Guaranty (Property Management)","","No","",""
"VA","2021","Medical and Prosthetic Research","","No","",""
"VA","2021","Montgomery GI Bill (Chapter 30)","","No","",""
"VA","2021","National Cemetery Administration (NCA) Burial","","No","",""
"VA","2021","National Service Life Insurance","","No","",""
"VA","2021","Office of Acquisition, Logistics and Construction (Major/Minor Construction)","","No","",""
"VA","2021","Office of Information & Technology","","No","",""
"VA","2021","Other Contracts, Services, Agreements, and Miscellaneous","","No","",""
"VA","2021","Pharmacy (Medical Facilities)","","No","",""
"VA","2021","Professional Services Contracts","","No","",""
"VA","2021","Service-Disabled Veterans Insurance","","No","",""
"VA","2021","Servicemembers' Group Life Insurance","","No","",""
"VA","2021","Shared Services","","No","",""
"VA","2021","Specially Adaptive Housing","","No","",""
"VA","2021","Spina Bifida Health Care","","No","",""
"VA","2021","Station 101 Accounting","","No","",""
"VA","2021","Supply Fund","","No","",""
"VA","2021","Veteran Readiness and Employment","","No","",""
"VA","2021","Veterans Benefits Administration (VBA) Burial","","No","",""
"VA","2021","Veterans Benefits Administration (VBA) General Operating Expense","","No","",""
"VA","2021","Veterans Health Administration (VHA) Disaster Relief Funding (Hurricane Sandy)","","No","",""
"VA","2021","Veterans Health Administration (VHA) Information Technology Services","","No","",""
"VA","2021","Veterans Insurance and Indemnities","","No","",""
"VA","2021","Veterans Reopened Insurance","","No","",""
"VA","2021","Veterans Special Life Insurance","","No","",""
"VA","2022","Alcohol and Drug Treatment Rehabilitation","0","No","",""
"VA","2022","Caregiver Support","0","No","",""
"VA","2022","Clothing Allowance","0","No","",""
"VA","2022","Compensated Work Therapy","0","No","",""
"VA","2022","Compensation","0","No","",""
"VA","2022","COVID-19 Office of Information & Technology","0","No","",""
"VA","2022","COVID-19 VA Wide Payroll","0","No","",""
"VA","2022","COVID-19 Veterans Benefits Administration (VBA) General Operating Expense","0","No","",""
"VA","2022","COVID-19 Veterans Health Administration (VHA) Supplemental Disbursements","0","No","",""
"VA","2022","Dependency and Indemnity Compensation","0","No","",""
"VA","2022","Education Service (Chapter 33)","0","No","",""
"VA","2022","Education Service Survivor and Dependents Education Assistance (Chapter 35)","0","No","",""
"VA","2022","Equal Access to Justice Act","0","No","",""
"VA","2022","Equipment","0","No","",""
"VA","2022","Facility Maintenance and Operations","0","No","",""
"VA","2022","Grants (Construction of State Extended Care Facilities)","0","No","",""
"VA","2022","Grants (Homeless Per Diem)","0","No","",""
"VA","2022","Grants (Support Services for Veteran Families)","0","No","",""
"VA","2022","Indian Health Services/Tribal Health Program","0","No","",""
"VA","2022","Land and Structures","0","No","",""
"VA","2022","Loan Guaranty (Direct Loans)","0","No","",""
"VA","2022","Loan Guaranty (Loan Administration)","0","No","",""
"VA","2022","Loan Guaranty (Loan Production)","0","No","",""
"VA","2022","Medical and Prosthetic Research","0","No","",""
"VA","2022","National Cemetery Administration (NCA) Burial","0","No","",""
"VA","2022","Non-Medical Contracts and Agreements","0","No","",""
"VA","2022","Office of Information & Technology","0","No","",""
"VA","2022","Office of Inspector General - Department of Veterans Affairs","0","No","",""
"VA","2022","Other Contracts, Services, Agreements, and Miscellaneous","0","No","",""
"VA","2022","Pharmacy (Consolidated Mail Outpatient Pharmacies)","0","No","",""
"VA","2022","Pharmacy (Medical Facilities)","0","No","",""
"VA","2022","Professional Services Contracts","0","No","",""
"VA","2022","Prosthetics","0","No","",""
"VA","2022","Service-Disabled Veterans Insurance","0","No","",""
"VA","2022","Shared Services","0","No","",""
"VA","2022","Specially Adaptive Housing","0","No","",""
"VA","2022","Spina Bifida Health Care","0","No","",""
"VA","2022","State Home Per Diem","0","No","",""
"VA","2022","Station 101 Accounting","0","No","",""
"VA","2022","Transportation of Things","0","No","",""
"VA","2022","Veteran Readiness and Employment","0","No","",""
"VA","2022","Veterans Benefits Administration (VBA) Burial","0","No","",""
"VA","2022","Veterans Benefits Administration (VBA) General Operating Expense","0","No","",""
"VA","2022","Veterans Benefits Administration (VBA) Spina Bifida (Chapter 18)","0","No","",""
"VA","2022","Veterans Health Administration (VHA) Information Technology Services","0","No","",""
"VA","2022","Veterans Health Administration (VHA) Insurance Claims and Interest Expense","0","No","",""
"VA","2022","Veterans Insurance and Indemnities","0","No","",""
"VA","2023","Alcohol and Drug Treatment Rehabilitation","0","","No","No"
"VA","2023","Automobile Adaptive Equipment","0","","Yes","No"
"VA","2023","Beneficiary Travel","0","","No","No"
"VA","2023","Caregiver Support","0","","Yes","No"
"VA","2023","Civilian Health and Medical Program of the VA (CHAMPVA)","0","","Yes","No"
"VA","2023","Clothing Allowance","0","","No","No"
"VA","2023","Communications, Utilities, and Other Rent","0","","No","No"
"VA","2023","Compensated Work Therapy","0","","No","No"
"VA","2023","Compensation","0","","Yes","No"
"VA","2023","COVID-19 Office of Information & Technology","0","","Yes","No"
"VA","2023","COVID-19 Veterans Benefits Administration (VBA) General Operating Expense","0","","Yes","No"
"VA","2023","COVID-19 Veterans Health Administration (VHA) Supplemental Disbursements","0","","No","No"
"VA","2023","Dependency and Indemnity Compensation","0","","Yes","No"
"VA","2023","Education Service (Chapter 1606)","0","","No","No"
"VA","2023","Education Service (Chapter 33)","0","","Yes","No"
"VA","2023","Education Service (State Approving Agencies)","0","","Yes","No"
"VA","2023","Education Service Survivor and Dependents Education Assistance (Chapter 35)","0","","No","No"
"VA","2023","Equal Access to Justice Act","0","","Yes","No"
"VA","2023","Equipment","0","","No","No"
"VA","2023","Facility Maintenance and Operations","0","","Yes","No"
"VA","2023","Foreign Medical Program","0","","Yes","No"
"VA","2023","Franchise Fund","0","","Yes","No"
"VA","2023","General Post Fund","0","","No","No"
"VA","2023","Grants (Construction of State Extended Care Facilities)","0","","Yes","No"
"VA","2023","Grants (Homeless Per Diem)","0","","No","No"
"VA","2023","Grants (Support Services for Veteran Families)","0","","No","No"
"VA","2023","Healthcare for Homeless Veterans","0","","Yes","No"
"VA","2023","Indian Health Services/Tribal Health Program","0","","Yes","No"
"VA","2023","Land and Structures","0","","No","No"
"VA","2023","Loan Guaranty (Direct Loans)","0","","Yes","No"
"VA","2023","Loan Guaranty (Loan Administration)","0","","Yes","No"
"VA","2023","Loan Guaranty (Loan Production)","0","","Yes","No"
"VA","2023","Loan Guaranty (Property Management)","0","","No","No"
"VA","2023","Medical and Prosthetic Research","0","","No","No"
"VA","2023","Medical Care Contracts and Agreements","0","","No","No"
"VA","2023","Montgomery GI Bill (Chapter 30)","0","","No","No"
"VA","2023","National Cemetery Administration (NCA) Burial","0","","Yes","No"
"VA","2023","National Service Life Insurance","0","","No","No"
"VA","2023","National Veterans Sports Programs & Special Events","0","","Yes","No"
"VA","2023","Non-Medical Contracts and Agreements","0","","No","No"
"VA","2023","Office of Acquisition, Logistics and Construction (Major/Minor Construction)","0","","No","No"
"VA","2023","Office of Information & Technology","0","","No","No"
"VA","2023","Office of Inspector General - Department of Veterans Affairs","0","","No","No"
"VA","2023","Other Contracts, Services, Agreements, and Miscellaneous","0","","No","No"
"VA","2023","Pension","0","","No","No"
"VA","2023","Pharmacy (Consolidated Mail Outpatient Pharmacies)","0","","No","No"
"VA","2023","Pharmacy (Medical Facilities)","0","","No","No"
"VA","2023","Professional Services Contracts","0","","No","No"
"VA","2023","Prosthetics","0","","No","No"
"VA","2023","Purchased Long Term Services and Supports","0","","No","No"
"VA","2023","Service-Disabled Veterans Insurance","0","","No","No"
"VA","2023","Servicemembers' Group Life Insurance","0","","No","No"
"VA","2023","Shared Services","0","","No","No"
"VA","2023","Specially Adaptive Housing","0","","Yes","No"
"VA","2023","Spina Bifida Health Care","0","","No","No"
"VA","2023","State Home Per Diem","0","","No","No"
"VA","2023","Station 101 Accounting","0","","Yes","No"
"VA","2023","Supplies and Materials","0","","No","No"
"VA","2023","Supply Fund","0","","Yes","No"
"VA","2023","Transportation of Things","0","","Yes","No"
"VA","2023","VA Community Care","0","","No","No"
"VA","2023","VA Wide Payroll","0","","Yes","No"
"VA","2023","VA Wide Travel","0","","Yes","No"
"VA","2023","Veteran Readiness and Employment","0","","No","No"
"VA","2023","Veterans Benefits Administration (VBA) Burial","0","","No","No"
"VA","2023","Veterans Benefits Administration (VBA) General Operating Expense","0","","Yes","No"
"VA","2023","Veterans Benefits Administration (VBA) Spina Bifida (Chapter 18)","0","","No","No"
"VA","2023","Veterans Health Administration (VHA) Disaster Relief Funding","0","","Yes","No"
"VA","2023","Veterans Health Administration (VHA) Information Technology Services","0","","Yes","No"
"VA","2023","Veterans Health Administration (VHA) Insurance Claims and Interest Expense","0","","No","No"
"VA","2023","Veterans Insurance and Indemnities","0","","No","No"
"VA","2023","Veterans Reopened Insurance","0","","No","No"
"VA","2023","Veterans Special Life Insurance","0","","No","No"
"VA","2024","Alcohol and Drug Treatment Rehabilitation","0","","Yes","No"
"VA","2024","Automobile Adaptive Equipment","0","","No","No"
"VA","2024","Caregiver Support","0","","Yes","No"
"VA","2024","Civilian Health and Medical Program of the VA (CHAMPVA)","0","","No","No"
"VA","2024","Clothing Allowance","0","","No","No"
"VA","2024","Communications, Utilities, and Other Rent","0","","No","No"
"VA","2024","Compensated Work Therapy","0","","No","No"
"VA","2024","Compensation","0","","Yes","Yes"
"VA","2024","COVID-19 Office of Information & Technology","0","","No","No"
"VA","2024","COVID-19 Veterans Benefits Administration (VBA) General Operating Expense","0","","No","No"
"VA","2024","COVID-19 Veterans Health Administration (VHA) Supplemental Disbursements","0","","No","No"
"VA","2024","Dependency and Indemnity Compensation","0","","No","No"
"VA","2024","Education Service (Chapter 1606)","0","","Yes","No"
"VA","2024","Education Service (Chapter 33)","0","","Yes","No"
"VA","2024","Education Service (State Approving Agencies)","0","","No","No"
"VA","2024","Education Service Survivor and Dependents Education Assistance (Chapter 35)","0","","Yes","No"
"VA","2024","Equal Access to Justice Act","0","","No","No"
"VA","2024","Equipment","0","","No","No"
"VA","2024","Facility Maintenance and Operations","0","","No","No"
"VA","2024","Foreign Medical Program","0","","No","No"
"VA","2024","Franchise Fund","0","","No","No"
"VA","2024","General Post Fund","0","","Yes","No"
"VA","2024","Grants (Construction of State Extended Care Facilities)","0","","No","No"
"VA","2024","Grants (Homeless Per Diem)","0","","Yes","No"
"VA","2024","Grants (Suicide Prevention Grant Program)","0","","No","No"
"VA","2024","Grants (Support Services for Veteran Families)","0","","Yes","No"
"VA","2024","Healthcare for Homeless Veterans","0","","No","No"
"VA","2024","Indian Health Services/Tribal Health Program","0","","No","No"
"VA","2024","Land and Structures","0","","No","No"
"VA","2024","Loan Guaranty (Loan Administration)","0","","Yes","No"
"VA","2024","Loan Guaranty (Loan Production)","0","","Yes","No"
"VA","2024","Loan Guaranty (Property Management)","0","","Yes","No"
"VA","2024","Medical and Prosthetic Research","0","","No","No"
"VA","2024","Medical Care Contracts and Agreements","0","","No","No"
"VA","2024","Montgomery GI Bill (Chapter 30)","0","","Yes","No"
"VA","2024","National Cemetery Administration (NCA) Burial","0","","No","No"
"VA","2024","National Service Life Insurance","0","","Yes","No"
"VA","2024","National Veterans Sports Programs & Special Events","0","","No","No"
"VA","2024","Non-Medical Contracts and Agreements","0","","No","No"
"VA","2024","Office of Acquisition, Logistics and Construction (Major/Minor Construction)","0","","Yes","No"
"VA","2024","Office of Information & Technology","0","","Yes","No"
"VA","2024","Office of Inspector General - Department of Veterans Affairs","0","","No","No"
"VA","2024","Off-Station Provider Services","0","","Yes","No"
"VA","2024","Other Contracts, Services, Agreements, and Miscellaneous","0","","Yes","No"
"VA","2024","Pension","0","","No","No"
"VA","2024","Pharmacy (Consolidated Mail Outpatient Pharmacies)","0","","No","No"
"VA","2024","Pharmacy (Medical Facilities)","0","","No","No"
"VA","2024","Professional Services Contracts","0","","No","No"
"VA","2024","Prosthetics","0","","No","No"
"VA","2024","Purchased Long Term Services and Supports","0","","No","No"
"VA","2024","Reimbursement (GOE/IT/VHA","0","","No","No"
"VA","2024","Service-Disabled Veterans Insurance","0","","No","No"
"VA","2024","Servicemembers' Group Life Insurance","0","","Yes","No"
"VA","2024","Shared Services","0","","No","No"
"VA","2024","Specially Adaptive Housing","0","","No","No"
"VA","2024","Spina Bifida Health Care","0","","No","No"
"VA","2024","State Home Per Diem","0","","No","No"
"VA","2024","Station 101 Accounting","0","","No","No"
"VA","2024","Supplies and Materials","0","","No","No"
"VA","2024","Supply Fund","0","","No","No"
"VA","2024","Transportation of Things","0","","No","No"
"VA","2024","VA Community Care","0","","No","No"
"VA","2024","VA Wide Payroll","0","","Yes","No"
"VA","2024","VA Wide Travel","0","","No","No"
"VA","2024","Veteran Rapid Retraining Assistance Program (VRRAP)","0","","No","No"
"VA","2024","Veteran Readiness and Employment","0","","Yes","No"
"VA","2024","Veterans Benefits Administration (VBA) Burial","0","","No","No"
"VA","2024","Veterans Benefits Administration (VBA) General Operating Expense","0","","Yes","No"
"VA","2024","Veterans Benefits Administration (VBA) Spina Bifida (Chapter 18)","0","","No","No"
"VA","2024","Veterans Health Administration (VHA) Information Technology Services","0","","No","No"
"VA","2024","Veterans Health Administration (VHA) Insurance Claims and Interest Expense","0","","Yes","No"
"VA","2024","Veterans Insurance and Indemnities","0","","No","No"
"VA","2024","Veterans Special Life Insurance","0","","Yes","No"
"VA","2025","Activities with Other Federal Agencies","0","","Yes","No"
"VA","2025","Automobile Adaptive Equipment","","","No","No"
"VA","2025","Beneficiary Travel","","","No","No"
"VA","2025","Camp Lejeune Health Care Benefits","","","No","No"
"VA","2025","Canteen Service","","","No","No"
"VA","2025","Caregiver Support","","","No","No"
"VA","2025","Civilian Health and Medical Program of the VA (CHAMPVA)","","","No","No"
"VA","2025","Clothing Allowance","0","","Yes","No"
"VA","2025","Communications, Utilities, and Other Rent","","","No","No"
"VA","2025","Compensated Work Therapy","0","","Yes","No"
"VA","2025","Compensation","","","No","No"
"VA","2025","COVID-19 Office of Information & Technology","","","No","No"
"VA","2025","COVID-19 VA Wide Payroll","","","No","No"
"VA","2025","COVID-19 VA Wide Travel","","","No","No"
"VA","2025","COVID-19 Veterans Benefits Administration (VBA) General Operating Expense","","","No","No"
"VA","2025","COVID-19 Veterans Health Administration (VHA) Supplemental Disbursements","0","","Yes","No"
"VA","2025","Dependency and Indemnity Compensation","","","No","No"
"VA","2025","DoD/VA Joint Incentive Fund","","","No","No"
"VA","2025","Education Service (Chapter 1606)","","","No","No"
"VA","2025","Education Service (Chapter 1607)","","","No","No"
"VA","2025","Education Service (Chapter 33)","","","No","No"
"VA","2025","Education Service (State Approving Agencies)","","","No","No"
"VA","2025","Education Service Survivor and Dependents Education Assistance (Chapter 35)","0","","Yes","No"
"VA","2025","Equal Access to Justice Act","","","No","No"
"VA","2025","Equipment","0","","Yes","No"
"VA","2025","Facility Maintenance and Operations","","","No","No"
"VA","2025","Foreign Medical Program","","","No","No"
"VA","2025","Franchise Fund","","","No","No"
"VA","2025","General Post Fund","","","No","No"
"VA","2025","Grants (Construction of State Extended Care Facilities)","","","No","No"
"VA","2025","Grants (Highly Rural Transportation)","","","No","No"
"VA","2025","Grants (Homeless Per Diem)","","","No","No"
"VA","2025","Grants (Suicide Prevention Grant Program)","0","","Yes","No"
"VA","2025","Grants (Support Services for Veteran Families)","","","No","No"
"VA","2025","Healthcare for Homeless Veterans","","","No","No"
"VA","2025","Housing Program Fund","","","No","No"
"VA","2025","Indian Health Services/Tribal Health Program","","","No","No"
"VA","2025","Land and Structures","0","","Yes","No"
"VA","2025","Loan Guaranty (Direct Loans)","","","No","No"
"VA","2025","Loan Guaranty (Loan Administration)","","","No","No"
"VA","2025","Loan Guaranty (Loan Production)","","","No","No"
"VA","2025","Loan Guaranty (Loan Sales)","","","No","No"
"VA","2025","Loan Guaranty (Property Management)","","","No","No"
"VA","2025","Medical and Prosthetic Research","0","","Yes","No"
"VA","2025","Medical Care Contracts and Agreements","","","No","No"
"VA","2025","Montgomery GI Bill (Chapter 30)","","","No","No"
"VA","2025","National Cemetery Administration (NCA) Burial","0","","Yes","No"
"VA","2025","National Service Life Insurance","","","No","No"
"VA","2025","National Veterans Sports Programs & Special Events","","","No","No"
"VA","2025","Native American Direct Loan (NADL) Program","","","No","No"
"VA","2025","Non-Medical Contracts and Agreements","0","","Yes","No"
"VA","2025","Office of Acquisition, Logistics and Construction (Major/Minor Construction)","","","No","No"
"VA","2025","Office of Information & Technology","","","No","No"
"VA","2025","Office of Inspector General - Department of Veterans Affairs","0","","Yes","No"
"VA","2025","Other Contracts, Services, Agreements, and Miscellaneous","","","No","No"
"VA","2025","Pension","","","No","No"
"VA","2025","Pharmacy (Consolidated Mail Outpatient Pharmacies)","0","","Yes","No"
"VA","2025","Pharmacy (Medical Facilities)","0","","Yes","No"
"VA","2025","Post Vietnam Era Education","","","No","No"
"VA","2025","Professional Services Contracts","0","","Yes","No"
"VA","2025","Prosthetics","0","","Yes","No"
"VA","2025","Purchased Long Term Services and Supports","","","No","No"
"VA","2025","SAH Tech Grants","","","No","No"
"VA","2025","Service-Disabled Veterans Insurance","0","","Yes","No"
"VA","2025","Servicemembers' Group Life Insurance","","","No","No"
"VA","2025","Shared Services","0","","Yes","No"
"VA","2025","Specially Adaptive Housing","","","No","No"
"VA","2025","Spina Bifida Health Care","0","","Yes","No"
"VA","2025","State Home Per Diem","0","","Yes","No"
"VA","2025","Station 101 Accounting","0","","Yes","No"
"VA","2025","Supplies and Materials","","","No","No"
"VA","2025","Supply Fund","0","","Yes","No"
"VA","2025","The Filipino Veteran Equity Compensation","","","No","No"
"VA","2025","Transportation of Things","","","No","No"
"VA","2025","United States Government Life Insurance","","","No","No"
"VA","2025","VA Community Care","","","No","No"
"VA","2025","VA Wide Payroll","0","","Yes","No"
"VA","2025","VA Wide Travel","0","","Yes","No"
"VA","2025","Veteran Rapid Retraining Assistance Program (VRRAP)","0","","Yes","No"
"VA","2025","Veteran Readiness and Employment","","","No","No"
"VA","2025","Veterans Affairs Life Insurance","","","No","No"
"VA","2025","Veterans Benefits Administration (VBA) Automobile Grants","","","No","No"
"VA","2025","Veterans Benefits Administration (VBA) Burial","0","","Yes","No"
"VA","2025","Veterans Benefits Administration (VBA) General Operating Expense","","","No","No"
"VA","2025","Veterans Benefits Administration (VBA) Spina Bifida (Chapter 18)","0","","Yes","No"
"VA","2025","Veterans Health Administration (VHA) Information Technology Services","","","No","No"
"VA","2025","Veterans Health Administration (VHA) Insurance Claims and Interest Expense","","","No","No"
"VA","2025","Veterans Insurance and Indemnities","0","","Yes","No"
"VA","2025","Veterans Reopened Insurance","","","No","No"
"VA","2025","Veterans Special Life Insurance","","","No","No"
"VA","2025","VRE Loan Program Fund","","","No","No"